date,total_vaccinations,people_vaccinated,people_fully_vaccinated,vaccine,location,source_url,total_boosters
2020-12-27,251,251,0,Pfizer/BioNTech,France,https://www.data.gouv.fr/fr/datasets/donnees-relatives-aux-personnes-vaccinees-contre-la-covid-19-1/,
2020-12-28,518,518,0,Pfizer/BioNTech,France,https://www.data.gouv.fr/fr/datasets/donnees-relatives-aux-personnes-vaccinees-contre-la-covid-19-1/,
2020-12-29,714,714,0,Pfizer/BioNTech,France,https://www.data.gouv.fr/fr/datasets/donnees-relatives-aux-personnes-vaccinees-contre-la-covid-19-1/,
2020-12-30,955,955,0,Pfizer/BioNTech,France,https://www.data.gouv.fr/fr/datasets/donnees-relatives-aux-personnes-vaccinees-contre-la-covid-19-1/,
2020-12-31,1138,1138,0,Pfizer/BioNTech,France,https://www.data.gouv.fr/fr/datasets/donnees-relatives-aux-personnes-vaccinees-contre-la-covid-19-1/,
2021-01-01,1334,1334,0,Pfizer/BioNTech,France,https://www.data.gouv.fr/fr/datasets/donnees-relatives-aux-personnes-vaccinees-contre-la-covid-19-1/,
2021-01-02,1489,1489,0,Pfizer/BioNTech,France,https://www.data.gouv.fr/fr/datasets/donnees-relatives-aux-personnes-vaccinees-contre-la-covid-19-1/,
2021-01-03,1680,1680,0,Pfizer/BioNTech,France,https://www.data.gouv.fr/fr/datasets/donnees-relatives-aux-personnes-vaccinees-contre-la-covid-19-1/,
2021-01-04,3323,3323,0,Pfizer/BioNTech,France,https://www.data.gouv.fr/fr/datasets/donnees-relatives-aux-personnes-vaccinees-contre-la-covid-19-1/,
2021-01-05,8930,8930,0,Pfizer/BioNTech,France,https://www.data.gouv.fr/fr/datasets/donnees-relatives-aux-personnes-vaccinees-contre-la-covid-19-1/,
2021-01-06,20433,20433,0,Pfizer/BioNTech,France,https://www.data.gouv.fr/fr/datasets/donnees-relatives-aux-personnes-vaccinees-contre-la-covid-19-1/,
2021-01-07,49372,49372,0,Pfizer/BioNTech,France,https://www.data.gouv.fr/fr/datasets/donnees-relatives-aux-personnes-vaccinees-contre-la-covid-19-1/,
2021-01-08,85994,85994,0,Pfizer/BioNTech,France,https://www.data.gouv.fr/fr/datasets/donnees-relatives-aux-personnes-vaccinees-contre-la-covid-19-1/,
2021-01-09,97028,97028,0,Pfizer/BioNTech,France,https://www.data.gouv.fr/fr/datasets/donnees-relatives-aux-personnes-vaccinees-contre-la-covid-19-1/,
2021-01-10,102759,102759,0,Pfizer/BioNTech,France,https://www.data.gouv.fr/fr/datasets/donnees-relatives-aux-personnes-vaccinees-contre-la-covid-19-1/,
2021-01-11,142262,142262,0,Pfizer/BioNTech,France,https://www.data.gouv.fr/fr/datasets/donnees-relatives-aux-personnes-vaccinees-contre-la-covid-19-1/,
2021-01-12,203773,203773,0,Pfizer/BioNTech,France,https://www.data.gouv.fr/fr/datasets/donnees-relatives-aux-personnes-vaccinees-contre-la-covid-19-1/,
2021-01-13,268228,268228,0,Pfizer/BioNTech,France,https://www.data.gouv.fr/fr/datasets/donnees-relatives-aux-personnes-vaccinees-contre-la-covid-19-1/,
2021-01-14,349576,349576,0,"Moderna, Pfizer/BioNTech",France,https://www.data.gouv.fr/fr/datasets/donnees-relatives-aux-personnes-vaccinees-contre-la-covid-19-1/,
2021-01-15,417882,417882,0,"Moderna, Pfizer/BioNTech",France,https://www.data.gouv.fr/fr/datasets/donnees-relatives-aux-personnes-vaccinees-contre-la-covid-19-1/,
2021-01-16,437903,437826,77,"Moderna, Pfizer/BioNTech",France,https://www.data.gouv.fr/fr/datasets/donnees-relatives-aux-personnes-vaccinees-contre-la-covid-19-1/,
2021-01-17,448610,448491,119,"Moderna, Pfizer/BioNTech",France,https://www.data.gouv.fr/fr/datasets/donnees-relatives-aux-personnes-vaccinees-contre-la-covid-19-1/,
2021-01-18,533923,533643,280,"Moderna, Pfizer/BioNTech",France,https://www.data.gouv.fr/fr/datasets/donnees-relatives-aux-personnes-vaccinees-contre-la-covid-19-1/,
2021-01-19,663734,663329,405,"Moderna, Pfizer/BioNTech",France,https://www.data.gouv.fr/fr/datasets/donnees-relatives-aux-personnes-vaccinees-contre-la-covid-19-1/,
2021-01-20,800434,799873,561,"Moderna, Pfizer/BioNTech",France,https://www.data.gouv.fr/fr/datasets/donnees-relatives-aux-personnes-vaccinees-contre-la-covid-19-1/,
2021-01-21,957615,956922,693,"Moderna, Pfizer/BioNTech",France,https://www.data.gouv.fr/fr/datasets/donnees-relatives-aux-personnes-vaccinees-contre-la-covid-19-1/,
2021-01-22,1077819,1076966,853,"Moderna, Pfizer/BioNTech",France,https://www.data.gouv.fr/fr/datasets/donnees-relatives-aux-personnes-vaccinees-contre-la-covid-19-1/,
2021-01-23,1115976,1115073,903,"Moderna, Pfizer/BioNTech",France,https://www.data.gouv.fr/fr/datasets/donnees-relatives-aux-personnes-vaccinees-contre-la-covid-19-1/,
2021-01-24,1125504,1124574,930,"Moderna, Pfizer/BioNTech",France,https://www.data.gouv.fr/fr/datasets/donnees-relatives-aux-personnes-vaccinees-contre-la-covid-19-1/,
2021-01-25,1204250,1202105,2145,"Moderna, Pfizer/BioNTech",France,https://www.data.gouv.fr/fr/datasets/donnees-relatives-aux-personnes-vaccinees-contre-la-covid-19-1/,
2021-01-26,1307035,1301782,5253,"Moderna, Pfizer/BioNTech",France,https://www.data.gouv.fr/fr/datasets/donnees-relatives-aux-personnes-vaccinees-contre-la-covid-19-1/,
2021-01-27,1419136,1408290,10846,"Moderna, Pfizer/BioNTech",France,https://www.data.gouv.fr/fr/datasets/donnees-relatives-aux-personnes-vaccinees-contre-la-covid-19-1/,
2021-01-28,1556988,1531786,25202,"Moderna, Pfizer/BioNTech",France,https://www.data.gouv.fr/fr/datasets/donnees-relatives-aux-personnes-vaccinees-contre-la-covid-19-1/,
2021-01-29,1665761,1623277,42484,"Moderna, Pfizer/BioNTech",France,https://www.data.gouv.fr/fr/datasets/donnees-relatives-aux-personnes-vaccinees-contre-la-covid-19-1/,
2021-01-30,1698853,1652146,46707,"Moderna, Pfizer/BioNTech",France,https://www.data.gouv.fr/fr/datasets/donnees-relatives-aux-personnes-vaccinees-contre-la-covid-19-1/,
2021-01-31,1705546,1657160,48386,"Moderna, Pfizer/BioNTech",France,https://www.data.gouv.fr/fr/datasets/donnees-relatives-aux-personnes-vaccinees-contre-la-covid-19-1/,
2021-02-01,1778738,1709232,69506,"Moderna, Pfizer/BioNTech",France,https://www.data.gouv.fr/fr/datasets/donnees-relatives-aux-personnes-vaccinees-contre-la-covid-19-1/,
2021-02-02,1884671,1780608,104063,"Moderna, Pfizer/BioNTech",France,https://www.data.gouv.fr/fr/datasets/donnees-relatives-aux-personnes-vaccinees-contre-la-covid-19-1/,
2021-02-03,1993189,1852171,141018,"Moderna, Pfizer/BioNTech",France,https://www.data.gouv.fr/fr/datasets/donnees-relatives-aux-personnes-vaccinees-contre-la-covid-19-1/,
2021-02-04,2124466,1933405,191061,"Moderna, Pfizer/BioNTech",France,https://www.data.gouv.fr/fr/datasets/donnees-relatives-aux-personnes-vaccinees-contre-la-covid-19-1/,
2021-02-05,2237403,2001013,236390,"Moderna, Pfizer/BioNTech",France,https://www.data.gouv.fr/fr/datasets/donnees-relatives-aux-personnes-vaccinees-contre-la-covid-19-1/,
2021-02-06,2269620,2022834,246786,"Moderna, Oxford/AstraZeneca, Pfizer/BioNTech",France,https://www.data.gouv.fr/fr/datasets/donnees-relatives-aux-personnes-vaccinees-contre-la-covid-19-1/,
2021-02-07,2279609,2027782,251827,"Moderna, Oxford/AstraZeneca, Pfizer/BioNTech",France,https://www.data.gouv.fr/fr/datasets/donnees-relatives-aux-personnes-vaccinees-contre-la-covid-19-1/,
2021-02-08,2371817,2074020,297797,"Moderna, Oxford/AstraZeneca, Pfizer/BioNTech",France,https://www.data.gouv.fr/fr/datasets/donnees-relatives-aux-personnes-vaccinees-contre-la-covid-19-1/,
2021-02-09,2509575,2139380,370195,"Moderna, Oxford/AstraZeneca, Pfizer/BioNTech",France,https://www.data.gouv.fr/fr/datasets/donnees-relatives-aux-personnes-vaccinees-contre-la-covid-19-1/,
2021-02-10,2656247,2209334,446913,"Moderna, Oxford/AstraZeneca, Pfizer/BioNTech",France,https://www.data.gouv.fr/fr/datasets/donnees-relatives-aux-personnes-vaccinees-contre-la-covid-19-1/,
2021-02-11,2841757,2295707,546050,"Moderna, Oxford/AstraZeneca, Pfizer/BioNTech",France,https://www.data.gouv.fr/fr/datasets/donnees-relatives-aux-personnes-vaccinees-contre-la-covid-19-1/,
2021-02-12,2994346,2374085,620261,"Moderna, Oxford/AstraZeneca, Pfizer/BioNTech",France,https://www.data.gouv.fr/fr/datasets/donnees-relatives-aux-personnes-vaccinees-contre-la-covid-19-1/,
2021-02-13,3035725,2395981,639744,"Moderna, Oxford/AstraZeneca, Pfizer/BioNTech",France,https://www.data.gouv.fr/fr/datasets/donnees-relatives-aux-personnes-vaccinees-contre-la-covid-19-1/,
2021-02-14,3047645,2400710,646935,"Moderna, Oxford/AstraZeneca, Pfizer/BioNTech",France,https://www.data.gouv.fr/fr/datasets/donnees-relatives-aux-personnes-vaccinees-contre-la-covid-19-1/,
2021-02-15,3161562,2438127,723435,"Moderna, Oxford/AstraZeneca, Pfizer/BioNTech",France,https://www.data.gouv.fr/fr/datasets/donnees-relatives-aux-personnes-vaccinees-contre-la-covid-19-1/,
2021-02-16,3311902,2487746,824156,"Moderna, Oxford/AstraZeneca, Pfizer/BioNTech",France,https://www.data.gouv.fr/fr/datasets/donnees-relatives-aux-personnes-vaccinees-contre-la-covid-19-1/,
2021-02-17,3464634,2537493,927141,"Moderna, Oxford/AstraZeneca, Pfizer/BioNTech",France,https://www.data.gouv.fr/fr/datasets/donnees-relatives-aux-personnes-vaccinees-contre-la-covid-19-1/,
2021-02-18,3651972,2606316,1045656,"Moderna, Oxford/AstraZeneca, Pfizer/BioNTech",France,https://www.data.gouv.fr/fr/datasets/donnees-relatives-aux-personnes-vaccinees-contre-la-covid-19-1/,
2021-02-19,3807084,2670686,1136398,"Moderna, Oxford/AstraZeneca, Pfizer/BioNTech",France,https://www.data.gouv.fr/fr/datasets/donnees-relatives-aux-personnes-vaccinees-contre-la-covid-19-1/,
2021-02-20,3853716,2688897,1164819,"Moderna, Oxford/AstraZeneca, Pfizer/BioNTech",France,https://www.data.gouv.fr/fr/datasets/donnees-relatives-aux-personnes-vaccinees-contre-la-covid-19-1/,
2021-02-21,3863107,2691916,1171191,"Moderna, Oxford/AstraZeneca, Pfizer/BioNTech",France,https://www.data.gouv.fr/fr/datasets/donnees-relatives-aux-personnes-vaccinees-contre-la-covid-19-1/,
2021-02-22,3973101,2728772,1244329,"Moderna, Oxford/AstraZeneca, Pfizer/BioNTech",France,https://www.data.gouv.fr/fr/datasets/donnees-relatives-aux-personnes-vaccinees-contre-la-covid-19-1/,
2021-02-23,4110192,2781817,1328375,"Moderna, Oxford/AstraZeneca, Pfizer/BioNTech",France,https://www.data.gouv.fr/fr/datasets/donnees-relatives-aux-personnes-vaccinees-contre-la-covid-19-1/,
2021-02-24,4250267,2840778,1409489,"Moderna, Oxford/AstraZeneca, Pfizer/BioNTech",France,https://www.data.gouv.fr/fr/datasets/donnees-relatives-aux-personnes-vaccinees-contre-la-covid-19-1/,
2021-02-25,4441257,2940395,1500862,"Moderna, Oxford/AstraZeneca, Pfizer/BioNTech",France,https://www.data.gouv.fr/fr/datasets/donnees-relatives-aux-personnes-vaccinees-contre-la-covid-19-1/,
2021-02-26,4624824,3052953,1571871,"Moderna, Oxford/AstraZeneca, Pfizer/BioNTech",France,https://www.data.gouv.fr/fr/datasets/donnees-relatives-aux-personnes-vaccinees-contre-la-covid-19-1/,
2021-02-27,4698382,3104533,1593849,"Moderna, Oxford/AstraZeneca, Pfizer/BioNTech",France,https://www.data.gouv.fr/fr/datasets/donnees-relatives-aux-personnes-vaccinees-contre-la-covid-19-1/,
2021-02-28,4708653,3110391,1598262,"Moderna, Oxford/AstraZeneca, Pfizer/BioNTech",France,https://www.data.gouv.fr/fr/datasets/donnees-relatives-aux-personnes-vaccinees-contre-la-covid-19-1/,
2021-03-01,4825848,3174803,1651045,"Moderna, Oxford/AstraZeneca, Pfizer/BioNTech",France,https://www.data.gouv.fr/fr/datasets/donnees-relatives-aux-personnes-vaccinees-contre-la-covid-19-1/,
2021-03-02,4992332,3275037,1717295,"Moderna, Oxford/AstraZeneca, Pfizer/BioNTech",France,https://www.data.gouv.fr/fr/datasets/donnees-relatives-aux-personnes-vaccinees-contre-la-covid-19-1/,
2021-03-03,5172833,3389996,1782837,"Moderna, Oxford/AstraZeneca, Pfizer/BioNTech",France,https://www.data.gouv.fr/fr/datasets/donnees-relatives-aux-personnes-vaccinees-contre-la-covid-19-1/,
2021-03-04,5403900,3552185,1851715,"Moderna, Oxford/AstraZeneca, Pfizer/BioNTech",France,https://www.data.gouv.fr/fr/datasets/donnees-relatives-aux-personnes-vaccinees-contre-la-covid-19-1/,
2021-03-05,5666709,3751635,1915074,"Moderna, Oxford/AstraZeneca, Pfizer/BioNTech",France,https://www.data.gouv.fr/fr/datasets/donnees-relatives-aux-personnes-vaccinees-contre-la-covid-19-1/,
2021-03-06,5891369,3958482,1932887,"Moderna, Oxford/AstraZeneca, Pfizer/BioNTech",France,https://www.data.gouv.fr/fr/datasets/donnees-relatives-aux-personnes-vaccinees-contre-la-covid-19-1/,
2021-03-07,6017414,4079058,1938356,"Moderna, Oxford/AstraZeneca, Pfizer/BioNTech",France,https://www.data.gouv.fr/fr/datasets/donnees-relatives-aux-personnes-vaccinees-contre-la-covid-19-1/,
2021-03-08,6174144,4184995,1989149,"Moderna, Oxford/AstraZeneca, Pfizer/BioNTech",France,https://www.data.gouv.fr/fr/datasets/donnees-relatives-aux-personnes-vaccinees-contre-la-covid-19-1/,
2021-03-09,6402079,4356155,2045924,"Moderna, Oxford/AstraZeneca, Pfizer/BioNTech",France,https://www.data.gouv.fr/fr/datasets/donnees-relatives-aux-personnes-vaccinees-contre-la-covid-19-1/,
2021-03-10,6636542,4533412,2103130,"Moderna, Oxford/AstraZeneca, Pfizer/BioNTech",France,https://www.data.gouv.fr/fr/datasets/donnees-relatives-aux-personnes-vaccinees-contre-la-covid-19-1/,
2021-03-11,6940876,4774641,2166235,"Moderna, Oxford/AstraZeneca, Pfizer/BioNTech",France,https://www.data.gouv.fr/fr/datasets/donnees-relatives-aux-personnes-vaccinees-contre-la-covid-19-1/,
2021-03-12,7287611,5067858,2219753,"Moderna, Oxford/AstraZeneca, Pfizer/BioNTech",France,https://www.data.gouv.fr/fr/datasets/donnees-relatives-aux-personnes-vaccinees-contre-la-covid-19-1/,
2021-03-13,7533041,5297983,2235058,"Moderna, Oxford/AstraZeneca, Pfizer/BioNTech",France,https://www.data.gouv.fr/fr/datasets/donnees-relatives-aux-personnes-vaccinees-contre-la-covid-19-1/,
2021-03-14,7599235,5360743,2238492,"Moderna, Oxford/AstraZeneca, Pfizer/BioNTech",France,https://www.data.gouv.fr/fr/datasets/donnees-relatives-aux-personnes-vaccinees-contre-la-covid-19-1/,
2021-03-15,7789079,5517950,2271129,"Moderna, Oxford/AstraZeneca, Pfizer/BioNTech",France,https://www.data.gouv.fr/fr/datasets/donnees-relatives-aux-personnes-vaccinees-contre-la-covid-19-1/,
2021-03-16,7969002,5658348,2310654,"Moderna, Oxford/AstraZeneca, Pfizer/BioNTech",France,https://www.data.gouv.fr/fr/datasets/donnees-relatives-aux-personnes-vaccinees-contre-la-covid-19-1/,
2021-03-17,8157099,5807657,2349442,"Moderna, Oxford/AstraZeneca, Pfizer/BioNTech",France,https://www.data.gouv.fr/fr/datasets/donnees-relatives-aux-personnes-vaccinees-contre-la-covid-19-1/,
2021-03-18,8368148,5974084,2394064,"Moderna, Oxford/AstraZeneca, Pfizer/BioNTech",France,https://www.data.gouv.fr/fr/datasets/donnees-relatives-aux-personnes-vaccinees-contre-la-covid-19-1/,
2021-03-19,8634215,6202680,2431535,"Moderna, Oxford/AstraZeneca, Pfizer/BioNTech",France,https://www.data.gouv.fr/fr/datasets/donnees-relatives-aux-personnes-vaccinees-contre-la-covid-19-1/,
2021-03-20,8811725,6368407,2443318,"Moderna, Oxford/AstraZeneca, Pfizer/BioNTech",France,https://www.data.gouv.fr/fr/datasets/donnees-relatives-aux-personnes-vaccinees-contre-la-covid-19-1/,
2021-03-21,8863619,6417675,2445944,"Moderna, Oxford/AstraZeneca, Pfizer/BioNTech",France,https://www.data.gouv.fr/fr/datasets/donnees-relatives-aux-personnes-vaccinees-contre-la-covid-19-1/,
2021-03-22,9066522,6586295,2480227,"Moderna, Oxford/AstraZeneca, Pfizer/BioNTech",France,https://www.data.gouv.fr/fr/datasets/donnees-relatives-aux-personnes-vaccinees-contre-la-covid-19-1/,
2021-03-23,9357662,6835034,2522628,"Moderna, Oxford/AstraZeneca, Pfizer/BioNTech",France,https://www.data.gouv.fr/fr/datasets/donnees-relatives-aux-personnes-vaccinees-contre-la-covid-19-1/,
2021-03-24,9656806,7090332,2566474,"Moderna, Oxford/AstraZeneca, Pfizer/BioNTech",France,https://www.data.gouv.fr/fr/datasets/donnees-relatives-aux-personnes-vaccinees-contre-la-covid-19-1/,
2021-03-25,10041737,7430513,2611224,"Moderna, Oxford/AstraZeneca, Pfizer/BioNTech",France,https://www.data.gouv.fr/fr/datasets/donnees-relatives-aux-personnes-vaccinees-contre-la-covid-19-1/,
2021-03-26,10440938,7787813,2653125,"Moderna, Oxford/AstraZeneca, Pfizer/BioNTech",France,https://www.data.gouv.fr/fr/datasets/donnees-relatives-aux-personnes-vaccinees-contre-la-covid-19-1/,
2021-03-27,10651916,7982142,2669774,"Moderna, Oxford/AstraZeneca, Pfizer/BioNTech",France,https://www.data.gouv.fr/fr/datasets/donnees-relatives-aux-personnes-vaccinees-contre-la-covid-19-1/,
2021-03-28,10714471,8040965,2673506,"Moderna, Oxford/AstraZeneca, Pfizer/BioNTech",France,https://www.data.gouv.fr/fr/datasets/donnees-relatives-aux-personnes-vaccinees-contre-la-covid-19-1/,
2021-03-29,10970596,8242803,2727793,"Moderna, Oxford/AstraZeneca, Pfizer/BioNTech",France,https://www.data.gouv.fr/fr/datasets/donnees-relatives-aux-personnes-vaccinees-contre-la-covid-19-1/,
2021-03-30,11324164,8526686,2797478,"Moderna, Oxford/AstraZeneca, Pfizer/BioNTech",France,https://www.data.gouv.fr/fr/datasets/donnees-relatives-aux-personnes-vaccinees-contre-la-covid-19-1/,
2021-03-31,11658550,8788140,2870410,"Moderna, Oxford/AstraZeneca, Pfizer/BioNTech",France,https://www.data.gouv.fr/fr/datasets/donnees-relatives-aux-personnes-vaccinees-contre-la-covid-19-1/,
2021-04-01,12059108,9100877,2958231,"Moderna, Oxford/AstraZeneca, Pfizer/BioNTech",France,https://www.data.gouv.fr/fr/datasets/donnees-relatives-aux-personnes-vaccinees-contre-la-covid-19-1/,
2021-04-02,12431027,9380657,3050370,"Moderna, Oxford/AstraZeneca, Pfizer/BioNTech",France,https://www.data.gouv.fr/fr/datasets/donnees-relatives-aux-personnes-vaccinees-contre-la-covid-19-1/,
2021-04-03,12632946,9520716,3112230,"Moderna, Oxford/AstraZeneca, Pfizer/BioNTech",France,https://www.data.gouv.fr/fr/datasets/donnees-relatives-aux-personnes-vaccinees-contre-la-covid-19-1/,
2021-04-04,12696906,9566011,3130895,"Moderna, Oxford/AstraZeneca, Pfizer/BioNTech",France,https://www.data.gouv.fr/fr/datasets/donnees-relatives-aux-personnes-vaccinees-contre-la-covid-19-1/,
2021-04-05,12767417,9625517,3141900,"Moderna, Oxford/AstraZeneca, Pfizer/BioNTech",France,https://www.data.gouv.fr/fr/datasets/donnees-relatives-aux-personnes-vaccinees-contre-la-covid-19-1/,
2021-04-06,13090605,9840838,3249767,"Moderna, Oxford/AstraZeneca, Pfizer/BioNTech",France,https://www.data.gouv.fr/fr/datasets/donnees-relatives-aux-personnes-vaccinees-contre-la-covid-19-1/,
2021-04-07,13464213,10098985,3365228,"Moderna, Oxford/AstraZeneca, Pfizer/BioNTech",France,https://www.data.gouv.fr/fr/datasets/donnees-relatives-aux-personnes-vaccinees-contre-la-covid-19-1/,
2021-04-08,13921043,10434385,3486658,"Moderna, Oxford/AstraZeneca, Pfizer/BioNTech",France,https://www.data.gouv.fr/fr/datasets/donnees-relatives-aux-personnes-vaccinees-contre-la-covid-19-1/,
2021-04-09,14445479,10842323,3603156,"Moderna, Oxford/AstraZeneca, Pfizer/BioNTech",France,https://www.data.gouv.fr/fr/datasets/donnees-relatives-aux-personnes-vaccinees-contre-la-covid-19-1/,
2021-04-10,14739685,11053775,3685910,"Moderna, Oxford/AstraZeneca, Pfizer/BioNTech",France,https://www.data.gouv.fr/fr/datasets/donnees-relatives-aux-personnes-vaccinees-contre-la-covid-19-1/,
2021-04-11,14829693,11109188,3720505,"Moderna, Oxford/AstraZeneca, Pfizer/BioNTech",France,https://www.data.gouv.fr/fr/datasets/donnees-relatives-aux-personnes-vaccinees-contre-la-covid-19-1/,
2021-04-12,15180323,11344592,3835731,"Moderna, Oxford/AstraZeneca, Pfizer/BioNTech",France,https://www.data.gouv.fr/fr/datasets/donnees-relatives-aux-personnes-vaccinees-contre-la-covid-19-1/,
2021-04-13,15632773,11652068,3980705,"Moderna, Oxford/AstraZeneca, Pfizer/BioNTech",France,https://www.data.gouv.fr/fr/datasets/donnees-relatives-aux-personnes-vaccinees-contre-la-covid-19-1/,
2021-04-14,16064151,11944026,4120125,"Moderna, Oxford/AstraZeneca, Pfizer/BioNTech",France,https://www.data.gouv.fr/fr/datasets/donnees-relatives-aux-personnes-vaccinees-contre-la-covid-19-1/,
2021-04-15,16546255,12278258,4267997,"Moderna, Oxford/AstraZeneca, Pfizer/BioNTech",France,https://www.data.gouv.fr/fr/datasets/donnees-relatives-aux-personnes-vaccinees-contre-la-covid-19-1/,
2021-04-16,17029593,12615813,4413780,"Moderna, Oxford/AstraZeneca, Pfizer/BioNTech",France,https://www.data.gouv.fr/fr/datasets/donnees-relatives-aux-personnes-vaccinees-contre-la-covid-19-1/,
2021-04-17,17307466,12803426,4504040,"Moderna, Oxford/AstraZeneca, Pfizer/BioNTech",France,https://www.data.gouv.fr/fr/datasets/donnees-relatives-aux-personnes-vaccinees-contre-la-covid-19-1/,
2021-04-18,17393800,12854333,4539467,"Moderna, Oxford/AstraZeneca, Pfizer/BioNTech",France,https://www.data.gouv.fr/fr/datasets/donnees-relatives-aux-personnes-vaccinees-contre-la-covid-19-1/,
2021-04-19,17736186,13058329,4677857,"Moderna, Oxford/AstraZeneca, Pfizer/BioNTech",France,https://www.data.gouv.fr/fr/datasets/donnees-relatives-aux-personnes-vaccinees-contre-la-covid-19-1/,
2021-04-20,18159206,13310617,4848589,"Moderna, Oxford/AstraZeneca, Pfizer/BioNTech",France,https://www.data.gouv.fr/fr/datasets/donnees-relatives-aux-personnes-vaccinees-contre-la-covid-19-1/,
2021-04-21,18579195,13561793,5017402,"Moderna, Oxford/AstraZeneca, Pfizer/BioNTech",France,https://www.data.gouv.fr/fr/datasets/donnees-relatives-aux-personnes-vaccinees-contre-la-covid-19-1/,
2021-04-22,19052932,13847264,5205668,"Moderna, Oxford/AstraZeneca, Pfizer/BioNTech",France,https://www.data.gouv.fr/fr/datasets/donnees-relatives-aux-personnes-vaccinees-contre-la-covid-19-1/,
2021-04-23,19530736,14141778,5391266,"Johnson&Johnson, Moderna, Oxford/AstraZeneca, Pfizer/BioNTech",France,https://www.data.gouv.fr/fr/datasets/donnees-relatives-aux-personnes-vaccinees-contre-la-covid-19-1/,
2021-04-24,19831516,14330983,5504398,"Johnson&Johnson, Moderna, Oxford/AstraZeneca, Pfizer/BioNTech",France,https://www.data.gouv.fr/fr/datasets/donnees-relatives-aux-personnes-vaccinees-contre-la-covid-19-1/,
2021-04-25,19939215,14399811,5543391,"Johnson&Johnson, Moderna, Oxford/AstraZeneca, Pfizer/BioNTech",France,https://www.data.gouv.fr/fr/datasets/donnees-relatives-aux-personnes-vaccinees-contre-la-covid-19-1/,
2021-04-26,20314669,14619154,5702349,"Johnson&Johnson, Moderna, Oxford/AstraZeneca, Pfizer/BioNTech",France,https://www.data.gouv.fr/fr/datasets/donnees-relatives-aux-personnes-vaccinees-contre-la-covid-19-1/,
2021-04-27,20784827,14901800,5899307,"Johnson&Johnson, Moderna, Oxford/AstraZeneca, Pfizer/BioNTech",France,https://www.data.gouv.fr/fr/datasets/donnees-relatives-aux-personnes-vaccinees-contre-la-covid-19-1/,
2021-04-28,21265657,15199416,6092358,"Johnson&Johnson, Moderna, Oxford/AstraZeneca, Pfizer/BioNTech",France,https://www.data.gouv.fr/fr/datasets/donnees-relatives-aux-personnes-vaccinees-contre-la-covid-19-1/,
2021-04-29,21816716,15554334,6304438,"Johnson&Johnson, Moderna, Oxford/AstraZeneca, Pfizer/BioNTech",France,https://www.data.gouv.fr/fr/datasets/donnees-relatives-aux-personnes-vaccinees-contre-la-covid-19-1/,
2021-04-30,22371690,15924460,6508442,"Johnson&Johnson, Moderna, Oxford/AstraZeneca, Pfizer/BioNTech",France,https://www.data.gouv.fr/fr/datasets/donnees-relatives-aux-personnes-vaccinees-contre-la-covid-19-1/,
2021-05-01,22589258,16089492,6562912,"Johnson&Johnson, Moderna, Oxford/AstraZeneca, Pfizer/BioNTech",France,https://www.data.gouv.fr/fr/datasets/donnees-relatives-aux-personnes-vaccinees-contre-la-covid-19-1/,
2021-05-02,22717783,16180186,6601201,"Johnson&Johnson, Moderna, Oxford/AstraZeneca, Pfizer/BioNTech",France,https://www.data.gouv.fr/fr/datasets/donnees-relatives-aux-personnes-vaccinees-contre-la-covid-19-1/,
2021-05-03,23173223,16465974,6775833,"Johnson&Johnson, Moderna, Oxford/AstraZeneca, Pfizer/BioNTech",France,https://www.data.gouv.fr/fr/datasets/donnees-relatives-aux-personnes-vaccinees-contre-la-covid-19-1/,
2021-05-04,23710162,16778591,7008450,"Johnson&Johnson, Moderna, Oxford/AstraZeneca, Pfizer/BioNTech",France,https://www.data.gouv.fr/fr/datasets/donnees-relatives-aux-personnes-vaccinees-contre-la-covid-19-1/,
2021-05-05,24257691,17101578,7239058,"Johnson&Johnson, Moderna, Oxford/AstraZeneca, Pfizer/BioNTech",France,https://www.data.gouv.fr/fr/datasets/donnees-relatives-aux-personnes-vaccinees-contre-la-covid-19-1/,
2021-05-06,24872738,17477414,7489557,"Johnson&Johnson, Moderna, Oxford/AstraZeneca, Pfizer/BioNTech",France,https://www.data.gouv.fr/fr/datasets/donnees-relatives-aux-personnes-vaccinees-contre-la-covid-19-1/,
2021-05-07,25499965,17847295,7765878,"Johnson&Johnson, Moderna, Oxford/AstraZeneca, Pfizer/BioNTech",France,https://www.data.gouv.fr/fr/datasets/donnees-relatives-aux-personnes-vaccinees-contre-la-covid-19-1/,
2021-05-08,25787384,18067794,7835079,"Johnson&Johnson, Moderna, Oxford/AstraZeneca, Pfizer/BioNTech",France,https://www.data.gouv.fr/fr/datasets/donnees-relatives-aux-personnes-vaccinees-contre-la-covid-19-1/,
2021-05-09,25962951,18196603,7882474,"Johnson&Johnson, Moderna, Oxford/AstraZeneca, Pfizer/BioNTech",France,https://www.data.gouv.fr/fr/datasets/donnees-relatives-aux-personnes-vaccinees-contre-la-covid-19-1/,
2021-05-10,26500812,18505435,8118643,"Johnson&Johnson, Moderna, Oxford/AstraZeneca, Pfizer/BioNTech",France,https://www.data.gouv.fr/fr/datasets/donnees-relatives-aux-personnes-vaccinees-contre-la-covid-19-1/,
2021-05-11,27159687,18906119,8391026,"Johnson&Johnson, Moderna, Oxford/AstraZeneca, Pfizer/BioNTech",France,https://www.data.gouv.fr/fr/datasets/donnees-relatives-aux-personnes-vaccinees-contre-la-covid-19-1/,
2021-05-12,27823117,19336297,8634327,"Johnson&Johnson, Moderna, Oxford/AstraZeneca, Pfizer/BioNTech",France,https://www.data.gouv.fr/fr/datasets/donnees-relatives-aux-personnes-vaccinees-contre-la-covid-19-1/,
2021-05-13,28215568,19671849,8692716,"Johnson&Johnson, Moderna, Oxford/AstraZeneca, Pfizer/BioNTech",France,https://www.data.gouv.fr/fr/datasets/donnees-relatives-aux-personnes-vaccinees-contre-la-covid-19-1/,
2021-05-14,28833603,20122339,8867907,"Johnson&Johnson, Moderna, Oxford/AstraZeneca, Pfizer/BioNTech",France,https://www.data.gouv.fr/fr/datasets/donnees-relatives-aux-personnes-vaccinees-contre-la-covid-19-1/,
2021-05-15,29299137,20493845,8965566,"Johnson&Johnson, Moderna, Oxford/AstraZeneca, Pfizer/BioNTech",France,https://www.data.gouv.fr/fr/datasets/donnees-relatives-aux-personnes-vaccinees-contre-la-covid-19-1/,
2021-05-16,29521329,20695206,8986776,"Johnson&Johnson, Moderna, Oxford/AstraZeneca, Pfizer/BioNTech",France,https://www.data.gouv.fr/fr/datasets/donnees-relatives-aux-personnes-vaccinees-contre-la-covid-19-1/,
2021-05-17,30043649,21068346,9140331,"Johnson&Johnson, Moderna, Oxford/AstraZeneca, Pfizer/BioNTech",France,https://www.data.gouv.fr/fr/datasets/donnees-relatives-aux-personnes-vaccinees-contre-la-covid-19-1/,
2021-05-18,30652754,21524247,9302183,"Johnson&Johnson, Moderna, Oxford/AstraZeneca, Pfizer/BioNTech",France,https://www.data.gouv.fr/fr/datasets/donnees-relatives-aux-personnes-vaccinees-contre-la-covid-19-1/,
2021-05-19,31262188,21988297,9453145,"Johnson&Johnson, Moderna, Oxford/AstraZeneca, Pfizer/BioNTech",France,https://www.data.gouv.fr/fr/datasets/donnees-relatives-aux-personnes-vaccinees-contre-la-covid-19-1/,
2021-05-20,31926084,22491788,9622861,"Johnson&Johnson, Moderna, Oxford/AstraZeneca, Pfizer/BioNTech",France,https://www.data.gouv.fr/fr/datasets/donnees-relatives-aux-personnes-vaccinees-contre-la-covid-19-1/,
2021-05-21,32586887,22977997,9810059,"Johnson&Johnson, Moderna, Oxford/AstraZeneca, Pfizer/BioNTech",France,https://www.data.gouv.fr/fr/datasets/donnees-relatives-aux-personnes-vaccinees-contre-la-covid-19-1/,
2021-05-22,33011939,23323145,9894919,"Johnson&Johnson, Moderna, Oxford/AstraZeneca, Pfizer/BioNTech",France,https://www.data.gouv.fr/fr/datasets/donnees-relatives-aux-personnes-vaccinees-contre-la-covid-19-1/,
2021-05-23,33187029,23483789,9909809,"Johnson&Johnson, Moderna, Oxford/AstraZeneca, Pfizer/BioNTech",France,https://www.data.gouv.fr/fr/datasets/donnees-relatives-aux-personnes-vaccinees-contre-la-covid-19-1/,
2021-05-24,33481540,23745045,9944031,"Johnson&Johnson, Moderna, Oxford/AstraZeneca, Pfizer/BioNTech",France,https://www.data.gouv.fr/fr/datasets/donnees-relatives-aux-personnes-vaccinees-contre-la-covid-19-1/,
2021-05-25,34067860,24142005,10140845,"Johnson&Johnson, Moderna, Oxford/AstraZeneca, Pfizer/BioNTech",France,https://www.data.gouv.fr/fr/datasets/donnees-relatives-aux-personnes-vaccinees-contre-la-covid-19-1/,
2021-05-26,34666402,24552330,10336667,"Johnson&Johnson, Moderna, Oxford/AstraZeneca, Pfizer/BioNTech",France,https://www.data.gouv.fr/fr/datasets/donnees-relatives-aux-personnes-vaccinees-contre-la-covid-19-1/,
2021-05-27,35331786,24998967,10569569,"Johnson&Johnson, Moderna, Oxford/AstraZeneca, Pfizer/BioNTech",France,https://www.data.gouv.fr/fr/datasets/donnees-relatives-aux-personnes-vaccinees-contre-la-covid-19-1/,
2021-05-28,36018145,25425624,10855560,"Johnson&Johnson, Moderna, Oxford/AstraZeneca, Pfizer/BioNTech",France,https://www.data.gouv.fr/fr/datasets/donnees-relatives-aux-personnes-vaccinees-contre-la-covid-19-1/,
2021-05-29,36465020,25723040,11016230,"Johnson&Johnson, Moderna, Oxford/AstraZeneca, Pfizer/BioNTech",France,https://www.data.gouv.fr/fr/datasets/donnees-relatives-aux-personnes-vaccinees-contre-la-covid-19-1/,
2021-05-30,36603742,25829132,11049728,"Johnson&Johnson, Moderna, Oxford/AstraZeneca, Pfizer/BioNTech",France,https://www.data.gouv.fr/fr/datasets/donnees-relatives-aux-personnes-vaccinees-contre-la-covid-19-1/,
2021-05-31,37162829,26184643,11265772,"Johnson&Johnson, Moderna, Oxford/AstraZeneca, Pfizer/BioNTech",France,https://www.data.gouv.fr/fr/datasets/donnees-relatives-aux-personnes-vaccinees-contre-la-covid-19-1/,
2021-06-01,37836528,26606632,11537418,"Johnson&Johnson, Moderna, Oxford/AstraZeneca, Pfizer/BioNTech",France,https://www.data.gouv.fr/fr/datasets/donnees-relatives-aux-personnes-vaccinees-contre-la-covid-19-1/,
2021-06-02,38479633,27018779,11782663,"Johnson&Johnson, Moderna, Oxford/AstraZeneca, Pfizer/BioNTech",France,https://www.data.gouv.fr/fr/datasets/donnees-relatives-aux-personnes-vaccinees-contre-la-covid-19-1/,
2021-06-03,39196375,27476770,12060631,"Johnson&Johnson, Moderna, Oxford/AstraZeneca, Pfizer/BioNTech",France,https://www.data.gouv.fr/fr/datasets/donnees-relatives-aux-personnes-vaccinees-contre-la-covid-19-1/,
2021-06-04,39952475,27927935,12387769,"Johnson&Johnson, Moderna, Oxford/AstraZeneca, Pfizer/BioNTech",France,https://www.data.gouv.fr/fr/datasets/donnees-relatives-aux-personnes-vaccinees-contre-la-covid-19-1/,
2021-06-05,40443732,28230083,12586449,"Johnson&Johnson, Moderna, Oxford/AstraZeneca, Pfizer/BioNTech",France,https://www.data.gouv.fr/fr/datasets/donnees-relatives-aux-personnes-vaccinees-contre-la-covid-19-1/,
2021-06-06,40624155,28361365,12636535,"Johnson&Johnson, Moderna, Oxford/AstraZeneca, Pfizer/BioNTech",France,https://www.data.gouv.fr/fr/datasets/donnees-relatives-aux-personnes-vaccinees-contre-la-covid-19-1/,
2021-06-07,41220943,28695641,12908025,"Johnson&Johnson, Moderna, Oxford/AstraZeneca, Pfizer/BioNTech",France,https://www.data.gouv.fr/fr/datasets/donnees-relatives-aux-personnes-vaccinees-contre-la-covid-19-1/,
2021-06-08,41901859,29085196,13213773,"Johnson&Johnson, Moderna, Oxford/AstraZeneca, Pfizer/BioNTech",France,https://www.data.gouv.fr/fr/datasets/donnees-relatives-aux-personnes-vaccinees-contre-la-covid-19-1/,
2021-06-09,42558006,29465325,13501789,"Johnson&Johnson, Moderna, Oxford/AstraZeneca, Pfizer/BioNTech",France,https://www.data.gouv.fr/fr/datasets/donnees-relatives-aux-personnes-vaccinees-contre-la-covid-19-1/,
2021-06-10,43245326,29863166,13806421,"Johnson&Johnson, Moderna, Oxford/AstraZeneca, Pfizer/BioNTech",France,https://www.data.gouv.fr/fr/datasets/donnees-relatives-aux-personnes-vaccinees-contre-la-covid-19-1/,
2021-06-11,43986400,30246590,14180785,"Johnson&Johnson, Moderna, Oxford/AstraZeneca, Pfizer/BioNTech",France,https://www.data.gouv.fr/fr/datasets/donnees-relatives-aux-personnes-vaccinees-contre-la-covid-19-1/,
2021-06-12,44479024,30527676,14399614,"Johnson&Johnson, Moderna, Oxford/AstraZeneca, Pfizer/BioNTech",France,https://www.data.gouv.fr/fr/datasets/donnees-relatives-aux-personnes-vaccinees-contre-la-covid-19-1/,
2021-06-13,44656827,30631382,14474560,"Johnson&Johnson, Moderna, Oxford/AstraZeneca, Pfizer/BioNTech",France,https://www.data.gouv.fr/fr/datasets/donnees-relatives-aux-personnes-vaccinees-contre-la-covid-19-1/,
2021-06-14,45250683,30869172,14837092,"Johnson&Johnson, Moderna, Oxford/AstraZeneca, Pfizer/BioNTech",France,https://www.data.gouv.fr/fr/datasets/donnees-relatives-aux-personnes-vaccinees-contre-la-covid-19-1/,
2021-06-15,45941068,31173369,15233982,"Johnson&Johnson, Moderna, Oxford/AstraZeneca, Pfizer/BioNTech",France,https://www.data.gouv.fr/fr/datasets/donnees-relatives-aux-personnes-vaccinees-contre-la-covid-19-1/,
2021-06-16,46609208,31483635,15600573,"Johnson&Johnson, Moderna, Oxford/AstraZeneca, Pfizer/BioNTech",France,https://www.data.gouv.fr/fr/datasets/donnees-relatives-aux-personnes-vaccinees-contre-la-covid-19-1/,
2021-06-17,47295555,31797663,15983574,"Johnson&Johnson, Moderna, Oxford/AstraZeneca, Pfizer/BioNTech",France,https://www.data.gouv.fr/fr/datasets/donnees-relatives-aux-personnes-vaccinees-contre-la-covid-19-1/,
2021-06-18,48057329,32116521,16438689,"Johnson&Johnson, Moderna, Oxford/AstraZeneca, Pfizer/BioNTech",France,https://www.data.gouv.fr/fr/datasets/donnees-relatives-aux-personnes-vaccinees-contre-la-covid-19-1/,
2021-06-19,48554272,32339410,16718179,"Johnson&Johnson, Moderna, Oxford/AstraZeneca, Pfizer/BioNTech",France,https://www.data.gouv.fr/fr/datasets/donnees-relatives-aux-personnes-vaccinees-contre-la-covid-19-1/,
2021-06-20,48729174,32411659,16821447,"Johnson&Johnson, Moderna, Oxford/AstraZeneca, Pfizer/BioNTech",France,https://www.data.gouv.fr/fr/datasets/donnees-relatives-aux-personnes-vaccinees-contre-la-covid-19-1/,
2021-06-21,49324367,32604608,17228593,"Johnson&Johnson, Moderna, Oxford/AstraZeneca, Pfizer/BioNTech",France,https://www.data.gouv.fr/fr/datasets/donnees-relatives-aux-personnes-vaccinees-contre-la-covid-19-1/,
2021-06-22,50012200,32824936,17703784,"Johnson&Johnson, Moderna, Oxford/AstraZeneca, Pfizer/BioNTech",France,https://www.data.gouv.fr/fr/datasets/donnees-relatives-aux-personnes-vaccinees-contre-la-covid-19-1/,
2021-06-23,50683226,33055891,18150759,"Johnson&Johnson, Moderna, Oxford/AstraZeneca, Pfizer/BioNTech",France,https://www.data.gouv.fr/fr/datasets/donnees-relatives-aux-personnes-vaccinees-contre-la-covid-19-1/,
2021-06-24,51331710,33294901,18568666,"Johnson&Johnson, Moderna, Oxford/AstraZeneca, Pfizer/BioNTech",France,https://www.data.gouv.fr/fr/datasets/donnees-relatives-aux-personnes-vaccinees-contre-la-covid-19-1/,
2021-06-25,52078472,33519159,19101053,"Johnson&Johnson, Moderna, Oxford/AstraZeneca, Pfizer/BioNTech",France,https://www.data.gouv.fr/fr/datasets/donnees-relatives-aux-personnes-vaccinees-contre-la-covid-19-1/,
2021-06-26,52601178,33670894,19476641,"Johnson&Johnson, Moderna, Oxford/AstraZeneca, Pfizer/BioNTech",France,https://www.data.gouv.fr/fr/datasets/donnees-relatives-aux-personnes-vaccinees-contre-la-covid-19-1/,
2021-06-27,52812652,33725923,19633690,"Johnson&Johnson, Moderna, Oxford/AstraZeneca, Pfizer/BioNTech",France,https://www.data.gouv.fr/fr/datasets/donnees-relatives-aux-personnes-vaccinees-contre-la-covid-19-1/,
2021-06-28,53418556,33878410,20091667,"Johnson&Johnson, Moderna, Oxford/AstraZeneca, Pfizer/BioNTech",France,https://www.data.gouv.fr/fr/datasets/donnees-relatives-aux-personnes-vaccinees-contre-la-covid-19-1/,
2021-06-29,54104873,34058936,20604244,"Johnson&Johnson, Moderna, Oxford/AstraZeneca, Pfizer/BioNTech",France,https://www.data.gouv.fr/fr/datasets/donnees-relatives-aux-personnes-vaccinees-contre-la-covid-19-1/,
2021-06-30,54787457,34260169,21091979,"Johnson&Johnson, Moderna, Oxford/AstraZeneca, Pfizer/BioNTech",France,https://www.data.gouv.fr/fr/datasets/donnees-relatives-aux-personnes-vaccinees-contre-la-covid-19-1/,
2021-07-01,55465775,34480559,21557778,"Johnson&Johnson, Moderna, Oxford/AstraZeneca, Pfizer/BioNTech",France,https://www.data.gouv.fr/fr/datasets/donnees-relatives-aux-personnes-vaccinees-contre-la-covid-19-1/,
2021-07-02,56206554,34700680,22087585,"Johnson&Johnson, Moderna, Oxford/AstraZeneca, Pfizer/BioNTech",France,https://www.data.gouv.fr/fr/datasets/donnees-relatives-aux-personnes-vaccinees-contre-la-covid-19-1/,
2021-07-03,56715360,34840485,22461266,"Johnson&Johnson, Moderna, Oxford/AstraZeneca, Pfizer/BioNTech",France,https://www.data.gouv.fr/fr/datasets/donnees-relatives-aux-personnes-vaccinees-contre-la-covid-19-1/,
2021-07-04,56912480,34896208,22603234,"Johnson&Johnson, Moderna, Oxford/AstraZeneca, Pfizer/BioNTech",France,https://www.data.gouv.fr/fr/datasets/donnees-relatives-aux-personnes-vaccinees-contre-la-covid-19-1/,
2021-07-05,57494824,35058866,23027489,"Johnson&Johnson, Moderna, Oxford/AstraZeneca, Pfizer/BioNTech",France,https://www.data.gouv.fr/fr/datasets/donnees-relatives-aux-personnes-vaccinees-contre-la-covid-19-1/,
2021-07-06,58161721,35250521,23510188,"Johnson&Johnson, Moderna, Oxford/AstraZeneca, Pfizer/BioNTech",France,https://www.data.gouv.fr/fr/datasets/donnees-relatives-aux-personnes-vaccinees-contre-la-covid-19-1/,
2021-07-07,58808202,35457297,23956610,"Johnson&Johnson, Moderna, Oxford/AstraZeneca, Pfizer/BioNTech",France,https://www.data.gouv.fr/fr/datasets/donnees-relatives-aux-personnes-vaccinees-contre-la-covid-19-1/,
2021-07-08,59459523,35684269,24389885,"Johnson&Johnson, Moderna, Oxford/AstraZeneca, Pfizer/BioNTech",France,https://www.data.gouv.fr/fr/datasets/donnees-relatives-aux-personnes-vaccinees-contre-la-covid-19-1/,
2021-07-09,60193402,35908123,24909930,"Johnson&Johnson, Moderna, Oxford/AstraZeneca, Pfizer/BioNTech",France,https://www.data.gouv.fr/fr/datasets/donnees-relatives-aux-personnes-vaccinees-contre-la-covid-19-1/,
2021-07-10,60679636,36054497,25254254,"Johnson&Johnson, Moderna, Oxford/AstraZeneca, Pfizer/BioNTech",France,https://www.data.gouv.fr/fr/datasets/donnees-relatives-aux-personnes-vaccinees-contre-la-covid-19-1/,
2021-07-11,60848942,36113645,25364913,"Johnson&Johnson, Moderna, Oxford/AstraZeneca, Pfizer/BioNTech",France,https://www.data.gouv.fr/fr/datasets/donnees-relatives-aux-personnes-vaccinees-contre-la-covid-19-1/,
2021-07-12,61492001,36278285,25848943,"Johnson&Johnson, Moderna, Oxford/AstraZeneca, Pfizer/BioNTech",France,https://www.data.gouv.fr/fr/datasets/donnees-relatives-aux-personnes-vaccinees-contre-la-covid-19-1/,
2021-07-13,62302980,36561310,26390886,"Johnson&Johnson, Moderna, Oxford/AstraZeneca, Pfizer/BioNTech",France,https://www.data.gouv.fr/fr/datasets/donnees-relatives-aux-personnes-vaccinees-contre-la-covid-19-1/,
2021-07-14,62638610,36739005,26550879,"Johnson&Johnson, Moderna, Oxford/AstraZeneca, Pfizer/BioNTech",France,https://www.data.gouv.fr/fr/datasets/donnees-relatives-aux-personnes-vaccinees-contre-la-covid-19-1/,
2021-07-15,63483255,37080918,27071562,"Johnson&Johnson, Moderna, Oxford/AstraZeneca, Pfizer/BioNTech",France,https://www.data.gouv.fr/fr/datasets/donnees-relatives-aux-personnes-vaccinees-contre-la-covid-19-1/,
2021-07-16,64353774,37455008,27590439,"Johnson&Johnson, Moderna, Oxford/AstraZeneca, Pfizer/BioNTech",France,https://www.data.gouv.fr/fr/datasets/donnees-relatives-aux-personnes-vaccinees-contre-la-covid-19-1/,
2021-07-17,64930556,37711625,27920120,"Johnson&Johnson, Moderna, Oxford/AstraZeneca, Pfizer/BioNTech",France,https://www.data.gouv.fr/fr/datasets/donnees-relatives-aux-personnes-vaccinees-contre-la-covid-19-1/,
2021-07-18,65154258,37820271,28036442,"Johnson&Johnson, Moderna, Oxford/AstraZeneca, Pfizer/BioNTech",France,https://www.data.gouv.fr/fr/datasets/donnees-relatives-aux-personnes-vaccinees-contre-la-covid-19-1/,
2021-07-19,65860684,38101084,28474738,"Johnson&Johnson, Moderna, Oxford/AstraZeneca, Pfizer/BioNTech",France,https://www.data.gouv.fr/fr/datasets/donnees-relatives-aux-personnes-vaccinees-contre-la-covid-19-1/,
2021-07-20,66685640,38472768,28945048,"Johnson&Johnson, Moderna, Oxford/AstraZeneca, Pfizer/BioNTech",France,https://www.data.gouv.fr/fr/datasets/donnees-relatives-aux-personnes-vaccinees-contre-la-covid-19-1/,
2021-07-21,67485247,38863778,29368908,"Johnson&Johnson, Moderna, Oxford/AstraZeneca, Pfizer/BioNTech",France,https://www.data.gouv.fr/fr/datasets/donnees-relatives-aux-personnes-vaccinees-contre-la-covid-19-1/,
2021-07-22,68309848,39299722,29775449,"Johnson&Johnson, Moderna, Oxford/AstraZeneca, Pfizer/BioNTech",France,https://www.data.gouv.fr/fr/datasets/donnees-relatives-aux-personnes-vaccinees-contre-la-covid-19-1/,
2021-07-23,69165718,39732567,30218463,"Johnson&Johnson, Moderna, Oxford/AstraZeneca, Pfizer/BioNTech",France,https://www.data.gouv.fr/fr/datasets/donnees-relatives-aux-personnes-vaccinees-contre-la-covid-19-1/,
2021-07-24,69718192,40014919,30497564,"Johnson&Johnson, Moderna, Oxford/AstraZeneca, Pfizer/BioNTech",France,https://www.data.gouv.fr/fr/datasets/donnees-relatives-aux-personnes-vaccinees-contre-la-covid-19-1/,
2021-07-25,69918059,40134550,30578982,"Johnson&Johnson, Moderna, Oxford/AstraZeneca, Pfizer/BioNTech",France,https://www.data.gouv.fr/fr/datasets/donnees-relatives-aux-personnes-vaccinees-contre-la-covid-19-1/,
2021-07-26,70584423,40477005,30913505,"Johnson&Johnson, Moderna, Oxford/AstraZeneca, Pfizer/BioNTech",France,https://www.data.gouv.fr/fr/datasets/donnees-relatives-aux-personnes-vaccinees-contre-la-covid-19-1/,
2021-07-27,71362826,40934540,31248465,"Johnson&Johnson, Moderna, Oxford/AstraZeneca, Pfizer/BioNTech",France,https://www.data.gouv.fr/fr/datasets/donnees-relatives-aux-personnes-vaccinees-contre-la-covid-19-1/,
2021-07-28,72104689,41385981,31551144,"Johnson&Johnson, Moderna, Oxford/AstraZeneca, Pfizer/BioNTech",France,https://www.data.gouv.fr/fr/datasets/donnees-relatives-aux-personnes-vaccinees-contre-la-covid-19-1/,
2021-07-29,72864899,41869286,31841678,"Johnson&Johnson, Moderna, Oxford/AstraZeneca, Pfizer/BioNTech",France,https://www.data.gouv.fr/fr/datasets/donnees-relatives-aux-personnes-vaccinees-contre-la-covid-19-1/,
2021-07-30,73619627,42321062,32159671,"Johnson&Johnson, Moderna, Oxford/AstraZeneca, Pfizer/BioNTech",France,https://www.data.gouv.fr/fr/datasets/donnees-relatives-aux-personnes-vaccinees-contre-la-covid-19-1/,
2021-07-31,74085991,42602337,32351297,"Johnson&Johnson, Moderna, Oxford/AstraZeneca, Pfizer/BioNTech",France,https://www.data.gouv.fr/fr/datasets/donnees-relatives-aux-personnes-vaccinees-contre-la-covid-19-1/,
2021-08-01,74243392,42709644,32402161,"Johnson&Johnson, Moderna, Oxford/AstraZeneca, Pfizer/BioNTech",France,https://www.data.gouv.fr/fr/datasets/donnees-relatives-aux-personnes-vaccinees-contre-la-covid-19-1/,
2021-08-02,74796874,43028717,32643604,"Johnson&Johnson, Moderna, Oxford/AstraZeneca, Pfizer/BioNTech",France,https://www.data.gouv.fr/fr/datasets/donnees-relatives-aux-personnes-vaccinees-contre-la-covid-19-1/,
2021-08-03,75428182,43414578,32898891,"Johnson&Johnson, Moderna, Oxford/AstraZeneca, Pfizer/BioNTech",France,https://www.data.gouv.fr/fr/datasets/donnees-relatives-aux-personnes-vaccinees-contre-la-covid-19-1/,
2021-08-04,76011854,43787808,33117952,"Johnson&Johnson, Moderna, Oxford/AstraZeneca, Pfizer/BioNTech",France,https://www.data.gouv.fr/fr/datasets/donnees-relatives-aux-personnes-vaccinees-contre-la-covid-19-1/,
2021-08-05,76597455,44144511,33355694,"Johnson&Johnson, Moderna, Oxford/AstraZeneca, Pfizer/BioNTech",France,https://www.data.gouv.fr/fr/datasets/donnees-relatives-aux-personnes-vaccinees-contre-la-covid-19-1/,
2021-08-06,77219560,44494459,33637277,"Johnson&Johnson, Moderna, Oxford/AstraZeneca, Pfizer/BioNTech",France,https://www.data.gouv.fr/fr/datasets/donnees-relatives-aux-personnes-vaccinees-contre-la-covid-19-1/,
2021-08-07,77606673,44702822,33820425,"Johnson&Johnson, Moderna, Oxford/AstraZeneca, Pfizer/BioNTech",France,https://www.data.gouv.fr/fr/datasets/donnees-relatives-aux-personnes-vaccinees-contre-la-covid-19-1/,
2021-08-08,77741183,44773965,33884477,"Johnson&Johnson, Moderna, Oxford/AstraZeneca, Pfizer/BioNTech",France,https://www.data.gouv.fr/fr/datasets/donnees-relatives-aux-personnes-vaccinees-contre-la-covid-19-1/,
2021-08-09,78251732,45024266,34150065,"Johnson&Johnson, Moderna, Oxford/AstraZeneca, Pfizer/BioNTech",France,https://www.data.gouv.fr/fr/datasets/donnees-relatives-aux-personnes-vaccinees-contre-la-covid-19-1/,
2021-08-10,78828447,45322160,34436886,"Johnson&Johnson, Moderna, Oxford/AstraZeneca, Pfizer/BioNTech",France,https://www.data.gouv.fr/fr/datasets/donnees-relatives-aux-personnes-vaccinees-contre-la-covid-19-1/,
2021-08-11,79361445,45594196,34705163,"Johnson&Johnson, Moderna, Oxford/AstraZeneca, Pfizer/BioNTech",France,https://www.data.gouv.fr/fr/datasets/donnees-relatives-aux-personnes-vaccinees-contre-la-covid-19-1/,
2021-08-12,79903822,45858043,34991509,"Johnson&Johnson, Moderna, Oxford/AstraZeneca, Pfizer/BioNTech",France,https://www.data.gouv.fr/fr/datasets/donnees-relatives-aux-personnes-vaccinees-contre-la-covid-19-1/,
2021-08-13,80422331,46100951,35273872,"Johnson&Johnson, Moderna, Oxford/AstraZeneca, Pfizer/BioNTech",France,https://www.data.gouv.fr/fr/datasets/donnees-relatives-aux-personnes-vaccinees-contre-la-covid-19-1/,
2021-08-14,80760600,46240752,35475469,"Johnson&Johnson, Moderna, Oxford/AstraZeneca, Pfizer/BioNTech",France,https://www.data.gouv.fr/fr/datasets/donnees-relatives-aux-personnes-vaccinees-contre-la-covid-19-1/,
2021-08-15,80847265,46277151,35526183,"Johnson&Johnson, Moderna, Oxford/AstraZeneca, Pfizer/BioNTech",France,https://www.data.gouv.fr/fr/datasets/donnees-relatives-aux-personnes-vaccinees-contre-la-covid-19-1/,
2021-08-16,81343828,46454988,35848503,"Johnson&Johnson, Moderna, Oxford/AstraZeneca, Pfizer/BioNTech",France,https://www.data.gouv.fr/fr/datasets/donnees-relatives-aux-personnes-vaccinees-contre-la-covid-19-1/,
2021-08-17,81890259,46664279,36190844,"Johnson&Johnson, Moderna, Oxford/AstraZeneca, Pfizer/BioNTech",France,https://www.data.gouv.fr/fr/datasets/donnees-relatives-aux-personnes-vaccinees-contre-la-covid-19-1/,
2021-08-18,82407794,46856864,36520553,"Johnson&Johnson, Moderna, Oxford/AstraZeneca, Pfizer/BioNTech",France,https://www.data.gouv.fr/fr/datasets/donnees-relatives-aux-personnes-vaccinees-contre-la-covid-19-1/,
2021-08-19,82917669,47041160,36851088,"Johnson&Johnson, Moderna, Oxford/AstraZeneca, Pfizer/BioNTech",France,https://www.data.gouv.fr/fr/datasets/donnees-relatives-aux-personnes-vaccinees-contre-la-covid-19-1/,
