location,date,vaccine,source_url,total_vaccinations,people_vaccinated,people_fully_vaccinated,total_boosters
Latvia,2020-12-04,Moderna,https://data.gov.lv/dati/eng/dataset/covid19-vakcinacijas,1,1,0,
Latvia,2020-12-16,Pfizer/BioNTech,https://data.gov.lv/dati/eng/dataset/covid19-vakcinacijas,2,2,0,
Latvia,2020-12-18,Pfizer/BioNTech,https://data.gov.lv/dati/eng/dataset/covid19-vakcinacijas,3,3,0,
Latvia,2020-12-20,Moderna,https://data.gov.lv/dati/eng/dataset/covid19-vakcinacijas,6,6,0,
Latvia,2020-12-21,Pfizer/BioNTech,https://data.gov.lv/dati/eng/dataset/covid19-vakcinacijas,7,7,0,
Latvia,2020-12-22,Pfizer/BioNTech,https://data.gov.lv/dati/eng/dataset/covid19-vakcinacijas,11,11,0,
Latvia,2020-12-24,Pfizer/BioNTech,https://data.gov.lv/dati/eng/dataset/covid19-vakcinacijas,13,13,0,
Latvia,2020-12-27,Pfizer/BioNTech,https://data.gov.lv/dati/eng/dataset/covid19-vakcinacijas,16,16,0,
Latvia,2020-12-28,Pfizer/BioNTech,https://data.gov.lv/dati/eng/dataset/covid19-vakcinacijas,619,619,0,
Latvia,2020-12-29,"Moderna, Pfizer/BioNTech",https://data.gov.lv/dati/eng/dataset/covid19-vakcinacijas,1495,1495,0,
Latvia,2020-12-30,Pfizer/BioNTech,https://data.gov.lv/dati/eng/dataset/covid19-vakcinacijas,2293,2293,0,
Latvia,2020-12-31,"Moderna, Pfizer/BioNTech",https://data.gov.lv/dati/eng/dataset/covid19-vakcinacijas,2297,2297,0,
Latvia,2021-01-01,Pfizer/BioNTech,https://data.gov.lv/dati/eng/dataset/covid19-vakcinacijas,2301,2301,0,
Latvia,2021-01-02,Pfizer/BioNTech,https://data.gov.lv/dati/eng/dataset/covid19-vakcinacijas,2303,2303,0,
Latvia,2021-01-03,Pfizer/BioNTech,https://data.gov.lv/dati/eng/dataset/covid19-vakcinacijas,2304,2304,0,
Latvia,2021-01-04,"Moderna, Pfizer/BioNTech",https://data.gov.lv/dati/eng/dataset/covid19-vakcinacijas,3008,3008,0,
Latvia,2021-01-05,Pfizer/BioNTech,https://data.gov.lv/dati/eng/dataset/covid19-vakcinacijas,3899,3899,0,
Latvia,2021-01-06,"Moderna, Pfizer/BioNTech",https://data.gov.lv/dati/eng/dataset/covid19-vakcinacijas,4678,4676,2,
Latvia,2021-01-07,Pfizer/BioNTech,https://data.gov.lv/dati/eng/dataset/covid19-vakcinacijas,5490,5488,2,
Latvia,2021-01-08,Pfizer/BioNTech,https://data.gov.lv/dati/eng/dataset/covid19-vakcinacijas,6403,6399,4,
Latvia,2021-01-09,Pfizer/BioNTech,https://data.gov.lv/dati/eng/dataset/covid19-vakcinacijas,6708,6704,4,
Latvia,2021-01-10,Pfizer/BioNTech,https://data.gov.lv/dati/eng/dataset/covid19-vakcinacijas,7044,7040,4,
Latvia,2021-01-11,"Moderna, Pfizer/BioNTech",https://data.gov.lv/dati/eng/dataset/covid19-vakcinacijas,8417,8413,4,
Latvia,2021-01-12,"Moderna, Pfizer/BioNTech",https://data.gov.lv/dati/eng/dataset/covid19-vakcinacijas,10049,10043,6,
Latvia,2021-01-13,"Johnson&Johnson, Moderna, Pfizer/BioNTech",https://data.gov.lv/dati/eng/dataset/covid19-vakcinacijas,11569,11561,9,
Latvia,2021-01-14,"Moderna, Oxford/AstraZeneca, Pfizer/BioNTech",https://data.gov.lv/dati/eng/dataset/covid19-vakcinacijas,13408,13397,12,
Latvia,2021-01-15,"Moderna, Pfizer/BioNTech",https://data.gov.lv/dati/eng/dataset/covid19-vakcinacijas,15286,15275,12,
Latvia,2021-01-16,"Moderna, Pfizer/BioNTech",https://data.gov.lv/dati/eng/dataset/covid19-vakcinacijas,15958,15947,12,
Latvia,2021-01-17,"Oxford/AstraZeneca, Pfizer/BioNTech",https://data.gov.lv/dati/eng/dataset/covid19-vakcinacijas,16080,16066,15,
Latvia,2021-01-18,"Moderna, Pfizer/BioNTech",https://data.gov.lv/dati/eng/dataset/covid19-vakcinacijas,16934,16339,596,
Latvia,2021-01-19,"Moderna, Pfizer/BioNTech",https://data.gov.lv/dati/eng/dataset/covid19-vakcinacijas,17815,16415,1401,
Latvia,2021-01-20,"Moderna, Pfizer/BioNTech",https://data.gov.lv/dati/eng/dataset/covid19-vakcinacijas,18598,16437,2162,
Latvia,2021-01-21,"Moderna, Pfizer/BioNTech",https://data.gov.lv/dati/eng/dataset/covid19-vakcinacijas,18888,16709,2180,
Latvia,2021-01-22,"Moderna, Pfizer/BioNTech",https://data.gov.lv/dati/eng/dataset/covid19-vakcinacijas,19116,16915,2202,
Latvia,2021-01-23,Pfizer/BioNTech,https://data.gov.lv/dati/eng/dataset/covid19-vakcinacijas,19245,17042,2204,
Latvia,2021-01-24,Pfizer/BioNTech,https://data.gov.lv/dati/eng/dataset/covid19-vakcinacijas,19246,17042,2205,
Latvia,2021-01-25,"Moderna, Oxford/AstraZeneca, Pfizer/BioNTech",https://data.gov.lv/dati/eng/dataset/covid19-vakcinacijas,19922,17067,2856,
Latvia,2021-01-26,"Moderna, Pfizer/BioNTech",https://data.gov.lv/dati/eng/dataset/covid19-vakcinacijas,20781,17101,3681,
Latvia,2021-01-27,"Moderna, Pfizer/BioNTech",https://data.gov.lv/dati/eng/dataset/covid19-vakcinacijas,21614,17189,4426,
Latvia,2021-01-28,"Moderna, Pfizer/BioNTech",https://data.gov.lv/dati/eng/dataset/covid19-vakcinacijas,22400,17221,5180,
Latvia,2021-01-29,"Moderna, Pfizer/BioNTech",https://data.gov.lv/dati/eng/dataset/covid19-vakcinacijas,23368,17275,6094,
Latvia,2021-01-30,"Moderna, Oxford/AstraZeneca, Pfizer/BioNTech",https://data.gov.lv/dati/eng/dataset/covid19-vakcinacijas,23682,17283,6400,
Latvia,2021-01-31,"Moderna, Oxford/AstraZeneca, Pfizer/BioNTech",https://data.gov.lv/dati/eng/dataset/covid19-vakcinacijas,24029,17293,6737,
Latvia,2021-02-01,"Moderna, Oxford/AstraZeneca, Pfizer/BioNTech",https://data.gov.lv/dati/eng/dataset/covid19-vakcinacijas,25222,17310,7913,
Latvia,2021-02-02,"Moderna, Oxford/AstraZeneca, Pfizer/BioNTech",https://data.gov.lv/dati/eng/dataset/covid19-vakcinacijas,27050,17457,9594,
Latvia,2021-02-03,"Moderna, Pfizer/BioNTech",https://data.gov.lv/dati/eng/dataset/covid19-vakcinacijas,28682,17707,10976,
Latvia,2021-02-04,"Moderna, Pfizer/BioNTech",https://data.gov.lv/dati/eng/dataset/covid19-vakcinacijas,30194,17850,12345,
Latvia,2021-02-05,"Moderna, Oxford/AstraZeneca, Pfizer/BioNTech",https://data.gov.lv/dati/eng/dataset/covid19-vakcinacijas,31866,18015,13852,
Latvia,2021-02-06,"Oxford/AstraZeneca, Pfizer/BioNTech",https://data.gov.lv/dati/eng/dataset/covid19-vakcinacijas,32438,18026,14413,
Latvia,2021-02-07,"Oxford/AstraZeneca, Pfizer/BioNTech",https://data.gov.lv/dati/eng/dataset/covid19-vakcinacijas,32566,18031,14536,
Latvia,2021-02-08,"Moderna, Oxford/AstraZeneca, Pfizer/BioNTech",https://data.gov.lv/dati/eng/dataset/covid19-vakcinacijas,32984,18291,14694,
Latvia,2021-02-09,"Moderna, Oxford/AstraZeneca, Pfizer/BioNTech",https://data.gov.lv/dati/eng/dataset/covid19-vakcinacijas,33175,18436,14740,
Latvia,2021-02-10,"Moderna, Oxford/AstraZeneca, Pfizer/BioNTech",https://data.gov.lv/dati/eng/dataset/covid19-vakcinacijas,33821,18878,14944,
Latvia,2021-02-11,"Moderna, Oxford/AstraZeneca, Pfizer/BioNTech",https://data.gov.lv/dati/eng/dataset/covid19-vakcinacijas,35623,19990,15634,
Latvia,2021-02-12,"Moderna, Oxford/AstraZeneca, Pfizer/BioNTech",https://data.gov.lv/dati/eng/dataset/covid19-vakcinacijas,37372,21175,16198,
Latvia,2021-02-13,"Moderna, Oxford/AstraZeneca, Pfizer/BioNTech",https://data.gov.lv/dati/eng/dataset/covid19-vakcinacijas,37775,21401,16375,
Latvia,2021-02-14,"Moderna, Oxford/AstraZeneca, Pfizer/BioNTech",https://data.gov.lv/dati/eng/dataset/covid19-vakcinacijas,37801,21406,16396,
Latvia,2021-02-15,"Moderna, Oxford/AstraZeneca, Pfizer/BioNTech",https://data.gov.lv/dati/eng/dataset/covid19-vakcinacijas,38682,22131,16552,
Latvia,2021-02-16,"Moderna, Oxford/AstraZeneca, Pfizer/BioNTech",https://data.gov.lv/dati/eng/dataset/covid19-vakcinacijas,40081,23450,16632,
Latvia,2021-02-17,"Moderna, Oxford/AstraZeneca, Pfizer/BioNTech",https://data.gov.lv/dati/eng/dataset/covid19-vakcinacijas,42093,25280,16814,
Latvia,2021-02-18,"Moderna, Oxford/AstraZeneca, Pfizer/BioNTech",https://data.gov.lv/dati/eng/dataset/covid19-vakcinacijas,43653,26782,16872,
Latvia,2021-02-19,"Moderna, Oxford/AstraZeneca, Pfizer/BioNTech",https://data.gov.lv/dati/eng/dataset/covid19-vakcinacijas,45035,28106,16930,
Latvia,2021-02-20,"Moderna, Oxford/AstraZeneca, Pfizer/BioNTech",https://data.gov.lv/dati/eng/dataset/covid19-vakcinacijas,45783,28835,16949,
Latvia,2021-02-21,"Moderna, Oxford/AstraZeneca, Pfizer/BioNTech",https://data.gov.lv/dati/eng/dataset/covid19-vakcinacijas,46600,29649,16952,
Latvia,2021-02-22,"Moderna, Oxford/AstraZeneca, Pfizer/BioNTech",https://data.gov.lv/dati/eng/dataset/covid19-vakcinacijas,48392,31407,16986,
Latvia,2021-02-23,"Moderna, Oxford/AstraZeneca, Pfizer/BioNTech",https://data.gov.lv/dati/eng/dataset/covid19-vakcinacijas,50798,33781,17018,
Latvia,2021-02-24,"Moderna, Oxford/AstraZeneca, Pfizer/BioNTech",https://data.gov.lv/dati/eng/dataset/covid19-vakcinacijas,55136,38078,17059,
Latvia,2021-02-25,"Moderna, Oxford/AstraZeneca, Pfizer/BioNTech",https://data.gov.lv/dati/eng/dataset/covid19-vakcinacijas,59345,42241,17105,
Latvia,2021-02-26,"Moderna, Oxford/AstraZeneca, Pfizer/BioNTech",https://data.gov.lv/dati/eng/dataset/covid19-vakcinacijas,62748,45556,17193,
Latvia,2021-02-27,"Moderna, Oxford/AstraZeneca, Pfizer/BioNTech",https://data.gov.lv/dati/eng/dataset/covid19-vakcinacijas,63341,46140,17202,
Latvia,2021-02-28,"Moderna, Oxford/AstraZeneca, Pfizer/BioNTech",https://data.gov.lv/dati/eng/dataset/covid19-vakcinacijas,63478,46274,17205,
Latvia,2021-03-01,"Moderna, Oxford/AstraZeneca, Pfizer/BioNTech",https://data.gov.lv/dati/eng/dataset/covid19-vakcinacijas,65755,48320,17436,
Latvia,2021-03-02,"Moderna, Oxford/AstraZeneca, Pfizer/BioNTech",https://data.gov.lv/dati/eng/dataset/covid19-vakcinacijas,68623,50882,17742,
Latvia,2021-03-03,"Moderna, Oxford/AstraZeneca, Pfizer/BioNTech",https://data.gov.lv/dati/eng/dataset/covid19-vakcinacijas,74150,56212,17939,
Latvia,2021-03-04,"Moderna, Oxford/AstraZeneca, Pfizer/BioNTech",https://data.gov.lv/dati/eng/dataset/covid19-vakcinacijas,82360,64302,18059,
Latvia,2021-03-05,"Johnson&Johnson, Moderna, Oxford/AstraZeneca, Pfizer/BioNTech",https://data.gov.lv/dati/eng/dataset/covid19-vakcinacijas,89423,71226,18199,
Latvia,2021-03-06,"Moderna, Oxford/AstraZeneca, Pfizer/BioNTech",https://data.gov.lv/dati/eng/dataset/covid19-vakcinacijas,90561,72358,18205,
Latvia,2021-03-07,"Johnson&Johnson, Oxford/AstraZeneca, Pfizer/BioNTech",https://data.gov.lv/dati/eng/dataset/covid19-vakcinacijas,90651,72442,18212,
Latvia,2021-03-08,"Johnson&Johnson, Moderna, Oxford/AstraZeneca, Pfizer/BioNTech",https://data.gov.lv/dati/eng/dataset/covid19-vakcinacijas,93062,74812,18254,
Latvia,2021-03-09,"Moderna, Oxford/AstraZeneca, Pfizer/BioNTech",https://data.gov.lv/dati/eng/dataset/covid19-vakcinacijas,96254,77975,18283,
Latvia,2021-03-10,"Moderna, Oxford/AstraZeneca, Pfizer/BioNTech",https://data.gov.lv/dati/eng/dataset/covid19-vakcinacijas,99746,81415,18335,
Latvia,2021-03-11,"Moderna, Oxford/AstraZeneca, Pfizer/BioNTech",https://data.gov.lv/dati/eng/dataset/covid19-vakcinacijas,103563,85219,18348,
Latvia,2021-03-12,"Moderna, Oxford/AstraZeneca, Pfizer/BioNTech",https://data.gov.lv/dati/eng/dataset/covid19-vakcinacijas,111011,92654,18361,
Latvia,2021-03-13,"Moderna, Oxford/AstraZeneca, Pfizer/BioNTech",https://data.gov.lv/dati/eng/dataset/covid19-vakcinacijas,112326,93966,18364,
Latvia,2021-03-14,"Moderna, Oxford/AstraZeneca, Pfizer/BioNTech",https://data.gov.lv/dati/eng/dataset/covid19-vakcinacijas,112403,94041,18366,
Latvia,2021-03-15,"Moderna, Oxford/AstraZeneca, Pfizer/BioNTech",https://data.gov.lv/dati/eng/dataset/covid19-vakcinacijas,117973,99543,18434,
Latvia,2021-03-16,"Johnson&Johnson, Moderna, Oxford/AstraZeneca, Pfizer/BioNTech",https://data.gov.lv/dati/eng/dataset/covid19-vakcinacijas,118173,99615,18564,
Latvia,2021-03-17,"Moderna, Oxford/AstraZeneca, Pfizer/BioNTech",https://data.gov.lv/dati/eng/dataset/covid19-vakcinacijas,118360,99693,18673,
Latvia,2021-03-18,"Johnson&Johnson, Moderna, Oxford/AstraZeneca, Pfizer/BioNTech",https://data.gov.lv/dati/eng/dataset/covid19-vakcinacijas,118653,99722,18938,
Latvia,2021-03-19,"Moderna, Oxford/AstraZeneca, Pfizer/BioNTech",https://data.gov.lv/dati/eng/dataset/covid19-vakcinacijas,119616,100395,19228,
Latvia,2021-03-20,"Moderna, Oxford/AstraZeneca, Pfizer/BioNTech",https://data.gov.lv/dati/eng/dataset/covid19-vakcinacijas,120033,100811,19229,
Latvia,2021-03-21,"Moderna, Oxford/AstraZeneca, Pfizer/BioNTech",https://data.gov.lv/dati/eng/dataset/covid19-vakcinacijas,120071,100843,19235,
Latvia,2021-03-22,"Johnson&Johnson, Moderna, Oxford/AstraZeneca, Pfizer/BioNTech",https://data.gov.lv/dati/eng/dataset/covid19-vakcinacijas,123766,104308,19467,
Latvia,2021-03-23,"Johnson&Johnson, Moderna, Oxford/AstraZeneca, Pfizer/BioNTech",https://data.gov.lv/dati/eng/dataset/covid19-vakcinacijas,131324,111475,19859,
Latvia,2021-03-24,"Moderna, Oxford/AstraZeneca, Pfizer/BioNTech",https://data.gov.lv/dati/eng/dataset/covid19-vakcinacijas,139756,119219,20547,
Latvia,2021-03-25,"Moderna, Oxford/AstraZeneca, Pfizer/BioNTech",https://data.gov.lv/dati/eng/dataset/covid19-vakcinacijas,146799,125581,21228,
Latvia,2021-03-26,"Moderna, Oxford/AstraZeneca, Pfizer/BioNTech",https://data.gov.lv/dati/eng/dataset/covid19-vakcinacijas,151788,129870,21928,
Latvia,2021-03-27,"Moderna, Oxford/AstraZeneca, Pfizer/BioNTech",https://data.gov.lv/dati/eng/dataset/covid19-vakcinacijas,152370,130121,22259,
Latvia,2021-03-28,"Oxford/AstraZeneca, Pfizer/BioNTech",https://data.gov.lv/dati/eng/dataset/covid19-vakcinacijas,152409,130156,22263,
Latvia,2021-03-29,"Moderna, Oxford/AstraZeneca, Pfizer/BioNTech",https://data.gov.lv/dati/eng/dataset/covid19-vakcinacijas,155099,132444,22665,
Latvia,2021-03-30,"Johnson&Johnson, Moderna, Oxford/AstraZeneca, Pfizer/BioNTech",https://data.gov.lv/dati/eng/dataset/covid19-vakcinacijas,161295,137918,23388,
Latvia,2021-03-31,"Moderna, Oxford/AstraZeneca, Pfizer/BioNTech",https://data.gov.lv/dati/eng/dataset/covid19-vakcinacijas,168279,143665,24625,
Latvia,2021-04-01,"Johnson&Johnson, Moderna, Oxford/AstraZeneca, Pfizer/BioNTech",https://data.gov.lv/dati/eng/dataset/covid19-vakcinacijas,173199,147855,25356,
Latvia,2021-04-02,"Johnson&Johnson, Moderna, Oxford/AstraZeneca, Pfizer/BioNTech",https://data.gov.lv/dati/eng/dataset/covid19-vakcinacijas,173787,148443,25357,
Latvia,2021-04-03,"Johnson&Johnson, Moderna, Oxford/AstraZeneca, Pfizer/BioNTech",https://data.gov.lv/dati/eng/dataset/covid19-vakcinacijas,177457,152040,25431,
Latvia,2021-04-04,"Moderna, Oxford/AstraZeneca, Pfizer/BioNTech",https://data.gov.lv/dati/eng/dataset/covid19-vakcinacijas,179088,153671,25431,
Latvia,2021-04-05,"Johnson&Johnson, Moderna, Oxford/AstraZeneca, Pfizer/BioNTech",https://data.gov.lv/dati/eng/dataset/covid19-vakcinacijas,181970,156548,25437,
Latvia,2021-04-06,"Johnson&Johnson, Moderna, Oxford/AstraZeneca, Pfizer/BioNTech",https://data.gov.lv/dati/eng/dataset/covid19-vakcinacijas,188045,162116,25945,
Latvia,2021-04-07,"Johnson&Johnson, Moderna, Oxford/AstraZeneca, Pfizer/BioNTech",https://data.gov.lv/dati/eng/dataset/covid19-vakcinacijas,198631,172219,26437,
Latvia,2021-04-08,"Johnson&Johnson, Moderna, Oxford/AstraZeneca, Pfizer/BioNTech",https://data.gov.lv/dati/eng/dataset/covid19-vakcinacijas,206432,179733,26729,
Latvia,2021-04-09,"Johnson&Johnson, Moderna, Oxford/AstraZeneca, Pfizer/BioNTech",https://data.gov.lv/dati/eng/dataset/covid19-vakcinacijas,212166,185269,26933,
Latvia,2021-04-10,"Moderna, Oxford/AstraZeneca, Pfizer/BioNTech",https://data.gov.lv/dati/eng/dataset/covid19-vakcinacijas,214192,187206,27022,
Latvia,2021-04-11,"Johnson&Johnson, Moderna, Oxford/AstraZeneca, Pfizer/BioNTech",https://data.gov.lv/dati/eng/dataset/covid19-vakcinacijas,214291,187303,27026,
Latvia,2021-04-12,"Moderna, Oxford/AstraZeneca, Pfizer/BioNTech",https://data.gov.lv/dati/eng/dataset/covid19-vakcinacijas,217288,190221,27105,
Latvia,2021-04-13,"Johnson&Johnson, Moderna, Oxford/AstraZeneca, Pfizer/BioNTech",https://data.gov.lv/dati/eng/dataset/covid19-vakcinacijas,221670,194529,27180,
Latvia,2021-04-14,"Moderna, Oxford/AstraZeneca, Pfizer/BioNTech",https://data.gov.lv/dati/eng/dataset/covid19-vakcinacijas,228538,201147,27430,
Latvia,2021-04-15,"Moderna, Oxford/AstraZeneca, Pfizer/BioNTech",https://data.gov.lv/dati/eng/dataset/covid19-vakcinacijas,234864,206705,28198,
Latvia,2021-04-16,"Moderna, Oxford/AstraZeneca, Pfizer/BioNTech",https://data.gov.lv/dati/eng/dataset/covid19-vakcinacijas,244343,215428,28954,
Latvia,2021-04-17,"Moderna, Oxford/AstraZeneca, Pfizer/BioNTech",https://data.gov.lv/dati/eng/dataset/covid19-vakcinacijas,250865,221841,29063,
Latvia,2021-04-18,"Moderna, Oxford/AstraZeneca, Pfizer/BioNTech",https://data.gov.lv/dati/eng/dataset/covid19-vakcinacijas,251797,222769,29067,
Latvia,2021-04-19,"Moderna, Oxford/AstraZeneca, Pfizer/BioNTech",https://data.gov.lv/dati/eng/dataset/covid19-vakcinacijas,255804,226068,29775,
Latvia,2021-04-20,"Moderna, Oxford/AstraZeneca, Pfizer/BioNTech",https://data.gov.lv/dati/eng/dataset/covid19-vakcinacijas,263222,231517,31744,
Latvia,2021-04-21,"Moderna, Oxford/AstraZeneca, Pfizer/BioNTech",https://data.gov.lv/dati/eng/dataset/covid19-vakcinacijas,273690,238857,34872,
Latvia,2021-04-22,"Moderna, Oxford/AstraZeneca, Pfizer/BioNTech",https://data.gov.lv/dati/eng/dataset/covid19-vakcinacijas,283584,246256,37367,
Latvia,2021-04-23,"Moderna, Oxford/AstraZeneca, Pfizer/BioNTech",https://data.gov.lv/dati/eng/dataset/covid19-vakcinacijas,294422,255039,39422,
Latvia,2021-04-24,"Moderna, Oxford/AstraZeneca, Pfizer/BioNTech",https://data.gov.lv/dati/eng/dataset/covid19-vakcinacijas,300638,260589,40088,
Latvia,2021-04-25,"Moderna, Oxford/AstraZeneca, Pfizer/BioNTech",https://data.gov.lv/dati/eng/dataset/covid19-vakcinacijas,302041,261954,40126,
Latvia,2021-04-26,"Moderna, Oxford/AstraZeneca, Pfizer/BioNTech",https://data.gov.lv/dati/eng/dataset/covid19-vakcinacijas,306638,264628,42049,
Latvia,2021-04-27,"Johnson&Johnson, Moderna, Oxford/AstraZeneca, Pfizer/BioNTech",https://data.gov.lv/dati/eng/dataset/covid19-vakcinacijas,314173,269323,44964,
Latvia,2021-04-28,"Johnson&Johnson, Moderna, Oxford/AstraZeneca, Pfizer/BioNTech",https://data.gov.lv/dati/eng/dataset/covid19-vakcinacijas,328834,280413,48646,
Latvia,2021-04-29,"Johnson&Johnson, Moderna, Oxford/AstraZeneca, Pfizer/BioNTech",https://data.gov.lv/dati/eng/dataset/covid19-vakcinacijas,343314,290820,52768,
Latvia,2021-04-30,"Johnson&Johnson, Moderna, Oxford/AstraZeneca, Pfizer/BioNTech",https://data.gov.lv/dati/eng/dataset/covid19-vakcinacijas,354881,299802,55435,
Latvia,2021-05-01,"Johnson&Johnson, Moderna, Oxford/AstraZeneca, Pfizer/BioNTech",https://data.gov.lv/dati/eng/dataset/covid19-vakcinacijas,361744,306143,55959,
Latvia,2021-05-02,"Johnson&Johnson, Moderna, Oxford/AstraZeneca, Pfizer/BioNTech",https://data.gov.lv/dati/eng/dataset/covid19-vakcinacijas,363356,307726,55999,
Latvia,2021-05-03,"Johnson&Johnson, Moderna, Oxford/AstraZeneca, Pfizer/BioNTech",https://data.gov.lv/dati/eng/dataset/covid19-vakcinacijas,366353,309809,56914,
Latvia,2021-05-04,"Johnson&Johnson, Moderna, Oxford/AstraZeneca, Pfizer/BioNTech",https://data.gov.lv/dati/eng/dataset/covid19-vakcinacijas,375243,318545,57071,
Latvia,2021-05-05,"Johnson&Johnson, Moderna, Oxford/AstraZeneca, Pfizer/BioNTech",https://data.gov.lv/dati/eng/dataset/covid19-vakcinacijas,392016,328152,64372,
Latvia,2021-05-06,"Johnson&Johnson, Moderna, Oxford/AstraZeneca, Pfizer/BioNTech",https://data.gov.lv/dati/eng/dataset/covid19-vakcinacijas,413747,341740,72687,
Latvia,2021-05-07,"Johnson&Johnson, Moderna, Oxford/AstraZeneca, Pfizer/BioNTech",https://data.gov.lv/dati/eng/dataset/covid19-vakcinacijas,433779,353563,81061,
Latvia,2021-05-08,"Johnson&Johnson, Moderna, Oxford/AstraZeneca, Pfizer/BioNTech",https://data.gov.lv/dati/eng/dataset/covid19-vakcinacijas,446085,363597,83381,
Latvia,2021-05-09,"Johnson&Johnson, Moderna, Oxford/AstraZeneca, Pfizer/BioNTech",https://data.gov.lv/dati/eng/dataset/covid19-vakcinacijas,447714,364934,83756,
Latvia,2021-05-10,"Johnson&Johnson, Moderna, Oxford/AstraZeneca, Pfizer/BioNTech",https://data.gov.lv/dati/eng/dataset/covid19-vakcinacijas,457309,369953,88457,
Latvia,2021-05-11,"Johnson&Johnson, Moderna, Oxford/AstraZeneca, Pfizer/BioNTech",https://data.gov.lv/dati/eng/dataset/covid19-vakcinacijas,475329,382821,93889,
Latvia,2021-05-12,"Johnson&Johnson, Moderna, Oxford/AstraZeneca, Pfizer/BioNTech",https://data.gov.lv/dati/eng/dataset/covid19-vakcinacijas,498156,398789,101319,
Latvia,2021-05-13,"Johnson&Johnson, Moderna, Oxford/AstraZeneca, Pfizer/BioNTech",https://data.gov.lv/dati/eng/dataset/covid19-vakcinacijas,520619,414105,109127,
Latvia,2021-05-14,"Johnson&Johnson, Moderna, Oxford/AstraZeneca, Pfizer/BioNTech",https://data.gov.lv/dati/eng/dataset/covid19-vakcinacijas,542563,426282,119809,
Latvia,2021-05-15,"Johnson&Johnson, Moderna, Oxford/AstraZeneca, Pfizer/BioNTech",https://data.gov.lv/dati/eng/dataset/covid19-vakcinacijas,555882,434036,125467,
Latvia,2021-05-16,"Johnson&Johnson, Moderna, Oxford/AstraZeneca, Pfizer/BioNTech",https://data.gov.lv/dati/eng/dataset/covid19-vakcinacijas,560919,438067,126493,
Latvia,2021-05-17,"Johnson&Johnson, Moderna, Oxford/AstraZeneca, Pfizer/BioNTech",https://data.gov.lv/dati/eng/dataset/covid19-vakcinacijas,572890,445455,131709,
Latvia,2021-05-18,"Johnson&Johnson, Moderna, Oxford/AstraZeneca, Pfizer/BioNTech",https://data.gov.lv/dati/eng/dataset/covid19-vakcinacijas,590239,456382,139411,
Latvia,2021-05-19,"Johnson&Johnson, Moderna, Oxford/AstraZeneca, Pfizer/BioNTech",https://data.gov.lv/dati/eng/dataset/covid19-vakcinacijas,613381,466481,154367,
Latvia,2021-05-20,"Johnson&Johnson, Moderna, Oxford/AstraZeneca, Pfizer/BioNTech",https://data.gov.lv/dati/eng/dataset/covid19-vakcinacijas,634808,474819,169246,
Latvia,2021-05-21,"Johnson&Johnson, Moderna, Oxford/AstraZeneca, Pfizer/BioNTech",https://data.gov.lv/dati/eng/dataset/covid19-vakcinacijas,655580,485611,181613,
Latvia,2021-05-22,"Johnson&Johnson, Moderna, Oxford/AstraZeneca, Pfizer/BioNTech",https://data.gov.lv/dati/eng/dataset/covid19-vakcinacijas,668330,491680,189776,
Latvia,2021-05-23,"Johnson&Johnson, Moderna, Oxford/AstraZeneca, Pfizer/BioNTech",https://data.gov.lv/dati/eng/dataset/covid19-vakcinacijas,671156,492748,191746,
Latvia,2021-05-24,"Johnson&Johnson, Moderna, Oxford/AstraZeneca, Pfizer/BioNTech",https://data.gov.lv/dati/eng/dataset/covid19-vakcinacijas,683027,499060,198672,
Latvia,2021-05-25,"Johnson&Johnson, Moderna, Oxford/AstraZeneca, Pfizer/BioNTech",https://data.gov.lv/dati/eng/dataset/covid19-vakcinacijas,703555,505998,213385,
Latvia,2021-05-26,"Johnson&Johnson, Moderna, Oxford/AstraZeneca, Pfizer/BioNTech",https://data.gov.lv/dati/eng/dataset/covid19-vakcinacijas,725456,513915,228389,
Latvia,2021-05-27,"Johnson&Johnson, Moderna, Oxford/AstraZeneca, Pfizer/BioNTech",https://data.gov.lv/dati/eng/dataset/covid19-vakcinacijas,747360,519612,245524,
Latvia,2021-05-28,"Johnson&Johnson, Moderna, Oxford/AstraZeneca, Pfizer/BioNTech",https://data.gov.lv/dati/eng/dataset/covid19-vakcinacijas,772052,530102,261157,
Latvia,2021-05-29,"Johnson&Johnson, Moderna, Oxford/AstraZeneca, Pfizer/BioNTech",https://data.gov.lv/dati/eng/dataset/covid19-vakcinacijas,783917,535207,269566,
Latvia,2021-05-30,"Johnson&Johnson, Moderna, Oxford/AstraZeneca, Pfizer/BioNTech",https://data.gov.lv/dati/eng/dataset/covid19-vakcinacijas,788055,537949,271699,
Latvia,2021-05-31,"Johnson&Johnson, Moderna, Oxford/AstraZeneca, Pfizer/BioNTech",https://data.gov.lv/dati/eng/dataset/covid19-vakcinacijas,801089,543992,279748,
Latvia,2021-06-01,"Johnson&Johnson, Moderna, Oxford/AstraZeneca, Pfizer/BioNTech",https://data.gov.lv/dati/eng/dataset/covid19-vakcinacijas,822263,551080,294785,
Latvia,2021-06-02,"Johnson&Johnson, Moderna, Oxford/AstraZeneca, Pfizer/BioNTech",https://data.gov.lv/dati/eng/dataset/covid19-vakcinacijas,844245,555822,313482,
Latvia,2021-06-03,"Johnson&Johnson, Moderna, Oxford/AstraZeneca, Pfizer/BioNTech",https://data.gov.lv/dati/eng/dataset/covid19-vakcinacijas,866038,560401,331776,
Latvia,2021-06-04,"Johnson&Johnson, Moderna, Oxford/AstraZeneca, Pfizer/BioNTech",https://data.gov.lv/dati/eng/dataset/covid19-vakcinacijas,886090,567350,346689,
Latvia,2021-06-05,"Johnson&Johnson, Moderna, Oxford/AstraZeneca, Pfizer/BioNTech",https://data.gov.lv/dati/eng/dataset/covid19-vakcinacijas,897334,570748,355574,
Latvia,2021-06-06,"Johnson&Johnson, Moderna, Oxford/AstraZeneca, Pfizer/BioNTech",https://data.gov.lv/dati/eng/dataset/covid19-vakcinacijas,902545,572143,360472,
Latvia,2021-06-07,"Johnson&Johnson, Moderna, Oxford/AstraZeneca, Pfizer/BioNTech",https://data.gov.lv/dati/eng/dataset/covid19-vakcinacijas,917467,578222,370362,
Latvia,2021-06-08,"Johnson&Johnson, Moderna, Oxford/AstraZeneca, Pfizer/BioNTech",https://data.gov.lv/dati/eng/dataset/covid19-vakcinacijas,935571,583667,384429,
Latvia,2021-06-09,"Johnson&Johnson, Moderna, Oxford/AstraZeneca, Pfizer/BioNTech",https://data.gov.lv/dati/eng/dataset/covid19-vakcinacijas,953930,589918,397752,
Latvia,2021-06-10,"Johnson&Johnson, Moderna, Oxford/AstraZeneca, Pfizer/BioNTech",https://data.gov.lv/dati/eng/dataset/covid19-vakcinacijas,970937,595966,410306,
Latvia,2021-06-11,"Johnson&Johnson, Moderna, Oxford/AstraZeneca, Pfizer/BioNTech",https://data.gov.lv/dati/eng/dataset/covid19-vakcinacijas,988314,601815,423398,
Latvia,2021-06-12,"Johnson&Johnson, Moderna, Oxford/AstraZeneca, Pfizer/BioNTech",https://data.gov.lv/dati/eng/dataset/covid19-vakcinacijas,996573,606213,428553,
Latvia,2021-06-13,"Johnson&Johnson, Moderna, Oxford/AstraZeneca, Pfizer/BioNTech",https://data.gov.lv/dati/eng/dataset/covid19-vakcinacijas,998203,607483,429376,
Latvia,2021-06-14,"Johnson&Johnson, Moderna, Oxford/AstraZeneca, Pfizer/BioNTech",https://data.gov.lv/dati/eng/dataset/covid19-vakcinacijas,1008576,611095,437030,
Latvia,2021-06-15,"Johnson&Johnson, Moderna, Oxford/AstraZeneca, Pfizer/BioNTech",https://data.gov.lv/dati/eng/dataset/covid19-vakcinacijas,1021548,615589,447174,
Latvia,2021-06-16,"Johnson&Johnson, Moderna, Oxford/AstraZeneca, Pfizer/BioNTech",https://data.gov.lv/dati/eng/dataset/covid19-vakcinacijas,1037453,621235,459030,
Latvia,2021-06-17,"Johnson&Johnson, Moderna, Oxford/AstraZeneca, Pfizer/BioNTech",https://data.gov.lv/dati/eng/dataset/covid19-vakcinacijas,1050736,626775,468425,
Latvia,2021-06-18,"Johnson&Johnson, Moderna, Oxford/AstraZeneca, Pfizer/BioNTech",https://data.gov.lv/dati/eng/dataset/covid19-vakcinacijas,1068048,632456,482064,
Latvia,2021-06-19,"Johnson&Johnson, Moderna, Oxford/AstraZeneca, Pfizer/BioNTech",https://data.gov.lv/dati/eng/dataset/covid19-vakcinacijas,1076518,635989,488489,
Latvia,2021-06-20,"Johnson&Johnson, Moderna, Oxford/AstraZeneca, Pfizer/BioNTech",https://data.gov.lv/dati/eng/dataset/covid19-vakcinacijas,1079995,637009,491607,
Latvia,2021-06-21,"Johnson&Johnson, Moderna, Oxford/AstraZeneca, Pfizer/BioNTech",https://data.gov.lv/dati/eng/dataset/covid19-vakcinacijas,1092529,640607,502058,
Latvia,2021-06-22,"Johnson&Johnson, Moderna, Oxford/AstraZeneca, Pfizer/BioNTech",https://data.gov.lv/dati/eng/dataset/covid19-vakcinacijas,1102882,643591,510718,
Latvia,2021-06-23,"Johnson&Johnson, Moderna, Oxford/AstraZeneca, Pfizer/BioNTech",https://data.gov.lv/dati/eng/dataset/covid19-vakcinacijas,1103226,643820,510961,
Latvia,2021-06-24,"Johnson&Johnson, Moderna, Oxford/AstraZeneca, Pfizer/BioNTech",https://data.gov.lv/dati/eng/dataset/covid19-vakcinacijas,1103321,643854,511032,
Latvia,2021-06-25,"Johnson&Johnson, Moderna, Oxford/AstraZeneca, Pfizer/BioNTech",https://data.gov.lv/dati/eng/dataset/covid19-vakcinacijas,1106321,644637,513576,
Latvia,2021-06-26,"Johnson&Johnson, Moderna, Oxford/AstraZeneca, Pfizer/BioNTech",https://data.gov.lv/dati/eng/dataset/covid19-vakcinacijas,1109535,645891,516146,
Latvia,2021-06-27,"Johnson&Johnson, Moderna, Oxford/AstraZeneca, Pfizer/BioNTech",https://data.gov.lv/dati/eng/dataset/covid19-vakcinacijas,1111809,646588,518194,
Latvia,2021-06-28,"Johnson&Johnson, Moderna, Oxford/AstraZeneca, Pfizer/BioNTech",https://data.gov.lv/dati/eng/dataset/covid19-vakcinacijas,1127327,649907,531699,
Latvia,2021-06-29,"Johnson&Johnson, Moderna, Oxford/AstraZeneca, Pfizer/BioNTech",https://data.gov.lv/dati/eng/dataset/covid19-vakcinacijas,1141734,654947,542918,
Latvia,2021-06-30,"Johnson&Johnson, Moderna, Oxford/AstraZeneca, Pfizer/BioNTech",https://data.gov.lv/dati/eng/dataset/covid19-vakcinacijas,1156459,659869,554650,
Latvia,2021-07-01,"Johnson&Johnson, Moderna, Oxford/AstraZeneca, Pfizer/BioNTech",https://data.gov.lv/dati/eng/dataset/covid19-vakcinacijas,1168220,664615,563327,
Latvia,2021-07-02,"Johnson&Johnson, Moderna, Oxford/AstraZeneca, Pfizer/BioNTech",https://data.gov.lv/dati/eng/dataset/covid19-vakcinacijas,1180629,669713,572607,
Latvia,2021-07-03,"Johnson&Johnson, Moderna, Oxford/AstraZeneca, Pfizer/BioNTech",https://data.gov.lv/dati/eng/dataset/covid19-vakcinacijas,1189248,672877,579649,
Latvia,2021-07-04,"Johnson&Johnson, Moderna, Oxford/AstraZeneca, Pfizer/BioNTech",https://data.gov.lv/dati/eng/dataset/covid19-vakcinacijas,1191477,674289,581298,
Latvia,2021-07-05,"Johnson&Johnson, Moderna, Oxford/AstraZeneca, Pfizer/BioNTech",https://data.gov.lv/dati/eng/dataset/covid19-vakcinacijas,1199183,678362,586471,
Latvia,2021-07-06,"Johnson&Johnson, Moderna, Oxford/AstraZeneca, Pfizer/BioNTech",https://data.gov.lv/dati/eng/dataset/covid19-vakcinacijas,1208060,683141,592620,
Latvia,2021-07-07,"Johnson&Johnson, Moderna, Oxford/AstraZeneca, Pfizer/BioNTech",https://data.gov.lv/dati/eng/dataset/covid19-vakcinacijas,1218228,688527,599948,
Latvia,2021-07-08,"Johnson&Johnson, Moderna, Oxford/AstraZeneca, Pfizer/BioNTech",https://data.gov.lv/dati/eng/dataset/covid19-vakcinacijas,1226891,692963,606164,
Latvia,2021-07-09,"Johnson&Johnson, Moderna, Oxford/AstraZeneca, Pfizer/BioNTech",https://data.gov.lv/dati/eng/dataset/covid19-vakcinacijas,1238199,698301,614664,
Latvia,2021-07-10,"Johnson&Johnson, Moderna, Oxford/AstraZeneca, Pfizer/BioNTech",https://data.gov.lv/dati/eng/dataset/covid19-vakcinacijas,1246212,701211,621398,
Latvia,2021-07-11,"Johnson&Johnson, Moderna, Oxford/AstraZeneca, Pfizer/BioNTech",https://data.gov.lv/dati/eng/dataset/covid19-vakcinacijas,1248259,702641,622933,
Latvia,2021-07-12,"Johnson&Johnson, Moderna, Oxford/AstraZeneca, Pfizer/BioNTech",https://data.gov.lv/dati/eng/dataset/covid19-vakcinacijas,1254734,706206,627505,
Latvia,2021-07-13,"Johnson&Johnson, Moderna, Oxford/AstraZeneca, Pfizer/BioNTech",https://data.gov.lv/dati/eng/dataset/covid19-vakcinacijas,1261369,710664,631818,
Latvia,2021-07-14,"Johnson&Johnson, Moderna, Oxford/AstraZeneca, Pfizer/BioNTech",https://data.gov.lv/dati/eng/dataset/covid19-vakcinacijas,1267253,715495,635192,
Latvia,2021-07-15,"Johnson&Johnson, Moderna, Oxford/AstraZeneca, Pfizer/BioNTech",https://data.gov.lv/dati/eng/dataset/covid19-vakcinacijas,1272041,719444,637716,
Latvia,2021-07-16,"Johnson&Johnson, Moderna, Oxford/AstraZeneca, Pfizer/BioNTech",https://data.gov.lv/dati/eng/dataset/covid19-vakcinacijas,1277708,724056,640719,
Latvia,2021-07-17,"Johnson&Johnson, Moderna, Oxford/AstraZeneca, Pfizer/BioNTech",https://data.gov.lv/dati/eng/dataset/covid19-vakcinacijas,1281347,727027,642967,
Latvia,2021-07-18,"Johnson&Johnson, Moderna, Oxford/AstraZeneca, Pfizer/BioNTech",https://data.gov.lv/dati/eng/dataset/covid19-vakcinacijas,1282607,727917,643754,
Latvia,2021-07-19,"Johnson&Johnson, Moderna, Oxford/AstraZeneca, Pfizer/BioNTech",https://data.gov.lv/dati/eng/dataset/covid19-vakcinacijas,1287696,731019,646932,
Latvia,2021-07-20,"Johnson&Johnson, Moderna, Oxford/AstraZeneca, Pfizer/BioNTech",https://data.gov.lv/dati/eng/dataset/covid19-vakcinacijas,1294480,735004,650989,
Latvia,2021-07-21,"Johnson&Johnson, Moderna, Oxford/AstraZeneca, Pfizer/BioNTech",https://data.gov.lv/dati/eng/dataset/covid19-vakcinacijas,1301837,739359,655418,
Latvia,2021-07-22,"Johnson&Johnson, Moderna, Oxford/AstraZeneca, Pfizer/BioNTech",https://data.gov.lv/dati/eng/dataset/covid19-vakcinacijas,1308370,743011,659532,
Latvia,2021-07-23,"Johnson&Johnson, Moderna, Oxford/AstraZeneca, Pfizer/BioNTech",https://data.gov.lv/dati/eng/dataset/covid19-vakcinacijas,1314630,746673,663105,
Latvia,2021-07-24,"Johnson&Johnson, Moderna, Oxford/AstraZeneca, Pfizer/BioNTech",https://data.gov.lv/dati/eng/dataset/covid19-vakcinacijas,1319347,749795,665760,
Latvia,2021-07-25,"Johnson&Johnson, Moderna, Oxford/AstraZeneca, Pfizer/BioNTech",https://data.gov.lv/dati/eng/dataset/covid19-vakcinacijas,1320700,750569,666594,
Latvia,2021-07-26,"Johnson&Johnson, Moderna, Oxford/AstraZeneca, Pfizer/BioNTech",https://data.gov.lv/dati/eng/dataset/covid19-vakcinacijas,1326390,753447,670038,
Latvia,2021-07-27,"Johnson&Johnson, Moderna, Oxford/AstraZeneca, Pfizer/BioNTech",https://data.gov.lv/dati/eng/dataset/covid19-vakcinacijas,1332637,756876,673452,
Latvia,2021-07-28,"Johnson&Johnson, Moderna, Oxford/AstraZeneca, Pfizer/BioNTech",https://data.gov.lv/dati/eng/dataset/covid19-vakcinacijas,1339568,760532,677331,
Latvia,2021-07-29,"Johnson&Johnson, Moderna, Oxford/AstraZeneca, Pfizer/BioNTech",https://data.gov.lv/dati/eng/dataset/covid19-vakcinacijas,1345061,763748,680236,
Latvia,2021-07-30,"Johnson&Johnson, Moderna, Oxford/AstraZeneca, Pfizer/BioNTech",https://data.gov.lv/dati/eng/dataset/covid19-vakcinacijas,1351930,767522,683878,
Latvia,2021-07-31,"Johnson&Johnson, Moderna, Oxford/AstraZeneca, Pfizer/BioNTech",https://data.gov.lv/dati/eng/dataset/covid19-vakcinacijas,1355746,770046,685833,
Latvia,2021-08-01,"Johnson&Johnson, Moderna, Oxford/AstraZeneca, Pfizer/BioNTech",https://data.gov.lv/dati/eng/dataset/covid19-vakcinacijas,1357135,770964,686630,
Latvia,2021-08-02,"Johnson&Johnson, Moderna, Oxford/AstraZeneca, Pfizer/BioNTech",https://data.gov.lv/dati/eng/dataset/covid19-vakcinacijas,1361941,773901,689150,
Latvia,2021-08-03,"Johnson&Johnson, Moderna, Oxford/AstraZeneca, Pfizer/BioNTech",https://data.gov.lv/dati/eng/dataset/covid19-vakcinacijas,1368239,777530,692725,
Latvia,2021-08-04,"Johnson&Johnson, Moderna, Oxford/AstraZeneca, Pfizer/BioNTech",https://data.gov.lv/dati/eng/dataset/covid19-vakcinacijas,1374648,781453,696014,
Latvia,2021-08-05,"Johnson&Johnson, Moderna, Oxford/AstraZeneca, Pfizer/BioNTech",https://data.gov.lv/dati/eng/dataset/covid19-vakcinacijas,1379830,784630,698517,
Latvia,2021-08-06,"Johnson&Johnson, Moderna, Oxford/AstraZeneca, Pfizer/BioNTech",https://data.gov.lv/dati/eng/dataset/covid19-vakcinacijas,1386341,788604,701878,
Latvia,2021-08-07,"Johnson&Johnson, Moderna, Oxford/AstraZeneca, Pfizer/BioNTech",https://data.gov.lv/dati/eng/dataset/covid19-vakcinacijas,1390448,791453,704475,
Latvia,2021-08-08,"Johnson&Johnson, Moderna, Oxford/AstraZeneca, Pfizer/BioNTech",https://data.gov.lv/dati/eng/dataset/covid19-vakcinacijas,1391521,792204,705093,
Latvia,2021-08-09,"Johnson&Johnson, Moderna, Oxford/AstraZeneca, Pfizer/BioNTech",https://data.gov.lv/dati/eng/dataset/covid19-vakcinacijas,1396244,794923,707381,
Latvia,2021-08-10,"Johnson&Johnson, Moderna, Oxford/AstraZeneca, Pfizer/BioNTech",https://data.gov.lv/dati/eng/dataset/covid19-vakcinacijas,1402205,798252,710497,
Latvia,2021-08-11,"Johnson&Johnson, Moderna, Oxford/AstraZeneca, Pfizer/BioNTech",https://data.gov.lv/dati/eng/dataset/covid19-vakcinacijas,1409695,802882,713948,
Latvia,2021-08-12,"Johnson&Johnson, Moderna, Oxford/AstraZeneca, Pfizer/BioNTech",https://data.gov.lv/dati/eng/dataset/covid19-vakcinacijas,1414974,806013,716391,
Latvia,2021-08-13,"Johnson&Johnson, Moderna, Oxford/AstraZeneca, Pfizer/BioNTech",https://data.gov.lv/dati/eng/dataset/covid19-vakcinacijas,1421470,810023,719315,
Latvia,2021-08-14,"Johnson&Johnson, Moderna, Oxford/AstraZeneca, Pfizer/BioNTech",https://data.gov.lv/dati/eng/dataset/covid19-vakcinacijas,1425274,812322,721133,
Latvia,2021-08-15,"Johnson&Johnson, Moderna, Oxford/AstraZeneca, Pfizer/BioNTech",https://data.gov.lv/dati/eng/dataset/covid19-vakcinacijas,1426464,812988,721745,
Latvia,2021-08-16,"Johnson&Johnson, Moderna, Oxford/AstraZeneca, Pfizer/BioNTech",https://data.gov.lv/dati/eng/dataset/covid19-vakcinacijas,1431153,815575,724060,
Latvia,2021-08-17,"Johnson&Johnson, Moderna, Oxford/AstraZeneca, Pfizer/BioNTech",https://data.gov.lv/dati/eng/dataset/covid19-vakcinacijas,1437047,818664,727150,
Latvia,2021-08-18,"Johnson&Johnson, Moderna, Oxford/AstraZeneca, Pfizer/BioNTech",https://data.gov.lv/dati/eng/dataset/covid19-vakcinacijas,1444144,823071,730431,
Latvia,2021-08-19,"Johnson&Johnson, Moderna, Oxford/AstraZeneca, Pfizer/BioNTech",https://data.gov.lv/dati/eng/dataset/covid19-vakcinacijas,1449008,825959,732790,
Latvia,2021-08-20,"Johnson&Johnson, Moderna, Oxford/AstraZeneca, Pfizer/BioNTech",https://data.gov.lv/dati/eng/dataset/covid19-vakcinacijas,1454263,829029,735276,
