date,people_fully_vaccinated,people_vaccinated,total_vaccinations,vaccine,location,source_url,total_boosters
2020-12-27,,2454,2454,Pfizer/BioNTech,Lithuania,https://experience.arcgis.com/experience/cab84dcfe0464c2a8050a78f817924ca/page/page_3/,
2020-12-28,,5211,5211,Pfizer/BioNTech,Lithuania,https://experience.arcgis.com/experience/cab84dcfe0464c2a8050a78f817924ca/page/page_3/,
2020-12-29,,8185,8185,Pfizer/BioNTech,Lithuania,https://experience.arcgis.com/experience/cab84dcfe0464c2a8050a78f817924ca/page/page_3/,
2020-12-30,,9717,9717,Pfizer/BioNTech,Lithuania,https://experience.arcgis.com/experience/cab84dcfe0464c2a8050a78f817924ca/page/page_3/,
2020-12-31,,9742,9742,Pfizer/BioNTech,Lithuania,https://experience.arcgis.com/experience/cab84dcfe0464c2a8050a78f817924ca/page/page_3/,
2021-01-01,,9742,9742,Pfizer/BioNTech,Lithuania,https://experience.arcgis.com/experience/cab84dcfe0464c2a8050a78f817924ca/page/page_3/,
2021-01-02,,9742,9742,Pfizer/BioNTech,Lithuania,https://experience.arcgis.com/experience/cab84dcfe0464c2a8050a78f817924ca/page/page_3/,
2021-01-03,,9742,9742,Pfizer/BioNTech,Lithuania,https://experience.arcgis.com/experience/cab84dcfe0464c2a8050a78f817924ca/page/page_3/,
2021-01-04,,9744,9744,Pfizer/BioNTech,Lithuania,https://experience.arcgis.com/experience/cab84dcfe0464c2a8050a78f817924ca/page/page_3/,
2021-01-05,,10368,10368,Pfizer/BioNTech,Lithuania,https://experience.arcgis.com/experience/cab84dcfe0464c2a8050a78f817924ca/page/page_3/,
2021-01-06,,13873,13873,Pfizer/BioNTech,Lithuania,https://experience.arcgis.com/experience/cab84dcfe0464c2a8050a78f817924ca/page/page_3/,
2021-01-07,,18057,18057,Pfizer/BioNTech,Lithuania,https://experience.arcgis.com/experience/cab84dcfe0464c2a8050a78f817924ca/page/page_3/,
2021-01-08,,23249,23249,Pfizer/BioNTech,Lithuania,https://experience.arcgis.com/experience/cab84dcfe0464c2a8050a78f817924ca/page/page_3/,
2021-01-09,,23553,23553,Pfizer/BioNTech,Lithuania,https://experience.arcgis.com/experience/cab84dcfe0464c2a8050a78f817924ca/page/page_3/,
2021-01-10,,23556,23556,Pfizer/BioNTech,Lithuania,https://experience.arcgis.com/experience/cab84dcfe0464c2a8050a78f817924ca/page/page_3/,
2021-01-11,,25762,25762,Pfizer/BioNTech,Lithuania,https://experience.arcgis.com/experience/cab84dcfe0464c2a8050a78f817924ca/page/page_3/,
2021-01-12,,27855,27855,Pfizer/BioNTech,Lithuania,https://experience.arcgis.com/experience/cab84dcfe0464c2a8050a78f817924ca/page/page_3/,
2021-01-13,,34123,34123,"Moderna, Pfizer/BioNTech",Lithuania,https://experience.arcgis.com/experience/cab84dcfe0464c2a8050a78f817924ca/page/page_3/,
2021-01-14,,42809,42809,"Moderna, Pfizer/BioNTech",Lithuania,https://experience.arcgis.com/experience/cab84dcfe0464c2a8050a78f817924ca/page/page_3/,
2021-01-15,,50144,50144,"Moderna, Pfizer/BioNTech",Lithuania,https://experience.arcgis.com/experience/cab84dcfe0464c2a8050a78f817924ca/page/page_3/,
2021-01-16,,51249,51249,"Moderna, Pfizer/BioNTech",Lithuania,https://experience.arcgis.com/experience/cab84dcfe0464c2a8050a78f817924ca/page/page_3/,
2021-01-17,1090,51291,52381,"Moderna, Pfizer/BioNTech",Lithuania,https://experience.arcgis.com/experience/cab84dcfe0464c2a8050a78f817924ca/page/page_3/,
2021-01-18,2771,54147,56918,"Moderna, Pfizer/BioNTech",Lithuania,https://experience.arcgis.com/experience/cab84dcfe0464c2a8050a78f817924ca/page/page_3/,
2021-01-19,6687,56526,63213,"Moderna, Pfizer/BioNTech",Lithuania,https://experience.arcgis.com/experience/cab84dcfe0464c2a8050a78f817924ca/page/page_3/,
2021-01-20,8522,58169,66691,"Moderna, Pfizer/BioNTech",Lithuania,https://experience.arcgis.com/experience/cab84dcfe0464c2a8050a78f817924ca/page/page_3/,
2021-01-21,9160,59080,68240,"Moderna, Pfizer/BioNTech",Lithuania,https://experience.arcgis.com/experience/cab84dcfe0464c2a8050a78f817924ca/page/page_3/,
2021-01-22,9230,59404,68634,"Moderna, Pfizer/BioNTech",Lithuania,https://experience.arcgis.com/experience/cab84dcfe0464c2a8050a78f817924ca/page/page_3/,
2021-01-23,9230,59412,68642,"Moderna, Pfizer/BioNTech",Lithuania,https://experience.arcgis.com/experience/cab84dcfe0464c2a8050a78f817924ca/page/page_3/,
2021-01-24,9230,59412,68642,"Moderna, Pfizer/BioNTech",Lithuania,https://experience.arcgis.com/experience/cab84dcfe0464c2a8050a78f817924ca/page/page_3/,
2021-01-25,9233,59514,68747,"Moderna, Pfizer/BioNTech",Lithuania,https://experience.arcgis.com/experience/cab84dcfe0464c2a8050a78f817924ca/page/page_3/,
2021-01-26,9894,62007,71901,"Moderna, Pfizer/BioNTech",Lithuania,https://experience.arcgis.com/experience/cab84dcfe0464c2a8050a78f817924ca/page/page_3/,
2021-01-27,12959,65852,78811,"Moderna, Pfizer/BioNTech",Lithuania,https://experience.arcgis.com/experience/cab84dcfe0464c2a8050a78f817924ca/page/page_3/,
2021-01-28,16669,69239,85908,"Moderna, Pfizer/BioNTech",Lithuania,https://experience.arcgis.com/experience/cab84dcfe0464c2a8050a78f817924ca/page/page_3/,
2021-01-29,21747,72229,93976,"Moderna, Pfizer/BioNTech",Lithuania,https://experience.arcgis.com/experience/cab84dcfe0464c2a8050a78f817924ca/page/page_3/,
2021-01-30,22194,72425,94619,"Moderna, Pfizer/BioNTech",Lithuania,https://experience.arcgis.com/experience/cab84dcfe0464c2a8050a78f817924ca/page/page_3/,
2021-01-31,22194,72433,94627,"Moderna, Pfizer/BioNTech",Lithuania,https://experience.arcgis.com/experience/cab84dcfe0464c2a8050a78f817924ca/page/page_3/,
2021-02-01,23960,73485,97445,"Moderna, Pfizer/BioNTech",Lithuania,https://experience.arcgis.com/experience/cab84dcfe0464c2a8050a78f817924ca/page/page_3/,
2021-02-02,26140,75141,101281,"Moderna, Oxford/AstraZeneca, Pfizer/BioNTech",Lithuania,https://experience.arcgis.com/experience/cab84dcfe0464c2a8050a78f817924ca/page/page_3/,
2021-02-03,31267,76760,108027,"Moderna, Oxford/AstraZeneca, Pfizer/BioNTech",Lithuania,https://experience.arcgis.com/experience/cab84dcfe0464c2a8050a78f817924ca/page/page_3/,
2021-02-04,39574,78246,117820,"Moderna, Oxford/AstraZeneca, Pfizer/BioNTech",Lithuania,https://experience.arcgis.com/experience/cab84dcfe0464c2a8050a78f817924ca/page/page_3/,
2021-02-05,45891,79186,125077,"Moderna, Oxford/AstraZeneca, Pfizer/BioNTech",Lithuania,https://experience.arcgis.com/experience/cab84dcfe0464c2a8050a78f817924ca/page/page_3/,
2021-02-06,46546,79255,125801,"Moderna, Oxford/AstraZeneca, Pfizer/BioNTech",Lithuania,https://experience.arcgis.com/experience/cab84dcfe0464c2a8050a78f817924ca/page/page_3/,
2021-02-07,46641,79257,125898,"Moderna, Oxford/AstraZeneca, Pfizer/BioNTech",Lithuania,https://experience.arcgis.com/experience/cab84dcfe0464c2a8050a78f817924ca/page/page_3/,
2021-02-08,49077,79473,128550,"Moderna, Oxford/AstraZeneca, Pfizer/BioNTech",Lithuania,https://experience.arcgis.com/experience/cab84dcfe0464c2a8050a78f817924ca/page/page_3/,
2021-02-09,50873,80549,131422,"Moderna, Oxford/AstraZeneca, Pfizer/BioNTech",Lithuania,https://experience.arcgis.com/experience/cab84dcfe0464c2a8050a78f817924ca/page/page_3/,
2021-02-10,52490,85073,137563,"Moderna, Oxford/AstraZeneca, Pfizer/BioNTech",Lithuania,https://experience.arcgis.com/experience/cab84dcfe0464c2a8050a78f817924ca/page/page_3/,
2021-02-11,53788,92852,146640,"Moderna, Oxford/AstraZeneca, Pfizer/BioNTech",Lithuania,https://experience.arcgis.com/experience/cab84dcfe0464c2a8050a78f817924ca/page/page_3/,
2021-02-12,54766,99180,153946,"Moderna, Oxford/AstraZeneca, Pfizer/BioNTech",Lithuania,https://experience.arcgis.com/experience/cab84dcfe0464c2a8050a78f817924ca/page/page_3/,
2021-02-13,54766,99628,154394,"Moderna, Oxford/AstraZeneca, Pfizer/BioNTech",Lithuania,https://experience.arcgis.com/experience/cab84dcfe0464c2a8050a78f817924ca/page/page_3/,
2021-02-14,54767,99628,154395,"Moderna, Oxford/AstraZeneca, Pfizer/BioNTech",Lithuania,https://experience.arcgis.com/experience/cab84dcfe0464c2a8050a78f817924ca/page/page_3/,
2021-02-15,55456,103585,159041,"Moderna, Oxford/AstraZeneca, Pfizer/BioNTech",Lithuania,https://experience.arcgis.com/experience/cab84dcfe0464c2a8050a78f817924ca/page/page_3/,
2021-02-16,55671,103896,159567,"Moderna, Oxford/AstraZeneca, Pfizer/BioNTech",Lithuania,https://experience.arcgis.com/experience/cab84dcfe0464c2a8050a78f817924ca/page/page_3/,
2021-02-17,59605,108248,167853,"Moderna, Oxford/AstraZeneca, Pfizer/BioNTech",Lithuania,https://experience.arcgis.com/experience/cab84dcfe0464c2a8050a78f817924ca/page/page_3/,
2021-02-18,64452,114756,179208,"Moderna, Oxford/AstraZeneca, Pfizer/BioNTech",Lithuania,https://experience.arcgis.com/experience/cab84dcfe0464c2a8050a78f817924ca/page/page_3/,
2021-02-19,67780,121927,189707,"Moderna, Oxford/AstraZeneca, Pfizer/BioNTech",Lithuania,https://experience.arcgis.com/experience/cab84dcfe0464c2a8050a78f817924ca/page/page_3/,
2021-02-20,67841,122871,190712,"Moderna, Oxford/AstraZeneca, Pfizer/BioNTech",Lithuania,https://experience.arcgis.com/experience/cab84dcfe0464c2a8050a78f817924ca/page/page_3/,
2021-02-21,67841,122872,190713,"Moderna, Oxford/AstraZeneca, Pfizer/BioNTech",Lithuania,https://experience.arcgis.com/experience/cab84dcfe0464c2a8050a78f817924ca/page/page_3/,
2021-02-22,69422,126768,196190,"Moderna, Oxford/AstraZeneca, Pfizer/BioNTech",Lithuania,https://experience.arcgis.com/experience/cab84dcfe0464c2a8050a78f817924ca/page/page_3/,
2021-02-23,70528,134325,204853,"Moderna, Oxford/AstraZeneca, Pfizer/BioNTech",Lithuania,https://experience.arcgis.com/experience/cab84dcfe0464c2a8050a78f817924ca/page/page_3/,
2021-02-24,71455,145138,216593,"Moderna, Oxford/AstraZeneca, Pfizer/BioNTech",Lithuania,https://experience.arcgis.com/experience/cab84dcfe0464c2a8050a78f817924ca/page/page_3/,
2021-02-25,72405,156063,228468,"Moderna, Oxford/AstraZeneca, Pfizer/BioNTech",Lithuania,https://experience.arcgis.com/experience/cab84dcfe0464c2a8050a78f817924ca/page/page_3/,
2021-02-26,73453,165063,238516,"Moderna, Oxford/AstraZeneca, Pfizer/BioNTech",Lithuania,https://experience.arcgis.com/experience/cab84dcfe0464c2a8050a78f817924ca/page/page_3/,
2021-02-27,73484,165825,239309,"Moderna, Oxford/AstraZeneca, Pfizer/BioNTech",Lithuania,https://experience.arcgis.com/experience/cab84dcfe0464c2a8050a78f817924ca/page/page_3/,
2021-02-28,73484,166275,239759,"Moderna, Oxford/AstraZeneca, Pfizer/BioNTech",Lithuania,https://experience.arcgis.com/experience/cab84dcfe0464c2a8050a78f817924ca/page/page_3/,
2021-03-01,73632,173697,247329,"Moderna, Oxford/AstraZeneca, Pfizer/BioNTech",Lithuania,https://experience.arcgis.com/experience/cab84dcfe0464c2a8050a78f817924ca/page/page_3/,
2021-03-02,74248,182435,256683,"Moderna, Oxford/AstraZeneca, Pfizer/BioNTech",Lithuania,https://experience.arcgis.com/experience/cab84dcfe0464c2a8050a78f817924ca/page/page_3/,
2021-03-03,76510,192185,268695,"Moderna, Oxford/AstraZeneca, Pfizer/BioNTech",Lithuania,https://experience.arcgis.com/experience/cab84dcfe0464c2a8050a78f817924ca/page/page_3/,
2021-03-04,81724,202456,284180,"Moderna, Oxford/AstraZeneca, Pfizer/BioNTech",Lithuania,https://experience.arcgis.com/experience/cab84dcfe0464c2a8050a78f817924ca/page/page_3/,
2021-03-05,86415,211800,298215,"Moderna, Oxford/AstraZeneca, Pfizer/BioNTech",Lithuania,https://experience.arcgis.com/experience/cab84dcfe0464c2a8050a78f817924ca/page/page_3/,
2021-03-06,86558,212283,298841,"Moderna, Oxford/AstraZeneca, Pfizer/BioNTech",Lithuania,https://experience.arcgis.com/experience/cab84dcfe0464c2a8050a78f817924ca/page/page_3/,
2021-03-07,86559,212284,298843,"Moderna, Oxford/AstraZeneca, Pfizer/BioNTech",Lithuania,https://experience.arcgis.com/experience/cab84dcfe0464c2a8050a78f817924ca/page/page_3/,
2021-03-08,87522,220249,307771,"Moderna, Oxford/AstraZeneca, Pfizer/BioNTech",Lithuania,https://experience.arcgis.com/experience/cab84dcfe0464c2a8050a78f817924ca/page/page_3/,
2021-03-09,88895,230787,319682,"Moderna, Oxford/AstraZeneca, Pfizer/BioNTech",Lithuania,https://experience.arcgis.com/experience/cab84dcfe0464c2a8050a78f817924ca/page/page_3/,
2021-03-10,91462,243875,335337,"Moderna, Oxford/AstraZeneca, Pfizer/BioNTech",Lithuania,https://experience.arcgis.com/experience/cab84dcfe0464c2a8050a78f817924ca/page/page_3/,
2021-03-11,92142,244332,336474,"Moderna, Oxford/AstraZeneca, Pfizer/BioNTech",Lithuania,https://experience.arcgis.com/experience/cab84dcfe0464c2a8050a78f817924ca/page/page_3/,
2021-03-12,99449,254975,354424,"Moderna, Oxford/AstraZeneca, Pfizer/BioNTech",Lithuania,https://experience.arcgis.com/experience/cab84dcfe0464c2a8050a78f817924ca/page/page_3/,
2021-03-13,100162,256008,356170,"Moderna, Oxford/AstraZeneca, Pfizer/BioNTech",Lithuania,https://experience.arcgis.com/experience/cab84dcfe0464c2a8050a78f817924ca/page/page_3/,
2021-03-14,100162,256034,356196,"Moderna, Oxford/AstraZeneca, Pfizer/BioNTech",Lithuania,https://experience.arcgis.com/experience/cab84dcfe0464c2a8050a78f817924ca/page/page_3/,
2021-03-15,101287,262964,364251,"Moderna, Oxford/AstraZeneca, Pfizer/BioNTech",Lithuania,https://experience.arcgis.com/experience/cab84dcfe0464c2a8050a78f817924ca/page/page_3/,
2021-03-16,105946,268522,374468,"Moderna, Oxford/AstraZeneca, Pfizer/BioNTech",Lithuania,https://experience.arcgis.com/experience/cab84dcfe0464c2a8050a78f817924ca/page/page_3/,
2021-03-17,113845,271170,385015,"Moderna, Oxford/AstraZeneca, Pfizer/BioNTech",Lithuania,https://experience.arcgis.com/experience/cab84dcfe0464c2a8050a78f817924ca/page/page_3/,
2021-03-18,119491,273942,393433,"Moderna, Oxford/AstraZeneca, Pfizer/BioNTech",Lithuania,https://experience.arcgis.com/experience/cab84dcfe0464c2a8050a78f817924ca/page/page_3/,
2021-03-19,125623,277097,402720,"Moderna, Oxford/AstraZeneca, Pfizer/BioNTech",Lithuania,https://experience.arcgis.com/experience/cab84dcfe0464c2a8050a78f817924ca/page/page_3/,
2021-03-20,125875,277578,403453,"Moderna, Oxford/AstraZeneca, Pfizer/BioNTech",Lithuania,https://experience.arcgis.com/experience/cab84dcfe0464c2a8050a78f817924ca/page/page_3/,
2021-03-21,125895,277591,403486,"Moderna, Oxford/AstraZeneca, Pfizer/BioNTech",Lithuania,https://experience.arcgis.com/experience/cab84dcfe0464c2a8050a78f817924ca/page/page_3/,
2021-03-22,127256,284480,411736,"Moderna, Oxford/AstraZeneca, Pfizer/BioNTech",Lithuania,https://experience.arcgis.com/experience/cab84dcfe0464c2a8050a78f817924ca/page/page_3/,
2021-03-23,132935,291711,424646,"Moderna, Oxford/AstraZeneca, Pfizer/BioNTech",Lithuania,https://experience.arcgis.com/experience/cab84dcfe0464c2a8050a78f817924ca/page/page_3/,
2021-03-24,138412,303869,442281,"Moderna, Oxford/AstraZeneca, Pfizer/BioNTech",Lithuania,https://experience.arcgis.com/experience/cab84dcfe0464c2a8050a78f817924ca/page/page_3/,
2021-03-25,145283,313970,459253,"Moderna, Oxford/AstraZeneca, Pfizer/BioNTech",Lithuania,https://experience.arcgis.com/experience/cab84dcfe0464c2a8050a78f817924ca/page/page_3/,
2021-03-26,151935,323766,475701,"Moderna, Oxford/AstraZeneca, Pfizer/BioNTech",Lithuania,https://experience.arcgis.com/experience/cab84dcfe0464c2a8050a78f817924ca/page/page_3/,
2021-03-27,152047,326808,478855,"Moderna, Oxford/AstraZeneca, Pfizer/BioNTech",Lithuania,https://experience.arcgis.com/experience/cab84dcfe0464c2a8050a78f817924ca/page/page_3/,
2021-03-28,152131,326909,479040,"Moderna, Oxford/AstraZeneca, Pfizer/BioNTech",Lithuania,https://experience.arcgis.com/experience/cab84dcfe0464c2a8050a78f817924ca/page/page_3/,
2021-03-29,154176,332730,486906,"Moderna, Oxford/AstraZeneca, Pfizer/BioNTech",Lithuania,https://experience.arcgis.com/experience/cab84dcfe0464c2a8050a78f817924ca/page/page_3/,
2021-03-30,160340,339460,499800,"Moderna, Oxford/AstraZeneca, Pfizer/BioNTech",Lithuania,https://experience.arcgis.com/experience/cab84dcfe0464c2a8050a78f817924ca/page/page_3/,
2021-03-31,167680,352877,520557,"Moderna, Oxford/AstraZeneca, Pfizer/BioNTech",Lithuania,https://experience.arcgis.com/experience/cab84dcfe0464c2a8050a78f817924ca/page/page_3/,
2021-04-01,170375,368513,538888,"Moderna, Oxford/AstraZeneca, Pfizer/BioNTech",Lithuania,https://experience.arcgis.com/experience/cab84dcfe0464c2a8050a78f817924ca/page/page_3/,
2021-04-02,177301,381396,558697,"Moderna, Oxford/AstraZeneca, Pfizer/BioNTech",Lithuania,https://experience.arcgis.com/experience/cab84dcfe0464c2a8050a78f817924ca/page/page_3/,
2021-04-03,177910,389455,567365,"Moderna, Oxford/AstraZeneca, Pfizer/BioNTech",Lithuania,https://experience.arcgis.com/experience/cab84dcfe0464c2a8050a78f817924ca/page/page_3/,
2021-04-04,177912,391863,569775,"Moderna, Oxford/AstraZeneca, Pfizer/BioNTech",Lithuania,https://experience.arcgis.com/experience/cab84dcfe0464c2a8050a78f817924ca/page/page_3/,
2021-04-05,177958,395532,573490,"Moderna, Oxford/AstraZeneca, Pfizer/BioNTech",Lithuania,https://experience.arcgis.com/experience/cab84dcfe0464c2a8050a78f817924ca/page/page_3/,
2021-04-06,180935,407253,588188,"Moderna, Oxford/AstraZeneca, Pfizer/BioNTech",Lithuania,https://experience.arcgis.com/experience/cab84dcfe0464c2a8050a78f817924ca/page/page_3/,
2021-04-07,182012,418930,600942,"Moderna, Oxford/AstraZeneca, Pfizer/BioNTech",Lithuania,https://experience.arcgis.com/experience/cab84dcfe0464c2a8050a78f817924ca/page/page_3/,
2021-04-08,187080,440813,627893,"Moderna, Oxford/AstraZeneca, Pfizer/BioNTech",Lithuania,https://experience.arcgis.com/experience/cab84dcfe0464c2a8050a78f817924ca/page/page_3/,
2021-04-09,190672,470713,661385,"Moderna, Oxford/AstraZeneca, Pfizer/BioNTech",Lithuania,https://experience.arcgis.com/experience/cab84dcfe0464c2a8050a78f817924ca/page/page_3/,
2021-04-10,190852,486160,677012,"Moderna, Oxford/AstraZeneca, Pfizer/BioNTech",Lithuania,https://experience.arcgis.com/experience/cab84dcfe0464c2a8050a78f817924ca/page/page_3/,
2021-04-11,190893,487845,678738,"Moderna, Oxford/AstraZeneca, Pfizer/BioNTech",Lithuania,https://experience.arcgis.com/experience/cab84dcfe0464c2a8050a78f817924ca/page/page_3/,
2021-04-12,191375,496132,687507,"Moderna, Oxford/AstraZeneca, Pfizer/BioNTech",Lithuania,https://experience.arcgis.com/experience/cab84dcfe0464c2a8050a78f817924ca/page/page_3/,
2021-04-13,194319,512028,706347,"Moderna, Oxford/AstraZeneca, Pfizer/BioNTech",Lithuania,https://experience.arcgis.com/experience/cab84dcfe0464c2a8050a78f817924ca/page/page_3/,
2021-04-14,200940,532210,733150,"Moderna, Oxford/AstraZeneca, Pfizer/BioNTech",Lithuania,https://experience.arcgis.com/experience/cab84dcfe0464c2a8050a78f817924ca/page/page_3/,
2021-04-15,206076,550272,756348,"Moderna, Oxford/AstraZeneca, Pfizer/BioNTech",Lithuania,https://experience.arcgis.com/experience/cab84dcfe0464c2a8050a78f817924ca/page/page_3/,
2021-04-16,210899,565901,776800,"Moderna, Oxford/AstraZeneca, Pfizer/BioNTech",Lithuania,https://experience.arcgis.com/experience/cab84dcfe0464c2a8050a78f817924ca/page/page_3/,
2021-04-17,211097,568211,779308,"Moderna, Oxford/AstraZeneca, Pfizer/BioNTech",Lithuania,https://experience.arcgis.com/experience/cab84dcfe0464c2a8050a78f817924ca/page/page_3/,
2021-04-18,211098,568294,779392,"Moderna, Oxford/AstraZeneca, Pfizer/BioNTech",Lithuania,https://experience.arcgis.com/experience/cab84dcfe0464c2a8050a78f817924ca/page/page_3/,
2021-04-19,212082,573158,785240,"Moderna, Oxford/AstraZeneca, Pfizer/BioNTech",Lithuania,https://experience.arcgis.com/experience/cab84dcfe0464c2a8050a78f817924ca/page/page_3/,
2021-04-20,216639,583870,800509,"Moderna, Oxford/AstraZeneca, Pfizer/BioNTech",Lithuania,https://experience.arcgis.com/experience/cab84dcfe0464c2a8050a78f817924ca/page/page_3/,
2021-04-21,229439,597749,827188,"Johnson&Johnson, Moderna, Oxford/AstraZeneca, Pfizer/BioNTech",Lithuania,https://experience.arcgis.com/experience/cab84dcfe0464c2a8050a78f817924ca/page/page_3/,
2021-04-22,239857,613499,853356,"Johnson&Johnson, Moderna, Oxford/AstraZeneca, Pfizer/BioNTech",Lithuania,https://experience.arcgis.com/experience/cab84dcfe0464c2a8050a78f817924ca/page/page_3/,
2021-04-23,247911,630107,878018,"Johnson&Johnson, Moderna, Oxford/AstraZeneca, Pfizer/BioNTech",Lithuania,https://experience.arcgis.com/experience/cab84dcfe0464c2a8050a78f817924ca/page/page_3/,
2021-04-24,248496,634073,882569,"Johnson&Johnson, Moderna, Oxford/AstraZeneca, Pfizer/BioNTech",Lithuania,https://experience.arcgis.com/experience/cab84dcfe0464c2a8050a78f817924ca/page/page_3/,
2021-04-25,248500,634338,882838,"Johnson&Johnson, Moderna, Oxford/AstraZeneca, Pfizer/BioNTech",Lithuania,https://experience.arcgis.com/experience/cab84dcfe0464c2a8050a78f817924ca/page/page_3/,
2021-04-26,249755,639265,889020,"Johnson&Johnson, Moderna, Oxford/AstraZeneca, Pfizer/BioNTech",Lithuania,https://experience.arcgis.com/experience/cab84dcfe0464c2a8050a78f817924ca/page/page_3/,
2021-04-27,250989,651121,902110,"Johnson&Johnson, Moderna, Oxford/AstraZeneca, Pfizer/BioNTech",Lithuania,https://experience.arcgis.com/experience/cab84dcfe0464c2a8050a78f817924ca/page/page_3/,
2021-04-28,252516,664981,917497,"Johnson&Johnson, Moderna, Oxford/AstraZeneca, Pfizer/BioNTech",Lithuania,https://experience.arcgis.com/experience/cab84dcfe0464c2a8050a78f817924ca/page/page_3/,
2021-04-29,272273,677954,950227,"Johnson&Johnson, Moderna, Oxford/AstraZeneca, Pfizer/BioNTech",Lithuania,https://experience.arcgis.com/experience/cab84dcfe0464c2a8050a78f817924ca/page/page_3/,
2021-04-30,298664,689295,987959,"Johnson&Johnson, Moderna, Oxford/AstraZeneca, Pfizer/BioNTech",Lithuania,https://experience.arcgis.com/experience/cab84dcfe0464c2a8050a78f817924ca/page/page_3/,
2021-05-01,307733,696018,1003751,"Johnson&Johnson, Moderna, Oxford/AstraZeneca, Pfizer/BioNTech",Lithuania,https://experience.arcgis.com/experience/cab84dcfe0464c2a8050a78f817924ca/page/page_3/,
2021-05-02,308453,696046,1004499,"Johnson&Johnson, Moderna, Oxford/AstraZeneca, Pfizer/BioNTech",Lithuania,https://experience.arcgis.com/experience/cab84dcfe0464c2a8050a78f817924ca/page/page_3/,
2021-05-03,312434,705472,1017906,"Johnson&Johnson, Moderna, Oxford/AstraZeneca, Pfizer/BioNTech",Lithuania,https://experience.arcgis.com/experience/cab84dcfe0464c2a8050a78f817924ca/page/page_3/,
2021-05-04,329597,716628,1046225,"Johnson&Johnson, Moderna, Oxford/AstraZeneca, Pfizer/BioNTech",Lithuania,https://experience.arcgis.com/experience/cab84dcfe0464c2a8050a78f817924ca/page/page_3/,
2021-05-05,351716,729265,1080981,"Johnson&Johnson, Moderna, Oxford/AstraZeneca, Pfizer/BioNTech",Lithuania,https://experience.arcgis.com/experience/cab84dcfe0464c2a8050a78f817924ca/page/page_3/,
2021-05-06,372237,744340,1116577,"Johnson&Johnson, Moderna, Oxford/AstraZeneca, Pfizer/BioNTech",Lithuania,https://experience.arcgis.com/experience/cab84dcfe0464c2a8050a78f817924ca/page/page_3/,
2021-05-07,387007,763505,1150512,"Johnson&Johnson, Moderna, Oxford/AstraZeneca, Pfizer/BioNTech",Lithuania,https://experience.arcgis.com/experience/cab84dcfe0464c2a8050a78f817924ca/page/page_3/,
2021-05-08,388702,777628,1166330,"Johnson&Johnson, Moderna, Oxford/AstraZeneca, Pfizer/BioNTech",Lithuania,https://experience.arcgis.com/experience/cab84dcfe0464c2a8050a78f817924ca/page/page_3/,
2021-05-09,388756,784709,1173465,"Johnson&Johnson, Moderna, Oxford/AstraZeneca, Pfizer/BioNTech",Lithuania,https://experience.arcgis.com/experience/cab84dcfe0464c2a8050a78f817924ca/page/page_3/,
2021-05-10,393779,800350,1194129,"Johnson&Johnson, Moderna, Oxford/AstraZeneca, Pfizer/BioNTech",Lithuania,https://experience.arcgis.com/experience/cab84dcfe0464c2a8050a78f817924ca/page/page_3/,
2021-05-11,404491,816149,1220640,"Johnson&Johnson, Moderna, Oxford/AstraZeneca, Pfizer/BioNTech",Lithuania,https://experience.arcgis.com/experience/cab84dcfe0464c2a8050a78f817924ca/page/page_3/,
2021-05-12,417676,834696,1252372,"Johnson&Johnson, Moderna, Oxford/AstraZeneca, Pfizer/BioNTech",Lithuania,https://experience.arcgis.com/experience/cab84dcfe0464c2a8050a78f817924ca/page/page_3/,
2021-05-13,431313,851302,1282615,"Johnson&Johnson, Moderna, Oxford/AstraZeneca, Pfizer/BioNTech",Lithuania,https://experience.arcgis.com/experience/cab84dcfe0464c2a8050a78f817924ca/page/page_3/,
2021-05-14,446329,867891,1314220,"Johnson&Johnson, Moderna, Oxford/AstraZeneca, Pfizer/BioNTech",Lithuania,https://experience.arcgis.com/experience/cab84dcfe0464c2a8050a78f817924ca/page/page_3/,
2021-05-15,449374,870994,1320368,"Johnson&Johnson, Moderna, Oxford/AstraZeneca, Pfizer/BioNTech",Lithuania,https://experience.arcgis.com/experience/cab84dcfe0464c2a8050a78f817924ca/page/page_3/,
2021-05-16,449582,871288,1320870,"Johnson&Johnson, Moderna, Oxford/AstraZeneca, Pfizer/BioNTech",Lithuania,https://experience.arcgis.com/experience/cab84dcfe0464c2a8050a78f817924ca/page/page_3/,
2021-05-17,454571,882098,1336669,"Johnson&Johnson, Moderna, Oxford/AstraZeneca, Pfizer/BioNTech",Lithuania,https://experience.arcgis.com/experience/cab84dcfe0464c2a8050a78f817924ca/page/page_3/,
2021-05-18,468469,892854,1361323,"Johnson&Johnson, Moderna, Oxford/AstraZeneca, Pfizer/BioNTech",Lithuania,https://experience.arcgis.com/experience/cab84dcfe0464c2a8050a78f817924ca/page/page_3/,
2021-05-19,485343,909239,1394582,"Johnson&Johnson, Moderna, Oxford/AstraZeneca, Pfizer/BioNTech",Lithuania,https://experience.arcgis.com/experience/cab84dcfe0464c2a8050a78f817924ca/page/page_3/,
2021-05-20,502305,924995,1427300,"Johnson&Johnson, Moderna, Oxford/AstraZeneca, Pfizer/BioNTech",Lithuania,https://experience.arcgis.com/experience/cab84dcfe0464c2a8050a78f817924ca/page/page_3/,
2021-05-21,517638,935603,1453241,"Johnson&Johnson, Moderna, Oxford/AstraZeneca, Pfizer/BioNTech",Lithuania,https://experience.arcgis.com/experience/cab84dcfe0464c2a8050a78f817924ca/page/page_3/,
2021-05-22,524318,938019,1462337,"Johnson&Johnson, Moderna, Oxford/AstraZeneca, Pfizer/BioNTech",Lithuania,https://experience.arcgis.com/experience/cab84dcfe0464c2a8050a78f817924ca/page/page_3/,
2021-05-23,524667,939505,1464172,"Johnson&Johnson, Moderna, Oxford/AstraZeneca, Pfizer/BioNTech",Lithuania,https://experience.arcgis.com/experience/cab84dcfe0464c2a8050a78f817924ca/page/page_3/,
2021-05-24,533798,944947,1478745,"Johnson&Johnson, Moderna, Oxford/AstraZeneca, Pfizer/BioNTech",Lithuania,https://experience.arcgis.com/experience/cab84dcfe0464c2a8050a78f817924ca/page/page_3/,
2021-05-25,544641,959898,1504539,"Johnson&Johnson, Moderna, Oxford/AstraZeneca, Pfizer/BioNTech",Lithuania,https://experience.arcgis.com/experience/cab84dcfe0464c2a8050a78f817924ca/page/page_3/,
2021-05-26,557606,976247,1533853,"Johnson&Johnson, Moderna, Oxford/AstraZeneca, Pfizer/BioNTech",Lithuania,https://experience.arcgis.com/experience/cab84dcfe0464c2a8050a78f817924ca/page/page_3/,
2021-05-27,572854,991476,1564330,"Johnson&Johnson, Moderna, Oxford/AstraZeneca, Pfizer/BioNTech",Lithuania,https://experience.arcgis.com/experience/cab84dcfe0464c2a8050a78f817924ca/page/page_3/,
2021-05-28,588345,1008547,1596892,"Johnson&Johnson, Moderna, Oxford/AstraZeneca, Pfizer/BioNTech",Lithuania,https://experience.arcgis.com/experience/cab84dcfe0464c2a8050a78f817924ca/page/page_3/,
2021-05-29,594413,1014030,1608443,"Johnson&Johnson, Moderna, Oxford/AstraZeneca, Pfizer/BioNTech",Lithuania,https://experience.arcgis.com/experience/cab84dcfe0464c2a8050a78f817924ca/page/page_3/,
2021-05-30,594442,1014593,1609035,"Johnson&Johnson, Moderna, Oxford/AstraZeneca, Pfizer/BioNTech",Lithuania,https://experience.arcgis.com/experience/cab84dcfe0464c2a8050a78f817924ca/page/page_3/,
2021-05-31,607766,1019781,1627547,"Johnson&Johnson, Moderna, Oxford/AstraZeneca, Pfizer/BioNTech",Lithuania,https://experience.arcgis.com/experience/cab84dcfe0464c2a8050a78f817924ca/page/page_3/,
2021-06-01,622666,1037737,1660403,"Johnson&Johnson, Moderna, Oxford/AstraZeneca, Pfizer/BioNTech",Lithuania,https://experience.arcgis.com/experience/cab84dcfe0464c2a8050a78f817924ca/page/page_3/,
2021-06-02,644298,1056857,1701155,"Johnson&Johnson, Moderna, Oxford/AstraZeneca, Pfizer/BioNTech",Lithuania,https://experience.arcgis.com/experience/cab84dcfe0464c2a8050a78f817924ca/page/page_3/,
2021-06-03,661251,1077597,1738848,"Johnson&Johnson, Moderna, Oxford/AstraZeneca, Pfizer/BioNTech",Lithuania,https://experience.arcgis.com/experience/cab84dcfe0464c2a8050a78f817924ca/page/page_3/,
2021-06-04,684012,1097466,1781478,"Johnson&Johnson, Moderna, Oxford/AstraZeneca, Pfizer/BioNTech",Lithuania,https://experience.arcgis.com/experience/cab84dcfe0464c2a8050a78f817924ca/page/page_3/,
2021-06-05,689999,1109808,1799807,"Johnson&Johnson, Moderna, Oxford/AstraZeneca, Pfizer/BioNTech",Lithuania,https://experience.arcgis.com/experience/cab84dcfe0464c2a8050a78f817924ca/page/page_3/,
2021-06-06,690198,1115229,1805427,"Johnson&Johnson, Moderna, Oxford/AstraZeneca, Pfizer/BioNTech",Lithuania,https://experience.arcgis.com/experience/cab84dcfe0464c2a8050a78f817924ca/page/page_3/,
2021-06-07,706469,1122111,1828580,"Johnson&Johnson, Moderna, Oxford/AstraZeneca, Pfizer/BioNTech",Lithuania,https://experience.arcgis.com/experience/cab84dcfe0464c2a8050a78f817924ca/page/page_3/,
2021-06-08,722391,1134092,1856483,"Johnson&Johnson, Moderna, Oxford/AstraZeneca, Pfizer/BioNTech",Lithuania,https://experience.arcgis.com/experience/cab84dcfe0464c2a8050a78f817924ca/page/page_3/,
2021-06-09,740458,1145667,1886125,"Johnson&Johnson, Moderna, Oxford/AstraZeneca, Pfizer/BioNTech",Lithuania,https://experience.arcgis.com/experience/cab84dcfe0464c2a8050a78f817924ca/page/page_3/,
2021-06-10,758383,1154652,1913035,"Johnson&Johnson, Moderna, Oxford/AstraZeneca, Pfizer/BioNTech",Lithuania,https://experience.arcgis.com/experience/cab84dcfe0464c2a8050a78f817924ca/page/page_3/,
2021-06-11,772341,1165516,1937857,"Johnson&Johnson, Moderna, Oxford/AstraZeneca, Pfizer/BioNTech",Lithuania,https://experience.arcgis.com/experience/cab84dcfe0464c2a8050a78f817924ca/page/page_3/,
2021-06-12,775190,1169561,1944751,"Johnson&Johnson, Moderna, Oxford/AstraZeneca, Pfizer/BioNTech",Lithuania,https://experience.arcgis.com/experience/cab84dcfe0464c2a8050a78f817924ca/page/page_3/,
2021-06-13,779259,1172702,1951961,"Johnson&Johnson, Moderna, Oxford/AstraZeneca, Pfizer/BioNTech",Lithuania,https://experience.arcgis.com/experience/cab84dcfe0464c2a8050a78f817924ca/page/page_3/,
2021-06-14,795451,1176813,1972264,"Johnson&Johnson, Moderna, Oxford/AstraZeneca, Pfizer/BioNTech",Lithuania,https://experience.arcgis.com/experience/cab84dcfe0464c2a8050a78f817924ca/page/page_3/,
2021-06-15,813577,1184936,1998513,"Johnson&Johnson, Moderna, Oxford/AstraZeneca, Pfizer/BioNTech",Lithuania,https://experience.arcgis.com/experience/cab84dcfe0464c2a8050a78f817924ca/page/page_3/,
2021-06-16,836629,1191870,2028499,"Johnson&Johnson, Moderna, Oxford/AstraZeneca, Pfizer/BioNTech",Lithuania,https://experience.arcgis.com/experience/cab84dcfe0464c2a8050a78f817924ca/page/page_3/,
2021-06-17,857002,1201724,2058726,"Johnson&Johnson, Moderna, Oxford/AstraZeneca, Pfizer/BioNTech",Lithuania,https://experience.arcgis.com/experience/cab84dcfe0464c2a8050a78f817924ca/page/page_3/,
2021-06-18,877124,1207697,2084821,"Johnson&Johnson, Moderna, Oxford/AstraZeneca, Pfizer/BioNTech",Lithuania,https://experience.arcgis.com/experience/cab84dcfe0464c2a8050a78f817924ca/page/page_3/,
2021-06-19,882945,1208952,2091897,"Johnson&Johnson, Moderna, Oxford/AstraZeneca, Pfizer/BioNTech",Lithuania,https://experience.arcgis.com/experience/cab84dcfe0464c2a8050a78f817924ca/page/page_3/,
2021-06-20,883907,1209308,2093215,"Johnson&Johnson, Moderna, Oxford/AstraZeneca, Pfizer/BioNTech",Lithuania,https://experience.arcgis.com/experience/cab84dcfe0464c2a8050a78f817924ca/page/page_3/,
2021-06-21,896389,1213957,2110346,"Johnson&Johnson, Moderna, Oxford/AstraZeneca, Pfizer/BioNTech",Lithuania,https://experience.arcgis.com/experience/cab84dcfe0464c2a8050a78f817924ca/page/page_3/,
2021-06-22,918163,1218019,2136182,"Johnson&Johnson, Moderna, Oxford/AstraZeneca, Pfizer/BioNTech",Lithuania,https://experience.arcgis.com/experience/cab84dcfe0464c2a8050a78f817924ca/page/page_3/,
2021-06-23,942379,1221390,2163769,"Johnson&Johnson, Moderna, Oxford/AstraZeneca, Pfizer/BioNTech",Lithuania,https://experience.arcgis.com/experience/cab84dcfe0464c2a8050a78f817924ca/page/page_3/,
2021-06-24,951144,1223004,2174148,"Johnson&Johnson, Moderna, Oxford/AstraZeneca, Pfizer/BioNTech",Lithuania,https://experience.arcgis.com/experience/cab84dcfe0464c2a8050a78f817924ca/page/page_3/,
2021-06-25,976269,1227248,2203517,"Johnson&Johnson, Moderna, Oxford/AstraZeneca, Pfizer/BioNTech",Lithuania,https://experience.arcgis.com/experience/cab84dcfe0464c2a8050a78f817924ca/page/page_3/,
2021-06-26,983777,1228184,2211961,"Johnson&Johnson, Moderna, Oxford/AstraZeneca, Pfizer/BioNTech",Lithuania,https://experience.arcgis.com/experience/cab84dcfe0464c2a8050a78f817924ca/page/page_3/,
2021-06-27,989431,1228822,2218253,"Johnson&Johnson, Moderna, Oxford/AstraZeneca, Pfizer/BioNTech",Lithuania,https://experience.arcgis.com/experience/cab84dcfe0464c2a8050a78f817924ca/page/page_3/,
2021-06-28,1006613,1231964,2238577,"Johnson&Johnson, Moderna, Oxford/AstraZeneca, Pfizer/BioNTech",Lithuania,https://experience.arcgis.com/experience/cab84dcfe0464c2a8050a78f817924ca/page/page_3/,
2021-06-29,1028510,1236351,2264861,"Johnson&Johnson, Moderna, Oxford/AstraZeneca, Pfizer/BioNTech",Lithuania,https://experience.arcgis.com/experience/cab84dcfe0464c2a8050a78f817924ca/page/page_3/,
2021-06-30,1048108,1241920,2290028,"Johnson&Johnson, Moderna, Oxford/AstraZeneca, Pfizer/BioNTech",Lithuania,https://experience.arcgis.com/experience/cab84dcfe0464c2a8050a78f817924ca/page/page_3/,
2021-07-01,1061329,1247347,2308676,"Johnson&Johnson, Moderna, Oxford/AstraZeneca, Pfizer/BioNTech",Lithuania,https://experience.arcgis.com/experience/cab84dcfe0464c2a8050a78f817924ca/page/page_3/,
2021-07-02,1077388,1252164,2329552,"Johnson&Johnson, Moderna, Oxford/AstraZeneca, Pfizer/BioNTech",Lithuania,https://experience.arcgis.com/experience/cab84dcfe0464c2a8050a78f817924ca/page/page_3/,
2021-07-03,1081551,1254146,2335697,"Johnson&Johnson, Moderna, Oxford/AstraZeneca, Pfizer/BioNTech",Lithuania,https://experience.arcgis.com/experience/cab84dcfe0464c2a8050a78f817924ca/page/page_3/,
2021-07-04,1081919,1254431,2336350,"Johnson&Johnson, Moderna, Oxford/AstraZeneca, Pfizer/BioNTech",Lithuania,https://experience.arcgis.com/experience/cab84dcfe0464c2a8050a78f817924ca/page/page_3/,
2021-07-05,1092140,1258060,2350200,"Johnson&Johnson, Moderna, Oxford/AstraZeneca, Pfizer/BioNTech",Lithuania,https://experience.arcgis.com/experience/cab84dcfe0464c2a8050a78f817924ca/page/page_3/,
2021-07-06,1095669,1259503,2355172,"Johnson&Johnson, Moderna, Oxford/AstraZeneca, Pfizer/BioNTech",Lithuania,https://experience.arcgis.com/experience/cab84dcfe0464c2a8050a78f817924ca/page/page_3/,
2021-07-07,1108199,1264864,2373063,"Johnson&Johnson, Moderna, Oxford/AstraZeneca, Pfizer/BioNTech",Lithuania,https://experience.arcgis.com/experience/cab84dcfe0464c2a8050a78f817924ca/page/page_3/,
2021-07-08,1121529,1270539,2392068,"Johnson&Johnson, Moderna, Oxford/AstraZeneca, Pfizer/BioNTech",Lithuania,https://experience.arcgis.com/experience/cab84dcfe0464c2a8050a78f817924ca/page/page_3/,
2021-07-09,1132240,1275745,2407985,"Johnson&Johnson, Moderna, Oxford/AstraZeneca, Pfizer/BioNTech",Lithuania,https://experience.arcgis.com/experience/cab84dcfe0464c2a8050a78f817924ca/page/page_3/,
2021-07-10,1135825,1277742,2413567,"Johnson&Johnson, Moderna, Oxford/AstraZeneca, Pfizer/BioNTech",Lithuania,https://experience.arcgis.com/experience/cab84dcfe0464c2a8050a78f817924ca/page/page_3/,
2021-07-11,1136019,1277957,2413976,"Johnson&Johnson, Moderna, Oxford/AstraZeneca, Pfizer/BioNTech",Lithuania,https://experience.arcgis.com/experience/cab84dcfe0464c2a8050a78f817924ca/page/page_3/,
2021-07-12,1145321,1281017,2426338,"Johnson&Johnson, Moderna, Oxford/AstraZeneca, Pfizer/BioNTech",Lithuania,https://experience.arcgis.com/experience/cab84dcfe0464c2a8050a78f817924ca/page/page_3/,
2021-07-13,1152392,1285294,2437686,"Johnson&Johnson, Moderna, Oxford/AstraZeneca, Pfizer/BioNTech",Lithuania,https://experience.arcgis.com/experience/cab84dcfe0464c2a8050a78f817924ca/page/page_3/,
2021-07-14,1158050,1289605,2447655,"Johnson&Johnson, Moderna, Oxford/AstraZeneca, Pfizer/BioNTech",Lithuania,https://experience.arcgis.com/experience/cab84dcfe0464c2a8050a78f817924ca/page/page_3/,
2021-07-15,1165027,1296277,2461304,"Johnson&Johnson, Moderna, Oxford/AstraZeneca, Pfizer/BioNTech",Lithuania,https://experience.arcgis.com/experience/cab84dcfe0464c2a8050a78f817924ca/page/page_3/,
2021-07-16,1173545,1302626,2476171,"Johnson&Johnson, Moderna, Oxford/AstraZeneca, Pfizer/BioNTech",Lithuania,https://experience.arcgis.com/experience/cab84dcfe0464c2a8050a78f817924ca/page/page_3/,
2021-07-17,1175381,1304489,2479870,"Johnson&Johnson, Moderna, Oxford/AstraZeneca, Pfizer/BioNTech",Lithuania,https://experience.arcgis.com/experience/cab84dcfe0464c2a8050a78f817924ca/page/page_3/,
2021-07-18,1176156,1305402,2481558,"Johnson&Johnson, Moderna, Oxford/AstraZeneca, Pfizer/BioNTech",Lithuania,https://experience.arcgis.com/experience/cab84dcfe0464c2a8050a78f817924ca/page/page_3/,
2021-07-19,1183264,1309985,2493249,"Johnson&Johnson, Moderna, Oxford/AstraZeneca, Pfizer/BioNTech",Lithuania,https://experience.arcgis.com/experience/cab84dcfe0464c2a8050a78f817924ca/page/page_3/,
2021-07-20,1189417,1317105,2506522,"Johnson&Johnson, Moderna, Oxford/AstraZeneca, Pfizer/BioNTech",Lithuania,https://experience.arcgis.com/experience/cab84dcfe0464c2a8050a78f817924ca/page/page_3/,
2021-07-21,1195127,1325174,2520301,"Johnson&Johnson, Moderna, Oxford/AstraZeneca, Pfizer/BioNTech",Lithuania,https://experience.arcgis.com/experience/cab84dcfe0464c2a8050a78f817924ca/page/page_3/,
2021-07-22,1201734,1337027,2538761,"Johnson&Johnson, Moderna, Oxford/AstraZeneca, Pfizer/BioNTech",Lithuania,https://experience.arcgis.com/experience/cab84dcfe0464c2a8050a78f817924ca/page/page_3/,
2021-07-23,1207704,1348772,2556476,"Johnson&Johnson, Moderna, Oxford/AstraZeneca, Pfizer/BioNTech",Lithuania,https://experience.arcgis.com/experience/cab84dcfe0464c2a8050a78f817924ca/page/page_3/,
2021-07-24,1209084,1351894,2560978,"Johnson&Johnson, Moderna, Oxford/AstraZeneca, Pfizer/BioNTech",Lithuania,https://experience.arcgis.com/experience/cab84dcfe0464c2a8050a78f817924ca/page/page_3/,
2021-07-25,1209854,1353188,2563042,"Johnson&Johnson, Moderna, Oxford/AstraZeneca, Pfizer/BioNTech",Lithuania,https://experience.arcgis.com/experience/cab84dcfe0464c2a8050a78f817924ca/page/page_3/,
2021-07-26,1217242,1363233,2580475,"Johnson&Johnson, Moderna, Oxford/AstraZeneca, Pfizer/BioNTech",Lithuania,https://experience.arcgis.com/experience/cab84dcfe0464c2a8050a78f817924ca/page/page_3/,
2021-07-27,1222402,1374145,2596547,"Johnson&Johnson, Moderna, Oxford/AstraZeneca, Pfizer/BioNTech",Lithuania,https://experience.arcgis.com/experience/cab84dcfe0464c2a8050a78f817924ca/page/page_3/,
2021-07-28,1227879,1385749,2613628,"Johnson&Johnson, Moderna, Oxford/AstraZeneca, Pfizer/BioNTech",Lithuania,https://experience.arcgis.com/experience/cab84dcfe0464c2a8050a78f817924ca/page/page_3/,
2021-07-29,1233788,1401284,2635072,"Johnson&Johnson, Moderna, Oxford/AstraZeneca, Pfizer/BioNTech",Lithuania,https://experience.arcgis.com/experience/cab84dcfe0464c2a8050a78f817924ca/page/page_3/,
2021-07-30,1240475,1411625,2652100,"Johnson&Johnson, Moderna, Oxford/AstraZeneca, Pfizer/BioNTech",Lithuania,https://experience.arcgis.com/experience/cab84dcfe0464c2a8050a78f817924ca/page/page_3/,
2021-07-31,1244350,1414919,2659269,"Johnson&Johnson, Moderna, Oxford/AstraZeneca, Pfizer/BioNTech",Lithuania,https://experience.arcgis.com/experience/cab84dcfe0464c2a8050a78f817924ca/page/page_3/,
2021-08-01,1246764,1415707,2662471,"Johnson&Johnson, Moderna, Oxford/AstraZeneca, Pfizer/BioNTech",Lithuania,https://experience.arcgis.com/experience/cab84dcfe0464c2a8050a78f817924ca/page/page_3/,
2021-08-02,1256396,1423030,2679426,"Johnson&Johnson, Moderna, Oxford/AstraZeneca, Pfizer/BioNTech",Lithuania,https://experience.arcgis.com/experience/cab84dcfe0464c2a8050a78f817924ca/page/page_3/,
2021-08-03,1261108,1431965,2693073,"Johnson&Johnson, Moderna, Oxford/AstraZeneca, Pfizer/BioNTech",Lithuania,https://experience.arcgis.com/experience/cab84dcfe0464c2a8050a78f817924ca/page/page_3/,
2021-08-04,1268475,1443918,2712393,"Johnson&Johnson, Moderna, Oxford/AstraZeneca, Pfizer/BioNTech",Lithuania,https://experience.arcgis.com/experience/cab84dcfe0464c2a8050a78f817924ca/page/page_3/,
2021-08-05,1283073,1465022,2748095,"Johnson&Johnson, Moderna, Oxford/AstraZeneca, Pfizer/BioNTech",Lithuania,https://experience.arcgis.com/experience/cab84dcfe0464c2a8050a78f817924ca/page/page_3/,
2021-08-06,1296193,1483540,2779733,"Johnson&Johnson, Moderna, Oxford/AstraZeneca, Pfizer/BioNTech",Lithuania,https://experience.arcgis.com/experience/cab84dcfe0464c2a8050a78f817924ca/page/page_3/,
2021-08-07,1301030,1489323,2790353,"Johnson&Johnson, Moderna, Oxford/AstraZeneca, Pfizer/BioNTech",Lithuania,https://experience.arcgis.com/experience/cab84dcfe0464c2a8050a78f817924ca/page/page_3/,
2021-08-08,1301930,1490460,2792390,"Johnson&Johnson, Moderna, Oxford/AstraZeneca, Pfizer/BioNTech",Lithuania,https://experience.arcgis.com/experience/cab84dcfe0464c2a8050a78f817924ca/page/page_3/,
2021-08-09,1312803,1503588,2816391,"Johnson&Johnson, Moderna, Oxford/AstraZeneca, Pfizer/BioNTech",Lithuania,https://experience.arcgis.com/experience/cab84dcfe0464c2a8050a78f817924ca/page/page_3/,
2021-08-10,1323009,1515080,2838089,"Johnson&Johnson, Moderna, Oxford/AstraZeneca, Pfizer/BioNTech",Lithuania,https://experience.arcgis.com/experience/cab84dcfe0464c2a8050a78f817924ca/page/page_3/,
2021-08-11,1334364,1526279,2860643,"Johnson&Johnson, Moderna, Oxford/AstraZeneca, Pfizer/BioNTech",Lithuania,https://experience.arcgis.com/experience/cab84dcfe0464c2a8050a78f817924ca/page/page_3/,
2021-08-12,1348734,1540449,2889183,"Johnson&Johnson, Moderna, Oxford/AstraZeneca, Pfizer/BioNTech",Lithuania,https://experience.arcgis.com/experience/cab84dcfe0464c2a8050a78f817924ca/page/page_3/,
2021-08-13,1361484,1551881,2913365,"Johnson&Johnson, Moderna, Oxford/AstraZeneca, Pfizer/BioNTech",Lithuania,https://experience.arcgis.com/experience/cab84dcfe0464c2a8050a78f817924ca/page/page_3/,
2021-08-14,1363906,1554578,2918484,"Johnson&Johnson, Moderna, Oxford/AstraZeneca, Pfizer/BioNTech",Lithuania,https://experience.arcgis.com/experience/cab84dcfe0464c2a8050a78f817924ca/page/page_3/,
2021-08-15,1364517,1555326,2919843,"Johnson&Johnson, Moderna, Oxford/AstraZeneca, Pfizer/BioNTech",Lithuania,https://experience.arcgis.com/experience/cab84dcfe0464c2a8050a78f817924ca/page/page_3/,
2021-08-16,1378474,1565843,2944317,"Johnson&Johnson, Moderna, Oxford/AstraZeneca, Pfizer/BioNTech",Lithuania,https://experience.arcgis.com/experience/cab84dcfe0464c2a8050a78f817924ca/page/page_3/,
2021-08-17,1389628,1574388,2964016,"Johnson&Johnson, Moderna, Oxford/AstraZeneca, Pfizer/BioNTech",Lithuania,https://experience.arcgis.com/experience/cab84dcfe0464c2a8050a78f817924ca/page/page_3/,
2021-08-18,1404784,1586521,2991305,"Johnson&Johnson, Moderna, Oxford/AstraZeneca, Pfizer/BioNTech",Lithuania,https://experience.arcgis.com/experience/cab84dcfe0464c2a8050a78f817924ca/page/page_3/,
2021-08-19,1421099,1597252,3018351,"Johnson&Johnson, Moderna, Oxford/AstraZeneca, Pfizer/BioNTech",Lithuania,https://experience.arcgis.com/experience/cab84dcfe0464c2a8050a78f817924ca/page/page_3/,
2021-08-20,1433296,1606615,3039911,"Johnson&Johnson, Moderna, Oxford/AstraZeneca, Pfizer/BioNTech",Lithuania,https://experience.arcgis.com/experience/cab84dcfe0464c2a8050a78f817924ca/page/page_3/,
2021-08-21,1435091,1608606,3043697,"Johnson&Johnson, Moderna, Oxford/AstraZeneca, Pfizer/BioNTech",Lithuania,https://experience.arcgis.com/experience/cab84dcfe0464c2a8050a78f817924ca/page/page_3/,
