date,people_vaccinated,people_fully_vaccinated,total_vaccinations,location,source_url,vaccine
2020-12-27,747,0,747,Austria,https://info.gesundheitsministerium.gv.at/opendata/,"Moderna, Oxford/AstraZeneca, Pfizer/BioNTech"
2020-12-28,2064,0,2064,Austria,https://info.gesundheitsministerium.gv.at/opendata/,"Moderna, Oxford/AstraZeneca, Pfizer/BioNTech"
2020-12-29,3700,0,3700,Austria,https://info.gesundheitsministerium.gv.at/opendata/,"Moderna, Oxford/AstraZeneca, Pfizer/BioNTech"
2020-12-30,5075,0,5075,Austria,https://info.gesundheitsministerium.gv.at/opendata/,"Moderna, Oxford/AstraZeneca, Pfizer/BioNTech"
2020-12-31,5087,0,5087,Austria,https://info.gesundheitsministerium.gv.at/opendata/,"Moderna, Oxford/AstraZeneca, Pfizer/BioNTech"
2021-01-01,5094,0,5094,Austria,https://info.gesundheitsministerium.gv.at/opendata/,"Moderna, Oxford/AstraZeneca, Pfizer/BioNTech"
2021-01-02,5104,0,5104,Austria,https://info.gesundheitsministerium.gv.at/opendata/,"Moderna, Oxford/AstraZeneca, Pfizer/BioNTech"
2021-01-03,5111,0,5111,Austria,https://info.gesundheitsministerium.gv.at/opendata/,"Moderna, Oxford/AstraZeneca, Pfizer/BioNTech"
2021-01-04,5238,0,5238,Austria,https://info.gesundheitsministerium.gv.at/opendata/,"Moderna, Oxford/AstraZeneca, Pfizer/BioNTech"
2021-01-05,7046,0,7046,Austria,https://info.gesundheitsministerium.gv.at/opendata/,"Moderna, Oxford/AstraZeneca, Pfizer/BioNTech"
2021-01-06,7904,0,7904,Austria,https://info.gesundheitsministerium.gv.at/opendata/,"Moderna, Oxford/AstraZeneca, Pfizer/BioNTech"
2021-01-07,11190,0,11190,Austria,https://info.gesundheitsministerium.gv.at/opendata/,"Moderna, Oxford/AstraZeneca, Pfizer/BioNTech"
2021-01-08,24367,0,24367,Austria,https://info.gesundheitsministerium.gv.at/opendata/,"Moderna, Oxford/AstraZeneca, Pfizer/BioNTech"
2021-01-09,28871,0,28871,Austria,https://info.gesundheitsministerium.gv.at/opendata/,"Moderna, Oxford/AstraZeneca, Pfizer/BioNTech"
2021-01-10,31125,0,31125,Austria,https://info.gesundheitsministerium.gv.at/opendata/,"Moderna, Oxford/AstraZeneca, Pfizer/BioNTech"
2021-01-11,36809,0,36809,Austria,https://info.gesundheitsministerium.gv.at/opendata/,"Moderna, Oxford/AstraZeneca, Pfizer/BioNTech"
2021-01-12,51802,0,51802,Austria,https://info.gesundheitsministerium.gv.at/opendata/,"Moderna, Oxford/AstraZeneca, Pfizer/BioNTech"
2021-01-13,67914,0,67914,Austria,https://info.gesundheitsministerium.gv.at/opendata/,"Moderna, Oxford/AstraZeneca, Pfizer/BioNTech"
2021-01-14,84862,0,84862,Austria,https://info.gesundheitsministerium.gv.at/opendata/,"Moderna, Oxford/AstraZeneca, Pfizer/BioNTech"
2021-01-15,103444,0,103444,Austria,https://info.gesundheitsministerium.gv.at/opendata/,"Moderna, Oxford/AstraZeneca, Pfizer/BioNTech"
2021-01-16,110320,12,110332,Austria,https://info.gesundheitsministerium.gv.at/opendata/,"Moderna, Oxford/AstraZeneca, Pfizer/BioNTech"
2021-01-17,115666,387,116053,Austria,https://info.gesundheitsministerium.gv.at/opendata/,"Moderna, Oxford/AstraZeneca, Pfizer/BioNTech"
2021-01-18,126278,1283,127561,Austria,https://info.gesundheitsministerium.gv.at/opendata/,"Moderna, Oxford/AstraZeneca, Pfizer/BioNTech"
2021-01-19,151083,2760,153843,Austria,https://info.gesundheitsministerium.gv.at/opendata/,"Moderna, Oxford/AstraZeneca, Pfizer/BioNTech"
2021-01-20,173563,4079,177642,Austria,https://info.gesundheitsministerium.gv.at/opendata/,"Moderna, Oxford/AstraZeneca, Pfizer/BioNTech"
2021-01-21,193389,4250,197639,Austria,https://info.gesundheitsministerium.gv.at/opendata/,"Moderna, Oxford/AstraZeneca, Pfizer/BioNTech"
2021-01-22,204436,4838,209274,Austria,https://info.gesundheitsministerium.gv.at/opendata/,"Moderna, Oxford/AstraZeneca, Pfizer/BioNTech"
2021-01-23,207587,4840,212427,Austria,https://info.gesundheitsministerium.gv.at/opendata/,"Moderna, Oxford/AstraZeneca, Pfizer/BioNTech"
2021-01-24,208849,4848,213697,Austria,https://info.gesundheitsministerium.gv.at/opendata/,"Moderna, Oxford/AstraZeneca, Pfizer/BioNTech"
2021-01-25,210257,4962,215219,Austria,https://info.gesundheitsministerium.gv.at/opendata/,"Moderna, Oxford/AstraZeneca, Pfizer/BioNTech"
2021-01-26,218106,5873,223979,Austria,https://info.gesundheitsministerium.gv.at/opendata/,"Moderna, Oxford/AstraZeneca, Pfizer/BioNTech"
2021-01-27,225665,6403,232068,Austria,https://info.gesundheitsministerium.gv.at/opendata/,"Moderna, Oxford/AstraZeneca, Pfizer/BioNTech"
2021-01-28,232985,9075,242060,Austria,https://info.gesundheitsministerium.gv.at/opendata/,"Moderna, Oxford/AstraZeneca, Pfizer/BioNTech"
2021-01-29,238383,18826,257209,Austria,https://info.gesundheitsministerium.gv.at/opendata/,"Moderna, Oxford/AstraZeneca, Pfizer/BioNTech"
2021-01-30,239735,21214,260949,Austria,https://info.gesundheitsministerium.gv.at/opendata/,"Moderna, Oxford/AstraZeneca, Pfizer/BioNTech"
2021-01-31,240107,22227,262334,Austria,https://info.gesundheitsministerium.gv.at/opendata/,"Moderna, Oxford/AstraZeneca, Pfizer/BioNTech"
2021-02-01,241711,25363,267074,Austria,https://info.gesundheitsministerium.gv.at/opendata/,"Moderna, Oxford/AstraZeneca, Pfizer/BioNTech"
2021-02-02,244853,39857,284710,Austria,https://info.gesundheitsministerium.gv.at/opendata/,"Moderna, Oxford/AstraZeneca, Pfizer/BioNTech"
2021-02-03,248071,55024,303095,Austria,https://info.gesundheitsministerium.gv.at/opendata/,"Moderna, Oxford/AstraZeneca, Pfizer/BioNTech"
2021-02-04,250965,72950,323915,Austria,https://info.gesundheitsministerium.gv.at/opendata/,"Moderna, Oxford/AstraZeneca, Pfizer/BioNTech"
2021-02-05,255135,90249,345384,Austria,https://info.gesundheitsministerium.gv.at/opendata/,"Moderna, Oxford/AstraZeneca, Pfizer/BioNTech"
2021-02-06,257915,96685,354600,Austria,https://info.gesundheitsministerium.gv.at/opendata/,"Moderna, Oxford/AstraZeneca, Pfizer/BioNTech"
2021-02-07,258543,101120,359663,Austria,https://info.gesundheitsministerium.gv.at/opendata/,"Moderna, Oxford/AstraZeneca, Pfizer/BioNTech"
2021-02-08,260614,108895,369509,Austria,https://info.gesundheitsministerium.gv.at/opendata/,"Moderna, Oxford/AstraZeneca, Pfizer/BioNTech"
2021-02-09,263503,125776,389279,Austria,https://info.gesundheitsministerium.gv.at/opendata/,"Moderna, Oxford/AstraZeneca, Pfizer/BioNTech"
2021-02-10,267132,144292,411424,Austria,https://info.gesundheitsministerium.gv.at/opendata/,"Moderna, Oxford/AstraZeneca, Pfizer/BioNTech"
2021-02-11,272584,163877,436461,Austria,https://info.gesundheitsministerium.gv.at/opendata/,"Moderna, Oxford/AstraZeneca, Pfizer/BioNTech"
2021-02-12,281201,182303,463504,Austria,https://info.gesundheitsministerium.gv.at/opendata/,"Moderna, Oxford/AstraZeneca, Pfizer/BioNTech"
2021-02-13,286584,187443,474027,Austria,https://info.gesundheitsministerium.gv.at/opendata/,"Moderna, Oxford/AstraZeneca, Pfizer/BioNTech"
2021-02-14,287057,189027,476084,Austria,https://info.gesundheitsministerium.gv.at/opendata/,"Moderna, Oxford/AstraZeneca, Pfizer/BioNTech"
2021-02-15,290996,192266,483262,Austria,https://info.gesundheitsministerium.gv.at/opendata/,"Moderna, Oxford/AstraZeneca, Pfizer/BioNTech"
2021-02-16,298083,199978,498061,Austria,https://info.gesundheitsministerium.gv.at/opendata/,"Moderna, Oxford/AstraZeneca, Pfizer/BioNTech"
2021-02-17,308269,209647,517916,Austria,https://info.gesundheitsministerium.gv.at/opendata/,"Moderna, Oxford/AstraZeneca, Pfizer/BioNTech"
2021-02-18,320205,217796,538001,Austria,https://info.gesundheitsministerium.gv.at/opendata/,"Moderna, Oxford/AstraZeneca, Pfizer/BioNTech"
2021-02-19,333262,226318,559580,Austria,https://info.gesundheitsministerium.gv.at/opendata/,"Moderna, Oxford/AstraZeneca, Pfizer/BioNTech"
2021-02-20,344650,228026,572676,Austria,https://info.gesundheitsministerium.gv.at/opendata/,"Moderna, Oxford/AstraZeneca, Pfizer/BioNTech"
2021-02-21,350295,228411,578706,Austria,https://info.gesundheitsministerium.gv.at/opendata/,"Moderna, Oxford/AstraZeneca, Pfizer/BioNTech"
2021-02-22,355443,230263,585706,Austria,https://info.gesundheitsministerium.gv.at/opendata/,"Moderna, Oxford/AstraZeneca, Pfizer/BioNTech"
2021-02-23,366010,234760,600770,Austria,https://info.gesundheitsministerium.gv.at/opendata/,"Moderna, Oxford/AstraZeneca, Pfizer/BioNTech"
2021-02-24,382504,238252,620756,Austria,https://info.gesundheitsministerium.gv.at/opendata/,"Moderna, Oxford/AstraZeneca, Pfizer/BioNTech"
2021-02-25,399023,241952,640975,Austria,https://info.gesundheitsministerium.gv.at/opendata/,"Moderna, Oxford/AstraZeneca, Pfizer/BioNTech"
2021-02-26,423642,246947,670589,Austria,https://info.gesundheitsministerium.gv.at/opendata/,"Moderna, Oxford/AstraZeneca, Pfizer/BioNTech"
2021-02-27,446905,248930,695835,Austria,https://info.gesundheitsministerium.gv.at/opendata/,"Moderna, Oxford/AstraZeneca, Pfizer/BioNTech"
2021-02-28,456622,249391,706013,Austria,https://info.gesundheitsministerium.gv.at/opendata/,"Moderna, Oxford/AstraZeneca, Pfizer/BioNTech"
2021-03-01,464706,250281,714987,Austria,https://info.gesundheitsministerium.gv.at/opendata/,"Moderna, Oxford/AstraZeneca, Pfizer/BioNTech"
2021-03-02,488067,252698,740765,Austria,https://info.gesundheitsministerium.gv.at/opendata/,"Moderna, Oxford/AstraZeneca, Pfizer/BioNTech"
2021-03-03,513954,255097,769051,Austria,https://info.gesundheitsministerium.gv.at/opendata/,"Moderna, Oxford/AstraZeneca, Pfizer/BioNTech"
2021-03-04,538908,257893,796801,Austria,https://info.gesundheitsministerium.gv.at/opendata/,"Moderna, Oxford/AstraZeneca, Pfizer/BioNTech"
2021-03-05,573307,261037,834344,Austria,https://info.gesundheitsministerium.gv.at/opendata/,"Moderna, Oxford/AstraZeneca, Pfizer/BioNTech"
2021-03-06,599011,263585,862596,Austria,https://info.gesundheitsministerium.gv.at/opendata/,"Moderna, Oxford/AstraZeneca, Pfizer/BioNTech"
2021-03-07,610327,264248,874575,Austria,https://info.gesundheitsministerium.gv.at/opendata/,"Moderna, Oxford/AstraZeneca, Pfizer/BioNTech"
2021-03-08,620673,265650,886323,Austria,https://info.gesundheitsministerium.gv.at/opendata/,"Moderna, Oxford/AstraZeneca, Pfizer/BioNTech"
2021-03-09,645756,269227,914983,Austria,https://info.gesundheitsministerium.gv.at/opendata/,"Moderna, Oxford/AstraZeneca, Pfizer/BioNTech"
2021-03-10,670380,273768,944148,Austria,https://info.gesundheitsministerium.gv.at/opendata/,"Moderna, Oxford/AstraZeneca, Pfizer/BioNTech"
2021-03-11,709946,279246,989192,Austria,https://info.gesundheitsministerium.gv.at/opendata/,"Moderna, Oxford/AstraZeneca, Pfizer/BioNTech"
2021-03-12,763516,284694,1048210,Austria,https://info.gesundheitsministerium.gv.at/opendata/,"Moderna, Oxford/AstraZeneca, Pfizer/BioNTech"
2021-03-13,810309,290505,1100814,Austria,https://info.gesundheitsministerium.gv.at/opendata/,"Moderna, Oxford/AstraZeneca, Pfizer/BioNTech"
2021-03-14,837204,294756,1131960,Austria,https://info.gesundheitsministerium.gv.at/opendata/,"Moderna, Oxford/AstraZeneca, Pfizer/BioNTech"
2021-03-15,856124,297099,1153223,Austria,https://info.gesundheitsministerium.gv.at/opendata/,"Moderna, Oxford/AstraZeneca, Pfizer/BioNTech"
2021-03-16,878450,303577,1182016,Austria,https://info.gesundheitsministerium.gv.at/opendata/,"Moderna, Oxford/AstraZeneca, Pfizer/BioNTech"
2021-03-17,905038,311781,1216805,Austria,https://info.gesundheitsministerium.gv.at/opendata/,"Moderna, Oxford/AstraZeneca, Pfizer/BioNTech"
2021-03-18,931948,319992,1251926,Austria,https://info.gesundheitsministerium.gv.at/opendata/,"Moderna, Oxford/AstraZeneca, Pfizer/BioNTech"
2021-03-19,977704,328688,1306378,Austria,https://info.gesundheitsministerium.gv.at/opendata/,"Moderna, Oxford/AstraZeneca, Pfizer/BioNTech"
2021-03-20,1015683,338376,1354045,Austria,https://info.gesundheitsministerium.gv.at/opendata/,"Moderna, Oxford/AstraZeneca, Pfizer/BioNTech"
2021-03-21,1027402,342274,1369662,Austria,https://info.gesundheitsministerium.gv.at/opendata/,"Moderna, Oxford/AstraZeneca, Pfizer/BioNTech"
2021-03-22,1040939,344880,1385804,Austria,https://info.gesundheitsministerium.gv.at/opendata/,"Moderna, Oxford/AstraZeneca, Pfizer/BioNTech"
2021-03-23,1060332,361623,1421940,Austria,https://info.gesundheitsministerium.gv.at/opendata/,"Moderna, Oxford/AstraZeneca, Pfizer/BioNTech"
2021-03-24,1082214,379754,1461952,Austria,https://info.gesundheitsministerium.gv.at/opendata/,"Johnson&Johnson, Moderna, Oxford/AstraZeneca, Pfizer/BioNTech"
2021-03-25,1112142,396414,1508535,Austria,https://info.gesundheitsministerium.gv.at/opendata/,"Johnson&Johnson, Moderna, Oxford/AstraZeneca, Pfizer/BioNTech"
2021-03-26,1144789,415347,1560113,Austria,https://info.gesundheitsministerium.gv.at/opendata/,"Johnson&Johnson, Moderna, Oxford/AstraZeneca, Pfizer/BioNTech"
2021-03-27,1171758,430083,1601815,Austria,https://info.gesundheitsministerium.gv.at/opendata/,"Johnson&Johnson, Moderna, Oxford/AstraZeneca, Pfizer/BioNTech"
2021-03-28,1181757,434795,1616526,Austria,https://info.gesundheitsministerium.gv.at/opendata/,"Johnson&Johnson, Moderna, Oxford/AstraZeneca, Pfizer/BioNTech"
2021-03-29,1203000,440455,1643429,Austria,https://info.gesundheitsministerium.gv.at/opendata/,"Johnson&Johnson, Moderna, Oxford/AstraZeneca, Pfizer/BioNTech"
2021-03-30,1232848,452336,1685158,Austria,https://info.gesundheitsministerium.gv.at/opendata/,"Johnson&Johnson, Moderna, Oxford/AstraZeneca, Pfizer/BioNTech"
2021-03-31,1255189,465580,1720739,Austria,https://info.gesundheitsministerium.gv.at/opendata/,"Johnson&Johnson, Moderna, Oxford/AstraZeneca, Pfizer/BioNTech"
2021-04-01,1278210,484838,1763013,Austria,https://info.gesundheitsministerium.gv.at/opendata/,"Johnson&Johnson, Moderna, Oxford/AstraZeneca, Pfizer/BioNTech"
2021-04-02,1303127,504252,1807339,Austria,https://info.gesundheitsministerium.gv.at/opendata/,"Johnson&Johnson, Moderna, Oxford/AstraZeneca, Pfizer/BioNTech"
2021-04-03,1315934,513377,1829268,Austria,https://info.gesundheitsministerium.gv.at/opendata/,"Johnson&Johnson, Moderna, Oxford/AstraZeneca, Pfizer/BioNTech"
2021-04-04,1324283,515160,1839399,Austria,https://info.gesundheitsministerium.gv.at/opendata/,"Johnson&Johnson, Moderna, Oxford/AstraZeneca, Pfizer/BioNTech"
2021-04-05,1332120,519965,1852037,Austria,https://info.gesundheitsministerium.gv.at/opendata/,"Johnson&Johnson, Moderna, Oxford/AstraZeneca, Pfizer/BioNTech"
2021-04-06,1358531,532088,1890568,Austria,https://info.gesundheitsministerium.gv.at/opendata/,"Johnson&Johnson, Moderna, Oxford/AstraZeneca, Pfizer/BioNTech"
2021-04-07,1398425,548399,1946768,Austria,https://info.gesundheitsministerium.gv.at/opendata/,"Johnson&Johnson, Moderna, Oxford/AstraZeneca, Pfizer/BioNTech"
2021-04-08,1445803,574361,2020104,Austria,https://info.gesundheitsministerium.gv.at/opendata/,"Johnson&Johnson, Moderna, Oxford/AstraZeneca, Pfizer/BioNTech"
2021-04-09,1491381,607857,2099168,Austria,https://info.gesundheitsministerium.gv.at/opendata/,"Johnson&Johnson, Moderna, Oxford/AstraZeneca, Pfizer/BioNTech"
2021-04-10,1528134,636809,2164866,Austria,https://info.gesundheitsministerium.gv.at/opendata/,"Johnson&Johnson, Moderna, Oxford/AstraZeneca, Pfizer/BioNTech"
2021-04-11,1538505,652505,2190928,Austria,https://info.gesundheitsministerium.gv.at/opendata/,"Johnson&Johnson, Moderna, Oxford/AstraZeneca, Pfizer/BioNTech"
2021-04-12,1566720,659632,2226267,Austria,https://info.gesundheitsministerium.gv.at/opendata/,"Johnson&Johnson, Moderna, Oxford/AstraZeneca, Pfizer/BioNTech"
2021-04-13,1600546,671321,2271781,Austria,https://info.gesundheitsministerium.gv.at/opendata/,"Johnson&Johnson, Moderna, Oxford/AstraZeneca, Pfizer/BioNTech"
2021-04-14,1654783,685127,2339824,Austria,https://info.gesundheitsministerium.gv.at/opendata/,"Johnson&Johnson, Moderna, Oxford/AstraZeneca, Pfizer/BioNTech"
2021-04-15,1710547,704320,2414780,Austria,https://info.gesundheitsministerium.gv.at/opendata/,"Johnson&Johnson, Moderna, Oxford/AstraZeneca, Pfizer/BioNTech"
2021-04-16,1762713,723019,2485644,Austria,https://info.gesundheitsministerium.gv.at/opendata/,"Johnson&Johnson, Moderna, Oxford/AstraZeneca, Pfizer/BioNTech"
2021-04-17,1798905,744967,2543784,Austria,https://info.gesundheitsministerium.gv.at/opendata/,"Johnson&Johnson, Moderna, Oxford/AstraZeneca, Pfizer/BioNTech"
2021-04-18,1813865,749305,2563082,Austria,https://info.gesundheitsministerium.gv.at/opendata/,"Johnson&Johnson, Moderna, Oxford/AstraZeneca, Pfizer/BioNTech"
2021-04-19,1840026,755110,2595048,Austria,https://info.gesundheitsministerium.gv.at/opendata/,"Johnson&Johnson, Moderna, Oxford/AstraZeneca, Pfizer/BioNTech"
2021-04-20,1872977,767898,2640786,Austria,https://info.gesundheitsministerium.gv.at/opendata/,"Johnson&Johnson, Moderna, Oxford/AstraZeneca, Pfizer/BioNTech"
2021-04-21,1925804,778772,2704485,Austria,https://info.gesundheitsministerium.gv.at/opendata/,"Johnson&Johnson, Moderna, Oxford/AstraZeneca, Pfizer/BioNTech"
2021-04-22,1986486,789449,2775844,Austria,https://info.gesundheitsministerium.gv.at/opendata/,"Johnson&Johnson, Moderna, Oxford/AstraZeneca, Pfizer/BioNTech"
2021-04-23,2043754,800972,2844635,Austria,https://info.gesundheitsministerium.gv.at/opendata/,"Johnson&Johnson, Moderna, Oxford/AstraZeneca, Pfizer/BioNTech"
2021-04-24,2078305,806845,2885058,Austria,https://info.gesundheitsministerium.gv.at/opendata/,"Johnson&Johnson, Moderna, Oxford/AstraZeneca, Pfizer/BioNTech"
2021-04-25,2104439,808671,2913017,Austria,https://info.gesundheitsministerium.gv.at/opendata/,"Johnson&Johnson, Moderna, Oxford/AstraZeneca, Pfizer/BioNTech"
2021-04-26,2131980,812230,2944114,Austria,https://info.gesundheitsministerium.gv.at/opendata/,"Johnson&Johnson, Moderna, Oxford/AstraZeneca, Pfizer/BioNTech"
2021-04-27,2169060,823655,2992615,Austria,https://info.gesundheitsministerium.gv.at/opendata/,"Johnson&Johnson, Moderna, Oxford/AstraZeneca, Pfizer/BioNTech"
2021-04-28,2213337,838176,3051412,Austria,https://info.gesundheitsministerium.gv.at/opendata/,"Johnson&Johnson, Moderna, Oxford/AstraZeneca, Pfizer/BioNTech"
2021-04-29,2274707,853499,3128075,Austria,https://info.gesundheitsministerium.gv.at/opendata/,"Johnson&Johnson, Moderna, Oxford/AstraZeneca, Pfizer/BioNTech"
2021-04-30,2342191,867327,3209366,Austria,https://info.gesundheitsministerium.gv.at/opendata/,"Johnson&Johnson, Moderna, Oxford/AstraZeneca, Pfizer/BioNTech"
2021-05-01,2376375,875533,3251560,Austria,https://info.gesundheitsministerium.gv.at/opendata/,"Johnson&Johnson, Moderna, Oxford/AstraZeneca, Pfizer/BioNTech"
2021-05-02,2391704,876934,3268286,Austria,https://info.gesundheitsministerium.gv.at/opendata/,"Johnson&Johnson, Moderna, Oxford/AstraZeneca, Pfizer/BioNTech"
2021-05-03,2409814,889258,3297853,Austria,https://info.gesundheitsministerium.gv.at/opendata/,"Johnson&Johnson, Moderna, Oxford/AstraZeneca, Pfizer/BioNTech"
2021-05-04,2451226,911201,3359553,Austria,https://info.gesundheitsministerium.gv.at/opendata/,"Johnson&Johnson, Moderna, Oxford/AstraZeneca, Pfizer/BioNTech"
2021-05-05,2512068,929485,3438026,Austria,https://info.gesundheitsministerium.gv.at/opendata/,"Johnson&Johnson, Moderna, Oxford/AstraZeneca, Pfizer/BioNTech"
2021-05-06,2590401,950354,3536156,Austria,https://info.gesundheitsministerium.gv.at/opendata/,"Johnson&Johnson, Moderna, Oxford/AstraZeneca, Pfizer/BioNTech"
2021-05-07,2677602,973809,3645900,Austria,https://info.gesundheitsministerium.gv.at/opendata/,"Johnson&Johnson, Moderna, Oxford/AstraZeneca, Pfizer/BioNTech"
2021-05-08,2711630,993463,3698629,Austria,https://info.gesundheitsministerium.gv.at/opendata/,"Johnson&Johnson, Moderna, Oxford/AstraZeneca, Pfizer/BioNTech"
2021-05-09,2724397,999611,3717531,Austria,https://info.gesundheitsministerium.gv.at/opendata/,"Johnson&Johnson, Moderna, Oxford/AstraZeneca, Pfizer/BioNTech"
2021-05-10,2757729,1010913,3761175,Austria,https://info.gesundheitsministerium.gv.at/opendata/,"Johnson&Johnson, Moderna, Oxford/AstraZeneca, Pfizer/BioNTech"
2021-05-11,2807205,1028994,3827760,Austria,https://info.gesundheitsministerium.gv.at/opendata/,"Johnson&Johnson, Moderna, Oxford/AstraZeneca, Pfizer/BioNTech"
2021-05-12,2885688,1053260,3929035,Austria,https://info.gesundheitsministerium.gv.at/opendata/,"Johnson&Johnson, Moderna, Oxford/AstraZeneca, Pfizer/BioNTech"
2021-05-13,2912171,1061835,3963294,Austria,https://info.gesundheitsministerium.gv.at/opendata/,"Johnson&Johnson, Moderna, Oxford/AstraZeneca, Pfizer/BioNTech"
2021-05-14,2979540,1086247,4054059,Austria,https://info.gesundheitsministerium.gv.at/opendata/,"Johnson&Johnson, Moderna, Oxford/AstraZeneca, Pfizer/BioNTech"
2021-05-15,3024045,1103201,4114477,Austria,https://info.gesundheitsministerium.gv.at/opendata/,"Johnson&Johnson, Moderna, Oxford/AstraZeneca, Pfizer/BioNTech"
2021-05-16,3041814,1110417,4138752,Austria,https://info.gesundheitsministerium.gv.at/opendata/,"Johnson&Johnson, Moderna, Oxford/AstraZeneca, Pfizer/BioNTech"
2021-05-17,3072532,1129135,4186438,Austria,https://info.gesundheitsministerium.gv.at/opendata/,"Johnson&Johnson, Moderna, Oxford/AstraZeneca, Pfizer/BioNTech"
2021-05-18,3117065,1157001,4256778,Austria,https://info.gesundheitsministerium.gv.at/opendata/,"Johnson&Johnson, Moderna, Oxford/AstraZeneca, Pfizer/BioNTech"
2021-05-19,3191791,1190651,4363174,Austria,https://info.gesundheitsministerium.gv.at/opendata/,"Johnson&Johnson, Moderna, Oxford/AstraZeneca, Pfizer/BioNTech"
2021-05-20,3268681,1227326,4474911,Austria,https://info.gesundheitsministerium.gv.at/opendata/,"Johnson&Johnson, Moderna, Oxford/AstraZeneca, Pfizer/BioNTech"
2021-05-21,3342098,1269071,4587178,Austria,https://info.gesundheitsministerium.gv.at/opendata/,"Johnson&Johnson, Moderna, Oxford/AstraZeneca, Pfizer/BioNTech"
2021-05-22,3381613,1289272,4646611,Austria,https://info.gesundheitsministerium.gv.at/opendata/,"Johnson&Johnson, Moderna, Oxford/AstraZeneca, Pfizer/BioNTech"
2021-05-23,3401069,1300853,4676186,Austria,https://info.gesundheitsministerium.gv.at/opendata/,"Johnson&Johnson, Moderna, Oxford/AstraZeneca, Pfizer/BioNTech"
2021-05-24,3413308,1313793,4701240,Austria,https://info.gesundheitsministerium.gv.at/opendata/,"Johnson&Johnson, Moderna, Oxford/AstraZeneca, Pfizer/BioNTech"
2021-05-25,3451463,1332643,4756698,Austria,https://info.gesundheitsministerium.gv.at/opendata/,"Johnson&Johnson, Moderna, Oxford/AstraZeneca, Pfizer/BioNTech"
2021-05-26,3500624,1378376,4849958,Austria,https://info.gesundheitsministerium.gv.at/opendata/,"Johnson&Johnson, Moderna, Oxford/AstraZeneca, Pfizer/BioNTech"
2021-05-27,3555598,1426014,4949840,Austria,https://info.gesundheitsministerium.gv.at/opendata/,"Johnson&Johnson, Moderna, Oxford/AstraZeneca, Pfizer/BioNTech"
2021-05-28,3615259,1482919,5060685,Austria,https://info.gesundheitsministerium.gv.at/opendata/,"Johnson&Johnson, Moderna, Oxford/AstraZeneca, Pfizer/BioNTech"
2021-05-29,3640676,1520606,5123412,Austria,https://info.gesundheitsministerium.gv.at/opendata/,"Johnson&Johnson, Moderna, Oxford/AstraZeneca, Pfizer/BioNTech"
2021-05-30,3654812,1544798,5161720,Austria,https://info.gesundheitsministerium.gv.at/opendata/,"Johnson&Johnson, Moderna, Oxford/AstraZeneca, Pfizer/BioNTech"
2021-05-31,3676609,1570034,5205905,Austria,https://info.gesundheitsministerium.gv.at/opendata/,"Johnson&Johnson, Moderna, Oxford/AstraZeneca, Pfizer/BioNTech"
2021-06-01,3732808,1610926,5297196,Austria,https://info.gesundheitsministerium.gv.at/opendata/,"Johnson&Johnson, Moderna, Oxford/AstraZeneca, Pfizer/BioNTech"
2021-06-02,3810694,1683699,5441001,Austria,https://info.gesundheitsministerium.gv.at/opendata/,"Johnson&Johnson, Moderna, Oxford/AstraZeneca, Pfizer/BioNTech"
2021-06-03,3841712,1722319,5509764,Austria,https://info.gesundheitsministerium.gv.at/opendata/,"Johnson&Johnson, Moderna, Oxford/AstraZeneca, Pfizer/BioNTech"
2021-06-04,3904144,1772390,5619353,Austria,https://info.gesundheitsministerium.gv.at/opendata/,"Johnson&Johnson, Moderna, Oxford/AstraZeneca, Pfizer/BioNTech"
2021-06-05,3937712,1802424,5682555,Austria,https://info.gesundheitsministerium.gv.at/opendata/,"Johnson&Johnson, Moderna, Oxford/AstraZeneca, Pfizer/BioNTech"
2021-06-06,3961832,1832202,5736074,Austria,https://info.gesundheitsministerium.gv.at/opendata/,"Johnson&Johnson, Moderna, Oxford/AstraZeneca, Pfizer/BioNTech"
2021-06-07,3987806,1866827,5793939,Austria,https://info.gesundheitsministerium.gv.at/opendata/,"Johnson&Johnson, Moderna, Oxford/AstraZeneca, Pfizer/BioNTech"
2021-06-08,4038304,1913063,5885850,Austria,https://info.gesundheitsministerium.gv.at/opendata/,"Johnson&Johnson, Moderna, Oxford/AstraZeneca, Pfizer/BioNTech"
2021-06-09,4101069,1972438,6003486,Austria,https://info.gesundheitsministerium.gv.at/opendata/,"Johnson&Johnson, Moderna, Oxford/AstraZeneca, Pfizer/BioNTech"
2021-06-10,4153690,2046208,6125232,Austria,https://info.gesundheitsministerium.gv.at/opendata/,"Johnson&Johnson, Moderna, Oxford/AstraZeneca, Pfizer/BioNTech"
2021-06-11,4209311,2126043,6256566,Austria,https://info.gesundheitsministerium.gv.at/opendata/,"Johnson&Johnson, Moderna, Oxford/AstraZeneca, Pfizer/BioNTech"
2021-06-12,4237343,2168286,6326152,Austria,https://info.gesundheitsministerium.gv.at/opendata/,"Johnson&Johnson, Moderna, Oxford/AstraZeneca, Pfizer/BioNTech"
2021-06-13,4254627,2188914,6363938,Austria,https://info.gesundheitsministerium.gv.at/opendata/,"Johnson&Johnson, Moderna, Oxford/AstraZeneca, Pfizer/BioNTech"
2021-06-14,4274390,2220333,6413073,Austria,https://info.gesundheitsministerium.gv.at/opendata/,"Johnson&Johnson, Moderna, Oxford/AstraZeneca, Pfizer/BioNTech"
2021-06-15,4321823,2262488,6499923,Austria,https://info.gesundheitsministerium.gv.at/opendata/,"Johnson&Johnson, Moderna, Oxford/AstraZeneca, Pfizer/BioNTech"
2021-06-16,4371664,2335817,6620384,Austria,https://info.gesundheitsministerium.gv.at/opendata/,"Johnson&Johnson, Moderna, Oxford/AstraZeneca, Pfizer/BioNTech"
2021-06-17,4413736,2411699,6735741,Austria,https://info.gesundheitsministerium.gv.at/opendata/,"Johnson&Johnson, Moderna, Oxford/AstraZeneca, Pfizer/BioNTech"
2021-06-18,4456202,2486717,6848771,Austria,https://info.gesundheitsministerium.gv.at/opendata/,"Johnson&Johnson, Moderna, Oxford/AstraZeneca, Pfizer/BioNTech"
2021-06-19,4486694,2523412,6915684,Austria,https://info.gesundheitsministerium.gv.at/opendata/,"Johnson&Johnson, Moderna, Oxford/AstraZeneca, Pfizer/BioNTech"
2021-06-20,4505916,2541254,6952649,Austria,https://info.gesundheitsministerium.gv.at/opendata/,"Johnson&Johnson, Moderna, Oxford/AstraZeneca, Pfizer/BioNTech"
2021-06-21,4526732,2574427,7005114,Austria,https://info.gesundheitsministerium.gv.at/opendata/,"Johnson&Johnson, Moderna, Oxford/AstraZeneca, Pfizer/BioNTech"
2021-06-22,4562561,2632492,7097060,Austria,https://info.gesundheitsministerium.gv.at/opendata/,"Johnson&Johnson, Moderna, Oxford/AstraZeneca, Pfizer/BioNTech"
2021-06-23,4597915,2710607,7209265,Austria,https://info.gesundheitsministerium.gv.at/opendata/,"Johnson&Johnson, Moderna, Oxford/AstraZeneca, Pfizer/BioNTech"
2021-06-24,4630838,2789051,7318859,Austria,https://info.gesundheitsministerium.gv.at/opendata/,"Johnson&Johnson, Moderna, Oxford/AstraZeneca, Pfizer/BioNTech"
2021-06-25,4665729,2878060,7441100,Austria,https://info.gesundheitsministerium.gv.at/opendata/,"Johnson&Johnson, Moderna, Oxford/AstraZeneca, Pfizer/BioNTech"
2021-06-26,4692335,2928934,7518359,Austria,https://info.gesundheitsministerium.gv.at/opendata/,"Johnson&Johnson, Moderna, Oxford/AstraZeneca, Pfizer/BioNTech"
2021-06-27,4714427,2948408,7559792,Austria,https://info.gesundheitsministerium.gv.at/opendata/,"Johnson&Johnson, Moderna, Oxford/AstraZeneca, Pfizer/BioNTech"
2021-06-28,4730509,2986358,7610831,Austria,https://info.gesundheitsministerium.gv.at/opendata/,"Johnson&Johnson, Moderna, Oxford/AstraZeneca, Pfizer/BioNTech"
2021-06-29,4762197,3050273,7703235,Austria,https://info.gesundheitsministerium.gv.at/opendata/,"Johnson&Johnson, Moderna, Oxford/AstraZeneca, Pfizer/BioNTech"
2021-06-30,4795529,3134985,7817689,Austria,https://info.gesundheitsministerium.gv.at/opendata/,"Johnson&Johnson, Moderna, Oxford/AstraZeneca, Pfizer/BioNTech"
2021-07-01,4826741,3225261,7935438,Austria,https://info.gesundheitsministerium.gv.at/opendata/,"Johnson&Johnson, Moderna, Oxford/AstraZeneca, Pfizer/BioNTech"
2021-07-02,4854779,3314560,8049642,Austria,https://info.gesundheitsministerium.gv.at/opendata/,"Johnson&Johnson, Moderna, Oxford/AstraZeneca, Pfizer/BioNTech"
2021-07-03,4877007,3365490,8120295,Austria,https://info.gesundheitsministerium.gv.at/opendata/,"Johnson&Johnson, Moderna, Oxford/AstraZeneca, Pfizer/BioNTech"
2021-07-04,4911064,3392019,8174707,Austria,https://info.gesundheitsministerium.gv.at/opendata/,"Johnson&Johnson, Moderna, Oxford/AstraZeneca, Pfizer/BioNTech"
2021-07-05,4929582,3423999,8220726,Austria,https://info.gesundheitsministerium.gv.at/opendata/,"Johnson&Johnson, Moderna, Oxford/AstraZeneca, Pfizer/BioNTech"
2021-07-06,4958038,3481827,8302952,Austria,https://info.gesundheitsministerium.gv.at/opendata/,"Johnson&Johnson, Moderna, Oxford/AstraZeneca, Pfizer/BioNTech"
2021-07-07,4983756,3553128,8397539,Austria,https://info.gesundheitsministerium.gv.at/opendata/,"Johnson&Johnson, Moderna, Oxford/AstraZeneca, Pfizer/BioNTech"
2021-07-08,5009584,3627230,8494603,Austria,https://info.gesundheitsministerium.gv.at/opendata/,"Johnson&Johnson, Moderna, Oxford/AstraZeneca, Pfizer/BioNTech"
2021-07-09,5034301,3697157,8584366,Austria,https://info.gesundheitsministerium.gv.at/opendata/,"Johnson&Johnson, Moderna, Oxford/AstraZeneca, Pfizer/BioNTech"
2021-07-10,5047063,3738320,8635699,Austria,https://info.gesundheitsministerium.gv.at/opendata/,"Johnson&Johnson, Moderna, Oxford/AstraZeneca, Pfizer/BioNTech"
2021-07-11,5059127,3759688,8666496,Austria,https://info.gesundheitsministerium.gv.at/opendata/,"Johnson&Johnson, Moderna, Oxford/AstraZeneca, Pfizer/BioNTech"
2021-07-12,5067900,3788884,8702647,Austria,https://info.gesundheitsministerium.gv.at/opendata/,"Johnson&Johnson, Moderna, Oxford/AstraZeneca, Pfizer/BioNTech"
2021-07-13,5088833,3844395,8777308,Austria,https://info.gesundheitsministerium.gv.at/opendata/,"Johnson&Johnson, Moderna, Oxford/AstraZeneca, Pfizer/BioNTech"
2021-07-14,5105375,3911235,8858614,Austria,https://info.gesundheitsministerium.gv.at/opendata/,"Johnson&Johnson, Moderna, Oxford/AstraZeneca, Pfizer/BioNTech"
2021-07-15,5123609,3959706,8922634,Austria,https://info.gesundheitsministerium.gv.at/opendata/,"Johnson&Johnson, Moderna, Oxford/AstraZeneca, Pfizer/BioNTech"
2021-07-16,5142386,4025022,9003636,Austria,https://info.gesundheitsministerium.gv.at/opendata/,"Johnson&Johnson, Moderna, Oxford/AstraZeneca, Pfizer/BioNTech"
2021-07-17,5159726,4065024,9054726,Austria,https://info.gesundheitsministerium.gv.at/opendata/,"Johnson&Johnson, Moderna, Oxford/AstraZeneca, Pfizer/BioNTech"
2021-07-18,5166931,4087431,9082878,Austria,https://info.gesundheitsministerium.gv.at/opendata/,"Johnson&Johnson, Moderna, Oxford/AstraZeneca, Pfizer/BioNTech"
2021-07-19,5178198,4108919,9114315,Austria,https://info.gesundheitsministerium.gv.at/opendata/,"Johnson&Johnson, Moderna, Oxford/AstraZeneca, Pfizer/BioNTech"
2021-07-20,5190770,4145095,9161490,Austria,https://info.gesundheitsministerium.gv.at/opendata/,"Johnson&Johnson, Moderna, Oxford/AstraZeneca, Pfizer/BioNTech"
2021-07-21,5202631,4202448,9228580,Austria,https://info.gesundheitsministerium.gv.at/opendata/,"Johnson&Johnson, Moderna, Oxford/AstraZeneca, Pfizer/BioNTech"
2021-07-22,5220763,4256712,9297707,Austria,https://info.gesundheitsministerium.gv.at/opendata/,"Johnson&Johnson, Moderna, Oxford/AstraZeneca, Pfizer/BioNTech"
2021-07-23,5237514,4313612,9368630,Austria,https://info.gesundheitsministerium.gv.at/opendata/,"Johnson&Johnson, Moderna, Oxford/AstraZeneca, Pfizer/BioNTech"
2021-07-24,5248903,4356371,9419308,Austria,https://info.gesundheitsministerium.gv.at/opendata/,"Johnson&Johnson, Moderna, Oxford/AstraZeneca, Pfizer/BioNTech"
2021-07-25,5255475,4379838,9447509,Austria,https://info.gesundheitsministerium.gv.at/opendata/,"Johnson&Johnson, Moderna, Oxford/AstraZeneca, Pfizer/BioNTech"
2021-07-26,5264282,4402590,9477688,Austria,https://info.gesundheitsministerium.gv.at/opendata/,"Johnson&Johnson, Moderna, Oxford/AstraZeneca, Pfizer/BioNTech"
2021-07-27,5271934,4449815,9531203,Austria,https://info.gesundheitsministerium.gv.at/opendata/,"Johnson&Johnson, Moderna, Oxford/AstraZeneca, Pfizer/BioNTech"
2021-07-28,5280308,4498823,9587024,Austria,https://info.gesundheitsministerium.gv.at/opendata/,"Johnson&Johnson, Moderna, Oxford/AstraZeneca, Pfizer/BioNTech"
2021-07-29,5289436,4535828,9631255,Austria,https://info.gesundheitsministerium.gv.at/opendata/,"Johnson&Johnson, Moderna, Oxford/AstraZeneca, Pfizer/BioNTech"
2021-07-30,5301065,4582885,9686537,Austria,https://info.gesundheitsministerium.gv.at/opendata/,"Johnson&Johnson, Moderna, Oxford/AstraZeneca, Pfizer/BioNTech"
2021-07-31,5307054,4613828,9721881,Austria,https://info.gesundheitsministerium.gv.at/opendata/,"Johnson&Johnson, Moderna, Oxford/AstraZeneca, Pfizer/BioNTech"
2021-08-01,5309468,4639011,9748841,Austria,https://info.gesundheitsministerium.gv.at/opendata/,"Johnson&Johnson, Moderna, Oxford/AstraZeneca, Pfizer/BioNTech"
2021-08-02,5314794,4662714,9776533,Austria,https://info.gesundheitsministerium.gv.at/opendata/,"Johnson&Johnson, Moderna, Oxford/AstraZeneca, Pfizer/BioNTech"
2021-08-03,5323181,4702324,9822692,Austria,https://info.gesundheitsministerium.gv.at/opendata/,"Johnson&Johnson, Moderna, Oxford/AstraZeneca, Pfizer/BioNTech"
2021-08-04,5333052,4739983,9868383,Austria,https://info.gesundheitsministerium.gv.at/opendata/,"Johnson&Johnson, Moderna, Oxford/AstraZeneca, Pfizer/BioNTech"
2021-08-05,5342409,4773059,9908217,Austria,https://info.gesundheitsministerium.gv.at/opendata/,"Johnson&Johnson, Moderna, Oxford/AstraZeneca, Pfizer/BioNTech"
2021-08-06,5351847,4812007,9953629,Austria,https://info.gesundheitsministerium.gv.at/opendata/,"Johnson&Johnson, Moderna, Oxford/AstraZeneca, Pfizer/BioNTech"
2021-08-07,5359182,4837420,9982916,Austria,https://info.gesundheitsministerium.gv.at/opendata/,"Johnson&Johnson, Moderna, Oxford/AstraZeneca, Pfizer/BioNTech"
2021-08-08,5362985,4859317,10007745,Austria,https://info.gesundheitsministerium.gv.at/opendata/,"Johnson&Johnson, Moderna, Oxford/AstraZeneca, Pfizer/BioNTech"
2021-08-09,5366846,4871289,10022365,Austria,https://info.gesundheitsministerium.gv.at/opendata/,"Johnson&Johnson, Moderna, Oxford/AstraZeneca, Pfizer/BioNTech"
2021-08-10,5372074,4906531,10061362,Austria,https://info.gesundheitsministerium.gv.at/opendata/,"Johnson&Johnson, Moderna, Oxford/AstraZeneca, Pfizer/BioNTech"
2021-08-11,5378831,4940084,10100193,Austria,https://info.gesundheitsministerium.gv.at/opendata/,"Johnson&Johnson, Moderna, Oxford/AstraZeneca, Pfizer/BioNTech"
2021-08-12,5385321,4965246,10130343,Austria,https://info.gesundheitsministerium.gv.at/opendata/,"Johnson&Johnson, Moderna, Oxford/AstraZeneca, Pfizer/BioNTech"
2021-08-13,5391599,4986688,10155863,Austria,https://info.gesundheitsministerium.gv.at/opendata/,"Johnson&Johnson, Moderna, Oxford/AstraZeneca, Pfizer/BioNTech"
2021-08-14,5396823,5000148,10173077,Austria,https://info.gesundheitsministerium.gv.at/opendata/,"Johnson&Johnson, Moderna, Oxford/AstraZeneca, Pfizer/BioNTech"
2021-08-15,5398722,5007862,10182010,Austria,https://info.gesundheitsministerium.gv.at/opendata/,"Johnson&Johnson, Moderna, Oxford/AstraZeneca, Pfizer/BioNTech"
2021-08-16,5402448,5026696,10203496,Austria,https://info.gesundheitsministerium.gv.at/opendata/,"Johnson&Johnson, Moderna, Oxford/AstraZeneca, Pfizer/BioNTech"
2021-08-17,5408515,5045778,10226958,Austria,https://info.gesundheitsministerium.gv.at/opendata/,"Johnson&Johnson, Moderna, Oxford/AstraZeneca, Pfizer/BioNTech"
2021-08-18,5415390,5065323,10251704,Austria,https://info.gesundheitsministerium.gv.at/opendata/,"Johnson&Johnson, Moderna, Oxford/AstraZeneca, Pfizer/BioNTech"
2021-08-19,5422320,5084278,10275681,Austria,https://info.gesundheitsministerium.gv.at/opendata/,"Johnson&Johnson, Moderna, Oxford/AstraZeneca, Pfizer/BioNTech"
