date,total_vaccinations,people_vaccinated,people_fully_vaccinated,vaccine,location,source_url
2020-12-28,317,317,0,Pfizer/BioNTech,Belgium,https://epistat.wiv-isp.be/covid/
2020-12-29,344,344,10,Pfizer/BioNTech,Belgium,https://epistat.wiv-isp.be/covid/
2020-12-30,844,844,19,Pfizer/BioNTech,Belgium,https://epistat.wiv-isp.be/covid/
2020-12-31,866,866,19,Pfizer/BioNTech,Belgium,https://epistat.wiv-isp.be/covid/
2021-01-01,874,874,19,Pfizer/BioNTech,Belgium,https://epistat.wiv-isp.be/covid/
2021-01-02,890,890,32,Pfizer/BioNTech,Belgium,https://epistat.wiv-isp.be/covid/
2021-01-03,903,903,32,Pfizer/BioNTech,Belgium,https://epistat.wiv-isp.be/covid/
2021-01-04,931,931,35,Pfizer/BioNTech,Belgium,https://epistat.wiv-isp.be/covid/
2021-01-05,2674,2673,53,Pfizer/BioNTech,Belgium,https://epistat.wiv-isp.be/covid/
2021-01-06,6653,6652,76,Pfizer/BioNTech,Belgium,https://epistat.wiv-isp.be/covid/
2021-01-07,15099,15095,92,Pfizer/BioNTech,Belgium,https://epistat.wiv-isp.be/covid/
2021-01-08,24461,24457,126,Pfizer/BioNTech,Belgium,https://epistat.wiv-isp.be/covid/
2021-01-09,27716,27710,138,Pfizer/BioNTech,Belgium,https://epistat.wiv-isp.be/covid/
2021-01-10,28137,28129,140,Pfizer/BioNTech,Belgium,https://epistat.wiv-isp.be/covid/
2021-01-11,33786,33775,152,"Moderna, Pfizer/BioNTech",Belgium,https://epistat.wiv-isp.be/covid/
2021-01-12,49779,49763,178,"Moderna, Pfizer/BioNTech",Belgium,https://epistat.wiv-isp.be/covid/
2021-01-13,71630,71496,313,"Moderna, Pfizer/BioNTech",Belgium,https://epistat.wiv-isp.be/covid/
2021-01-14,95050,94903,337,"Moderna, Pfizer/BioNTech",Belgium,https://epistat.wiv-isp.be/covid/
2021-01-15,118676,118520,367,"Moderna, Pfizer/BioNTech",Belgium,https://epistat.wiv-isp.be/covid/
2021-01-16,123904,123744,381,"Moderna, Pfizer/BioNTech",Belgium,https://epistat.wiv-isp.be/covid/
2021-01-17,127160,126988,393,"Moderna, Pfizer/BioNTech",Belgium,https://epistat.wiv-isp.be/covid/
2021-01-18,138335,138028,541,"Moderna, Pfizer/BioNTech",Belgium,https://epistat.wiv-isp.be/covid/
2021-01-19,157727,157223,768,"Moderna, Pfizer/BioNTech",Belgium,https://epistat.wiv-isp.be/covid/
2021-01-20,179364,178413,1241,"Moderna, Pfizer/BioNTech",Belgium,https://epistat.wiv-isp.be/covid/
2021-01-21,209639,208666,1287,"Moderna, Pfizer/BioNTech",Belgium,https://epistat.wiv-isp.be/covid/
2021-01-22,239787,238773,1363,"Moderna, Pfizer/BioNTech",Belgium,https://epistat.wiv-isp.be/covid/
2021-01-23,248270,247247,1384,"Moderna, Pfizer/BioNTech",Belgium,https://epistat.wiv-isp.be/covid/
2021-01-24,250183,249142,1402,"Moderna, Pfizer/BioNTech",Belgium,https://epistat.wiv-isp.be/covid/
2021-01-25,261593,260538,1439,"Moderna, Pfizer/BioNTech",Belgium,https://epistat.wiv-isp.be/covid/
2021-01-26,274501,271686,3219,"Moderna, Pfizer/BioNTech",Belgium,https://epistat.wiv-isp.be/covid/
2021-01-27,291255,285002,6696,"Moderna, Pfizer/BioNTech",Belgium,https://epistat.wiv-isp.be/covid/
2021-01-28,315177,301025,14626,"Moderna, Pfizer/BioNTech",Belgium,https://epistat.wiv-isp.be/covid/
2021-01-29,336735,313544,23699,"Moderna, Pfizer/BioNTech",Belgium,https://epistat.wiv-isp.be/covid/
2021-01-30,341271,315170,26621,"Moderna, Pfizer/BioNTech",Belgium,https://epistat.wiv-isp.be/covid/
2021-01-31,342208,315760,26968,"Moderna, Pfizer/BioNTech",Belgium,https://epistat.wiv-isp.be/covid/
2021-02-01,350098,319759,30873,"Moderna, Pfizer/BioNTech",Belgium,https://epistat.wiv-isp.be/covid/
2021-02-02,374756,330028,45291,"Moderna, Pfizer/BioNTech",Belgium,https://epistat.wiv-isp.be/covid/
2021-02-03,405744,340252,66078,"Moderna, Pfizer/BioNTech",Belgium,https://epistat.wiv-isp.be/covid/
2021-02-04,440148,350330,90424,"Moderna, Pfizer/BioNTech",Belgium,https://epistat.wiv-isp.be/covid/
2021-02-05,471184,358410,113419,"Moderna, Pfizer/BioNTech",Belgium,https://epistat.wiv-isp.be/covid/
2021-02-06,477731,359628,118761,"Moderna, Pfizer/BioNTech",Belgium,https://epistat.wiv-isp.be/covid/
2021-02-07,481143,359953,121848,"Moderna, Pfizer/BioNTech",Belgium,https://epistat.wiv-isp.be/covid/
2021-02-08,491386,362354,129707,"Moderna, Pfizer/BioNTech",Belgium,https://epistat.wiv-isp.be/covid/
2021-02-09,519406,370560,149544,"Moderna, Pfizer/BioNTech",Belgium,https://epistat.wiv-isp.be/covid/
2021-02-10,545146,377118,168755,"Moderna, Pfizer/BioNTech",Belgium,https://epistat.wiv-isp.be/covid/
2021-02-11,581750,385335,197159,"Moderna, Pfizer/BioNTech",Belgium,https://epistat.wiv-isp.be/covid/
2021-02-12,616765,392052,225496,"Moderna, Oxford/AstraZeneca, Pfizer/BioNTech",Belgium,https://epistat.wiv-isp.be/covid/
2021-02-13,625497,392636,233659,"Moderna, Oxford/AstraZeneca, Pfizer/BioNTech",Belgium,https://epistat.wiv-isp.be/covid/
2021-02-14,627464,392725,235537,"Moderna, Oxford/AstraZeneca, Pfizer/BioNTech",Belgium,https://epistat.wiv-isp.be/covid/
2021-02-15,641257,394759,247306,"Moderna, Oxford/AstraZeneca, Pfizer/BioNTech",Belgium,https://epistat.wiv-isp.be/covid/
2021-02-16,656228,399122,257931,"Moderna, Oxford/AstraZeneca, Pfizer/BioNTech",Belgium,https://epistat.wiv-isp.be/covid/
2021-02-17,676328,406362,270811,"Moderna, Oxford/AstraZeneca, Pfizer/BioNTech",Belgium,https://epistat.wiv-isp.be/covid/
2021-02-18,704285,416980,288156,"Moderna, Oxford/AstraZeneca, Pfizer/BioNTech",Belgium,https://epistat.wiv-isp.be/covid/
2021-02-19,735606,434998,301482,"Moderna, Oxford/AstraZeneca, Pfizer/BioNTech",Belgium,https://epistat.wiv-isp.be/covid/
2021-02-20,741635,439427,303094,"Moderna, Oxford/AstraZeneca, Pfizer/BioNTech",Belgium,https://epistat.wiv-isp.be/covid/
2021-02-21,743833,441342,303378,"Moderna, Oxford/AstraZeneca, Pfizer/BioNTech",Belgium,https://epistat.wiv-isp.be/covid/
2021-02-22,756603,451155,306338,"Moderna, Oxford/AstraZeneca, Pfizer/BioNTech",Belgium,https://epistat.wiv-isp.be/covid/
2021-02-23,776791,463134,314560,"Moderna, Oxford/AstraZeneca, Pfizer/BioNTech",Belgium,https://epistat.wiv-isp.be/covid/
2021-02-24,800070,478032,322958,"Moderna, Oxford/AstraZeneca, Pfizer/BioNTech",Belgium,https://epistat.wiv-isp.be/covid/
2021-02-25,832067,500782,332213,"Moderna, Oxford/AstraZeneca, Pfizer/BioNTech",Belgium,https://epistat.wiv-isp.be/covid/
2021-02-26,864265,526037,339184,"Moderna, Oxford/AstraZeneca, Pfizer/BioNTech",Belgium,https://epistat.wiv-isp.be/covid/
2021-02-27,868657,529631,339995,"Moderna, Oxford/AstraZeneca, Pfizer/BioNTech",Belgium,https://epistat.wiv-isp.be/covid/
2021-02-28,869532,530236,340265,"Moderna, Oxford/AstraZeneca, Pfizer/BioNTech",Belgium,https://epistat.wiv-isp.be/covid/
2021-03-01,883174,541111,343043,"Moderna, Oxford/AstraZeneca, Pfizer/BioNTech",Belgium,https://epistat.wiv-isp.be/covid/
2021-03-02,906949,557989,349959,"Moderna, Oxford/AstraZeneca, Pfizer/BioNTech",Belgium,https://epistat.wiv-isp.be/covid/
2021-03-03,937309,582148,356179,"Moderna, Oxford/AstraZeneca, Pfizer/BioNTech",Belgium,https://epistat.wiv-isp.be/covid/
2021-03-04,987241,623294,364974,"Moderna, Oxford/AstraZeneca, Pfizer/BioNTech",Belgium,https://epistat.wiv-isp.be/covid/
2021-03-05,1032292,661592,371740,"Moderna, Oxford/AstraZeneca, Pfizer/BioNTech",Belgium,https://epistat.wiv-isp.be/covid/
2021-03-06,1040631,669299,372387,"Moderna, Oxford/AstraZeneca, Pfizer/BioNTech",Belgium,https://epistat.wiv-isp.be/covid/
2021-03-07,1042151,670631,372575,"Moderna, Oxford/AstraZeneca, Pfizer/BioNTech",Belgium,https://epistat.wiv-isp.be/covid/
2021-03-08,1059549,686032,374581,"Moderna, Oxford/AstraZeneca, Pfizer/BioNTech",Belgium,https://epistat.wiv-isp.be/covid/
2021-03-09,1088594,707615,382063,"Moderna, Oxford/AstraZeneca, Pfizer/BioNTech",Belgium,https://epistat.wiv-isp.be/covid/
2021-03-10,1124780,734578,391311,"Moderna, Oxford/AstraZeneca, Pfizer/BioNTech",Belgium,https://epistat.wiv-isp.be/covid/
2021-03-11,1179143,778797,401465,"Moderna, Oxford/AstraZeneca, Pfizer/BioNTech",Belgium,https://epistat.wiv-isp.be/covid/
2021-03-12,1224242,810223,415165,"Moderna, Oxford/AstraZeneca, Pfizer/BioNTech",Belgium,https://epistat.wiv-isp.be/covid/
2021-03-13,1234169,817942,417384,"Moderna, Oxford/AstraZeneca, Pfizer/BioNTech",Belgium,https://epistat.wiv-isp.be/covid/
2021-03-14,1235642,818130,418669,"Moderna, Oxford/AstraZeneca, Pfizer/BioNTech",Belgium,https://epistat.wiv-isp.be/covid/
2021-03-15,1266411,844218,423352,"Moderna, Oxford/AstraZeneca, Pfizer/BioNTech",Belgium,https://epistat.wiv-isp.be/covid/
2021-03-16,1313309,886854,427621,"Moderna, Oxford/AstraZeneca, Pfizer/BioNTech",Belgium,https://epistat.wiv-isp.be/covid/
2021-03-17,1361198,925908,436458,"Moderna, Oxford/AstraZeneca, Pfizer/BioNTech",Belgium,https://epistat.wiv-isp.be/covid/
2021-03-18,1436709,984467,453411,"Moderna, Oxford/AstraZeneca, Pfizer/BioNTech",Belgium,https://epistat.wiv-isp.be/covid/
2021-03-19,1504710,1033499,472383,"Moderna, Oxford/AstraZeneca, Pfizer/BioNTech",Belgium,https://epistat.wiv-isp.be/covid/
2021-03-20,1527245,1054443,473978,"Moderna, Oxford/AstraZeneca, Pfizer/BioNTech",Belgium,https://epistat.wiv-isp.be/covid/
2021-03-21,1528230,1054901,474508,"Moderna, Oxford/AstraZeneca, Pfizer/BioNTech",Belgium,https://epistat.wiv-isp.be/covid/
2021-03-22,1561150,1082442,479887,"Moderna, Oxford/AstraZeneca, Pfizer/BioNTech",Belgium,https://epistat.wiv-isp.be/covid/
2021-03-23,1609249,1124765,485665,"Moderna, Oxford/AstraZeneca, Pfizer/BioNTech",Belgium,https://epistat.wiv-isp.be/covid/
2021-03-24,1671115,1176012,496288,"Moderna, Oxford/AstraZeneca, Pfizer/BioNTech",Belgium,https://epistat.wiv-isp.be/covid/
2021-03-25,1750450,1235295,516345,"Moderna, Oxford/AstraZeneca, Pfizer/BioNTech",Belgium,https://epistat.wiv-isp.be/covid/
2021-03-26,1820677,1285781,536089,"Moderna, Oxford/AstraZeneca, Pfizer/BioNTech",Belgium,https://epistat.wiv-isp.be/covid/
2021-03-27,1843273,1304580,539891,"Moderna, Oxford/AstraZeneca, Pfizer/BioNTech",Belgium,https://epistat.wiv-isp.be/covid/
2021-03-28,1845704,1306044,540858,"Moderna, Oxford/AstraZeneca, Pfizer/BioNTech",Belgium,https://epistat.wiv-isp.be/covid/
2021-03-29,1869486,1324526,546159,"Moderna, Oxford/AstraZeneca, Pfizer/BioNTech",Belgium,https://epistat.wiv-isp.be/covid/
2021-03-30,1901765,1351044,551924,"Moderna, Oxford/AstraZeneca, Pfizer/BioNTech",Belgium,https://epistat.wiv-isp.be/covid/
2021-03-31,1986753,1424662,563299,"Moderna, Oxford/AstraZeneca, Pfizer/BioNTech",Belgium,https://epistat.wiv-isp.be/covid/
2021-04-01,2088694,1501705,588232,"Moderna, Oxford/AstraZeneca, Pfizer/BioNTech",Belgium,https://epistat.wiv-isp.be/covid/
2021-04-02,2171591,1566005,607336,"Moderna, Oxford/AstraZeneca, Pfizer/BioNTech",Belgium,https://epistat.wiv-isp.be/covid/
2021-04-03,2192522,1585542,608769,"Moderna, Oxford/AstraZeneca, Pfizer/BioNTech",Belgium,https://epistat.wiv-isp.be/covid/
2021-04-04,2192691,1585616,608869,"Moderna, Oxford/AstraZeneca, Pfizer/BioNTech",Belgium,https://epistat.wiv-isp.be/covid/
2021-04-05,2207418,1597865,611368,"Moderna, Oxford/AstraZeneca, Pfizer/BioNTech",Belgium,https://epistat.wiv-isp.be/covid/
2021-04-06,2254389,1635673,620593,"Moderna, Oxford/AstraZeneca, Pfizer/BioNTech",Belgium,https://epistat.wiv-isp.be/covid/
2021-04-07,2302399,1673896,630494,"Moderna, Oxford/AstraZeneca, Pfizer/BioNTech",Belgium,https://epistat.wiv-isp.be/covid/
2021-04-08,2429712,1784368,647384,"Moderna, Oxford/AstraZeneca, Pfizer/BioNTech",Belgium,https://epistat.wiv-isp.be/covid/
2021-04-09,2565104,1903901,663346,"Moderna, Oxford/AstraZeneca, Pfizer/BioNTech",Belgium,https://epistat.wiv-isp.be/covid/
2021-04-10,2633929,1968662,667469,"Moderna, Oxford/AstraZeneca, Pfizer/BioNTech",Belgium,https://epistat.wiv-isp.be/covid/
2021-04-11,2637933,1972308,667837,"Moderna, Oxford/AstraZeneca, Pfizer/BioNTech",Belgium,https://epistat.wiv-isp.be/covid/
2021-04-12,2686765,2012076,676939,"Moderna, Oxford/AstraZeneca, Pfizer/BioNTech",Belgium,https://epistat.wiv-isp.be/covid/
2021-04-13,2759347,2076259,685421,"Moderna, Oxford/AstraZeneca, Pfizer/BioNTech",Belgium,https://epistat.wiv-isp.be/covid/
2021-04-14,2860217,2152446,710107,"Moderna, Oxford/AstraZeneca, Pfizer/BioNTech",Belgium,https://epistat.wiv-isp.be/covid/
2021-04-15,2972089,2237610,736817,"Moderna, Oxford/AstraZeneca, Pfizer/BioNTech",Belgium,https://epistat.wiv-isp.be/covid/
2021-04-16,3066326,2314335,754330,"Moderna, Oxford/AstraZeneca, Pfizer/BioNTech",Belgium,https://epistat.wiv-isp.be/covid/
2021-04-17,3124541,2366726,760154,"Moderna, Oxford/AstraZeneca, Pfizer/BioNTech",Belgium,https://epistat.wiv-isp.be/covid/
2021-04-18,3130624,2372694,760269,"Moderna, Oxford/AstraZeneca, Pfizer/BioNTech",Belgium,https://epistat.wiv-isp.be/covid/
2021-04-19,3191844,2429489,764694,"Moderna, Oxford/AstraZeneca, Pfizer/BioNTech",Belgium,https://epistat.wiv-isp.be/covid/
2021-04-20,3242231,2476612,767961,"Moderna, Oxford/AstraZeneca, Pfizer/BioNTech",Belgium,https://epistat.wiv-isp.be/covid/
2021-04-21,3334286,2564074,772557,"Moderna, Oxford/AstraZeneca, Pfizer/BioNTech",Belgium,https://epistat.wiv-isp.be/covid/
2021-04-22,3430849,2654551,778643,"Moderna, Oxford/AstraZeneca, Pfizer/BioNTech",Belgium,https://epistat.wiv-isp.be/covid/
2021-04-23,3503034,2719470,785911,"Moderna, Oxford/AstraZeneca, Pfizer/BioNTech",Belgium,https://epistat.wiv-isp.be/covid/
2021-04-24,3549439,2764051,787747,"Moderna, Oxford/AstraZeneca, Pfizer/BioNTech",Belgium,https://epistat.wiv-isp.be/covid/
2021-04-25,3555797,2770364,787795,"Moderna, Oxford/AstraZeneca, Pfizer/BioNTech",Belgium,https://epistat.wiv-isp.be/covid/
2021-04-26,3619218,2826756,794829,"Moderna, Oxford/AstraZeneca, Pfizer/BioNTech",Belgium,https://epistat.wiv-isp.be/covid/
2021-04-27,3672382,2865258,809506,"Moderna, Oxford/AstraZeneca, Pfizer/BioNTech",Belgium,https://epistat.wiv-isp.be/covid/
2021-04-28,3767201,2944866,824832,"Johnson&Johnson, Moderna, Oxford/AstraZeneca, Pfizer/BioNTech",Belgium,https://epistat.wiv-isp.be/covid/
2021-04-29,3873649,3032777,844713,"Johnson&Johnson, Moderna, Oxford/AstraZeneca, Pfizer/BioNTech",Belgium,https://epistat.wiv-isp.be/covid/
2021-04-30,3956098,3093389,867513,"Johnson&Johnson, Moderna, Oxford/AstraZeneca, Pfizer/BioNTech",Belgium,https://epistat.wiv-isp.be/covid/
2021-05-01,4003527,3133228,875624,"Johnson&Johnson, Moderna, Oxford/AstraZeneca, Pfizer/BioNTech",Belgium,https://epistat.wiv-isp.be/covid/
2021-05-02,4007194,3136771,875761,"Johnson&Johnson, Moderna, Oxford/AstraZeneca, Pfizer/BioNTech",Belgium,https://epistat.wiv-isp.be/covid/
2021-05-03,4086137,3203254,890858,"Johnson&Johnson, Moderna, Oxford/AstraZeneca, Pfizer/BioNTech",Belgium,https://epistat.wiv-isp.be/covid/
2021-05-04,4169469,3270799,909948,"Johnson&Johnson, Moderna, Oxford/AstraZeneca, Pfizer/BioNTech",Belgium,https://epistat.wiv-isp.be/covid/
2021-05-05,4324523,3355253,984277,"Johnson&Johnson, Moderna, Oxford/AstraZeneca, Pfizer/BioNTech",Belgium,https://epistat.wiv-isp.be/covid/
2021-05-06,4486500,3443893,1062515,"Johnson&Johnson, Moderna, Oxford/AstraZeneca, Pfizer/BioNTech",Belgium,https://epistat.wiv-isp.be/covid/
2021-05-07,4642183,3544763,1121833,"Johnson&Johnson, Moderna, Oxford/AstraZeneca, Pfizer/BioNTech",Belgium,https://epistat.wiv-isp.be/covid/
2021-05-08,4732633,3625539,1133239,"Johnson&Johnson, Moderna, Oxford/AstraZeneca, Pfizer/BioNTech",Belgium,https://epistat.wiv-isp.be/covid/
2021-05-09,4740636,3633435,1133385,"Johnson&Johnson, Moderna, Oxford/AstraZeneca, Pfizer/BioNTech",Belgium,https://epistat.wiv-isp.be/covid/
2021-05-10,4824246,3712417,1139403,"Johnson&Johnson, Moderna, Oxford/AstraZeneca, Pfizer/BioNTech",Belgium,https://epistat.wiv-isp.be/covid/
2021-05-11,4893162,3771328,1150662,"Johnson&Johnson, Moderna, Oxford/AstraZeneca, Pfizer/BioNTech",Belgium,https://epistat.wiv-isp.be/covid/
2021-05-12,4986589,3836458,1180263,"Johnson&Johnson, Moderna, Oxford/AstraZeneca, Pfizer/BioNTech",Belgium,https://epistat.wiv-isp.be/covid/
2021-05-13,5105648,3875043,1261093,"Johnson&Johnson, Moderna, Oxford/AstraZeneca, Pfizer/BioNTech",Belgium,https://epistat.wiv-isp.be/covid/
2021-05-14,5251154,3917339,1365347,"Johnson&Johnson, Moderna, Oxford/AstraZeneca, Pfizer/BioNTech",Belgium,https://epistat.wiv-isp.be/covid/
2021-05-15,5339224,3950212,1420840,"Johnson&Johnson, Moderna, Oxford/AstraZeneca, Pfizer/BioNTech",Belgium,https://epistat.wiv-isp.be/covid/
2021-05-16,5345355,3952514,1424709,"Johnson&Johnson, Moderna, Oxford/AstraZeneca, Pfizer/BioNTech",Belgium,https://epistat.wiv-isp.be/covid/
2021-05-17,5454317,4039040,1450714,"Johnson&Johnson, Moderna, Oxford/AstraZeneca, Pfizer/BioNTech",Belgium,https://epistat.wiv-isp.be/covid/
2021-05-18,5587718,4141652,1484580,"Johnson&Johnson, Moderna, Oxford/AstraZeneca, Pfizer/BioNTech",Belgium,https://epistat.wiv-isp.be/covid/
2021-05-19,5729363,4219906,1552160,"Johnson&Johnson, Moderna, Oxford/AstraZeneca, Pfizer/BioNTech",Belgium,https://epistat.wiv-isp.be/covid/
2021-05-20,5876350,4289150,1635204,"Johnson&Johnson, Moderna, Oxford/AstraZeneca, Pfizer/BioNTech",Belgium,https://epistat.wiv-isp.be/covid/
2021-05-21,6004800,4359152,1697315,"Johnson&Johnson, Moderna, Oxford/AstraZeneca, Pfizer/BioNTech",Belgium,https://epistat.wiv-isp.be/covid/
2021-05-22,6093924,4403515,1742645,"Johnson&Johnson, Moderna, Oxford/AstraZeneca, Pfizer/BioNTech",Belgium,https://epistat.wiv-isp.be/covid/
2021-05-23,6103546,4410384,1745446,"Johnson&Johnson, Moderna, Oxford/AstraZeneca, Pfizer/BioNTech",Belgium,https://epistat.wiv-isp.be/covid/
2021-05-24,6165660,4436893,1782071,"Johnson&Johnson, Moderna, Oxford/AstraZeneca, Pfizer/BioNTech",Belgium,https://epistat.wiv-isp.be/covid/
2021-05-25,6265707,4496639,1829302,"Johnson&Johnson, Moderna, Oxford/AstraZeneca, Pfizer/BioNTech",Belgium,https://epistat.wiv-isp.be/covid/
2021-05-26,6388509,4532517,1921259,"Johnson&Johnson, Moderna, Oxford/AstraZeneca, Pfizer/BioNTech",Belgium,https://epistat.wiv-isp.be/covid/
2021-05-27,6528560,4573780,2024414,"Johnson&Johnson, Moderna, Oxford/AstraZeneca, Pfizer/BioNTech",Belgium,https://epistat.wiv-isp.be/covid/
2021-05-28,6641017,4612753,2101694,"Johnson&Johnson, Moderna, Oxford/AstraZeneca, Pfizer/BioNTech",Belgium,https://epistat.wiv-isp.be/covid/
2021-05-29,6732125,4655901,2152083,"Johnson&Johnson, Moderna, Oxford/AstraZeneca, Pfizer/BioNTech",Belgium,https://epistat.wiv-isp.be/covid/
2021-05-30,6743656,4660352,2159291,"Johnson&Johnson, Moderna, Oxford/AstraZeneca, Pfizer/BioNTech",Belgium,https://epistat.wiv-isp.be/covid/
2021-05-31,6864092,4726294,2217066,"Johnson&Johnson, Moderna, Oxford/AstraZeneca, Pfizer/BioNTech",Belgium,https://epistat.wiv-isp.be/covid/
2021-06-01,6967495,4790585,2265099,"Johnson&Johnson, Moderna, Oxford/AstraZeneca, Pfizer/BioNTech",Belgium,https://epistat.wiv-isp.be/covid/
2021-06-02,7135895,4871543,2355634,"Johnson&Johnson, Moderna, Oxford/AstraZeneca, Pfizer/BioNTech",Belgium,https://epistat.wiv-isp.be/covid/
2021-06-03,7323086,4964515,2453150,"Johnson&Johnson, Moderna, Oxford/AstraZeneca, Pfizer/BioNTech",Belgium,https://epistat.wiv-isp.be/covid/
2021-06-04,7476273,5046389,2527194,"Johnson&Johnson, Moderna, Oxford/AstraZeneca, Pfizer/BioNTech",Belgium,https://epistat.wiv-isp.be/covid/
2021-06-05,7615307,5135622,2578888,"Johnson&Johnson, Moderna, Oxford/AstraZeneca, Pfizer/BioNTech",Belgium,https://epistat.wiv-isp.be/covid/
2021-06-06,7646529,5161436,2584827,"Johnson&Johnson, Moderna, Oxford/AstraZeneca, Pfizer/BioNTech",Belgium,https://epistat.wiv-isp.be/covid/
2021-06-07,7817294,5261098,2664443,"Johnson&Johnson, Moderna, Oxford/AstraZeneca, Pfizer/BioNTech",Belgium,https://epistat.wiv-isp.be/covid/
2021-06-08,7966139,5345136,2745400,"Johnson&Johnson, Moderna, Oxford/AstraZeneca, Pfizer/BioNTech",Belgium,https://epistat.wiv-isp.be/covid/
2021-06-09,8162829,5438370,2855118,"Johnson&Johnson, Moderna, Oxford/AstraZeneca, Pfizer/BioNTech",Belgium,https://epistat.wiv-isp.be/covid/
2021-06-10,8357855,5519726,2973214,"Johnson&Johnson, Moderna, Oxford/AstraZeneca, Pfizer/BioNTech",Belgium,https://epistat.wiv-isp.be/covid/
2021-06-11,8553769,5608765,3083518,"Johnson&Johnson, Moderna, Oxford/AstraZeneca, Pfizer/BioNTech",Belgium,https://epistat.wiv-isp.be/covid/
2021-06-12,8696918,5687212,3155043,"Johnson&Johnson, Moderna, Oxford/AstraZeneca, Pfizer/BioNTech",Belgium,https://epistat.wiv-isp.be/covid/
2021-06-13,8720782,5702824,3163718,"Johnson&Johnson, Moderna, Oxford/AstraZeneca, Pfizer/BioNTech",Belgium,https://epistat.wiv-isp.be/covid/
2021-06-14,8874806,5781239,3252699,"Johnson&Johnson, Moderna, Oxford/AstraZeneca, Pfizer/BioNTech",Belgium,https://epistat.wiv-isp.be/covid/
2021-06-15,9025913,5875239,3336208,"Johnson&Johnson, Moderna, Oxford/AstraZeneca, Pfizer/BioNTech",Belgium,https://epistat.wiv-isp.be/covid/
2021-06-16,9209632,5996367,3415208,"Johnson&Johnson, Moderna, Oxford/AstraZeneca, Pfizer/BioNTech",Belgium,https://epistat.wiv-isp.be/covid/
2021-06-17,9398758,6133928,3471584,"Johnson&Johnson, Moderna, Oxford/AstraZeneca, Pfizer/BioNTech",Belgium,https://epistat.wiv-isp.be/covid/
2021-06-18,9591706,6272476,3531513,"Johnson&Johnson, Moderna, Oxford/AstraZeneca, Pfizer/BioNTech",Belgium,https://epistat.wiv-isp.be/covid/
2021-06-19,9717637,6368846,3563526,"Johnson&Johnson, Moderna, Oxford/AstraZeneca, Pfizer/BioNTech",Belgium,https://epistat.wiv-isp.be/covid/
2021-06-20,9749685,6399463,3565418,"Johnson&Johnson, Moderna, Oxford/AstraZeneca, Pfizer/BioNTech",Belgium,https://epistat.wiv-isp.be/covid/
2021-06-21,9868267,6482353,3604112,"Johnson&Johnson, Moderna, Oxford/AstraZeneca, Pfizer/BioNTech",Belgium,https://epistat.wiv-isp.be/covid/
2021-06-22,9976670,6543887,3660095,"Johnson&Johnson, Moderna, Oxford/AstraZeneca, Pfizer/BioNTech",Belgium,https://epistat.wiv-isp.be/covid/
2021-06-23,10160768,6666971,3724415,"Johnson&Johnson, Moderna, Oxford/AstraZeneca, Pfizer/BioNTech",Belgium,https://epistat.wiv-isp.be/covid/
2021-06-24,10342214,6792905,3785535,"Johnson&Johnson, Moderna, Oxford/AstraZeneca, Pfizer/BioNTech",Belgium,https://epistat.wiv-isp.be/covid/
2021-06-25,10507010,6910757,3837631,"Johnson&Johnson, Moderna, Oxford/AstraZeneca, Pfizer/BioNTech",Belgium,https://epistat.wiv-isp.be/covid/
2021-06-26,10622200,6981512,3887752,"Johnson&Johnson, Moderna, Oxford/AstraZeneca, Pfizer/BioNTech",Belgium,https://epistat.wiv-isp.be/covid/
2021-06-27,10656953,7010041,3894713,"Johnson&Johnson, Moderna, Oxford/AstraZeneca, Pfizer/BioNTech",Belgium,https://epistat.wiv-isp.be/covid/
2021-06-28,10776876,7078299,3950228,"Johnson&Johnson, Moderna, Oxford/AstraZeneca, Pfizer/BioNTech",Belgium,https://epistat.wiv-isp.be/covid/
2021-06-29,10898188,7136261,4019486,"Johnson&Johnson, Moderna, Oxford/AstraZeneca, Pfizer/BioNTech",Belgium,https://epistat.wiv-isp.be/covid/
2021-06-30,11023255,7221359,4066213,"Johnson&Johnson, Moderna, Oxford/AstraZeneca, Pfizer/BioNTech",Belgium,https://epistat.wiv-isp.be/covid/
2021-07-01,11159894,7313176,4115253,"Johnson&Johnson, Moderna, Oxford/AstraZeneca, Pfizer/BioNTech",Belgium,https://epistat.wiv-isp.be/covid/
2021-07-02,11273903,7389565,4156643,"Johnson&Johnson, Moderna, Oxford/AstraZeneca, Pfizer/BioNTech",Belgium,https://epistat.wiv-isp.be/covid/
2021-07-03,11362755,7427037,4208932,"Johnson&Johnson, Moderna, Oxford/AstraZeneca, Pfizer/BioNTech",Belgium,https://epistat.wiv-isp.be/covid/
2021-07-04,11376935,7434426,4215780,"Johnson&Johnson, Moderna, Oxford/AstraZeneca, Pfizer/BioNTech",Belgium,https://epistat.wiv-isp.be/covid/
2021-07-05,11497094,7458753,4314896,"Johnson&Johnson, Moderna, Oxford/AstraZeneca, Pfizer/BioNTech",Belgium,https://epistat.wiv-isp.be/covid/
2021-07-06,11612419,7481358,4409927,"Johnson&Johnson, Moderna, Oxford/AstraZeneca, Pfizer/BioNTech",Belgium,https://epistat.wiv-isp.be/covid/
2021-07-07,11771401,7520102,4533211,"Johnson&Johnson, Moderna, Oxford/AstraZeneca, Pfizer/BioNTech",Belgium,https://epistat.wiv-isp.be/covid/
2021-07-08,11936435,7557133,4664701,"Johnson&Johnson, Moderna, Oxford/AstraZeneca, Pfizer/BioNTech",Belgium,https://epistat.wiv-isp.be/covid/
2021-07-09,12084001,7592849,4778628,"Johnson&Johnson, Moderna, Oxford/AstraZeneca, Pfizer/BioNTech",Belgium,https://epistat.wiv-isp.be/covid/
2021-07-10,12212643,7612451,4889008,"Johnson&Johnson, Moderna, Oxford/AstraZeneca, Pfizer/BioNTech",Belgium,https://epistat.wiv-isp.be/covid/
2021-07-11,12243651,7616710,4916000,"Johnson&Johnson, Moderna, Oxford/AstraZeneca, Pfizer/BioNTech",Belgium,https://epistat.wiv-isp.be/covid/
2021-07-12,12389415,7642237,5038903,"Johnson&Johnson, Moderna, Oxford/AstraZeneca, Pfizer/BioNTech",Belgium,https://epistat.wiv-isp.be/covid/
2021-07-13,12506581,7669831,5132819,"Johnson&Johnson, Moderna, Oxford/AstraZeneca, Pfizer/BioNTech",Belgium,https://epistat.wiv-isp.be/covid/
2021-07-14,12653465,7704821,5247963,"Johnson&Johnson, Moderna, Oxford/AstraZeneca, Pfizer/BioNTech",Belgium,https://epistat.wiv-isp.be/covid/
2021-07-15,12788659,7736559,5354640,"Johnson&Johnson, Moderna, Oxford/AstraZeneca, Pfizer/BioNTech",Belgium,https://epistat.wiv-isp.be/covid/
2021-07-16,12926393,7766793,5465310,"Johnson&Johnson, Moderna, Oxford/AstraZeneca, Pfizer/BioNTech",Belgium,https://epistat.wiv-isp.be/covid/
2021-07-17,13028293,7785507,5550109,"Johnson&Johnson, Moderna, Oxford/AstraZeneca, Pfizer/BioNTech",Belgium,https://epistat.wiv-isp.be/covid/
2021-07-18,13043007,7788822,5561994,"Johnson&Johnson, Moderna, Oxford/AstraZeneca, Pfizer/BioNTech",Belgium,https://epistat.wiv-isp.be/covid/
2021-07-19,13171897,7809073,5672162,"Johnson&Johnson, Moderna, Oxford/AstraZeneca, Pfizer/BioNTech",Belgium,https://epistat.wiv-isp.be/covid/
2021-07-20,13293766,7835311,5769823,"Johnson&Johnson, Moderna, Oxford/AstraZeneca, Pfizer/BioNTech",Belgium,https://epistat.wiv-isp.be/covid/
2021-07-21,13393819,7849033,5857521,"Johnson&Johnson, Moderna, Oxford/AstraZeneca, Pfizer/BioNTech",Belgium,https://epistat.wiv-isp.be/covid/
2021-07-22,13578537,7876816,6016296,"Johnson&Johnson, Moderna, Oxford/AstraZeneca, Pfizer/BioNTech",Belgium,https://epistat.wiv-isp.be/covid/
2021-07-23,13741404,7901436,6157112,"Johnson&Johnson, Moderna, Oxford/AstraZeneca, Pfizer/BioNTech",Belgium,https://epistat.wiv-isp.be/covid/
2021-07-24,13839082,7917608,6239723,"Johnson&Johnson, Moderna, Oxford/AstraZeneca, Pfizer/BioNTech",Belgium,https://epistat.wiv-isp.be/covid/
2021-07-25,13852966,7919167,6252339,"Johnson&Johnson, Moderna, Oxford/AstraZeneca, Pfizer/BioNTech",Belgium,https://epistat.wiv-isp.be/covid/
2021-07-26,13970769,7940533,6350635,"Johnson&Johnson, Moderna, Oxford/AstraZeneca, Pfizer/BioNTech",Belgium,https://epistat.wiv-isp.be/covid/
2021-07-27,14081161,7962935,6440770,"Johnson&Johnson, Moderna, Oxford/AstraZeneca, Pfizer/BioNTech",Belgium,https://epistat.wiv-isp.be/covid/
2021-07-28,14239036,7991278,6571546,"Johnson&Johnson, Moderna, Oxford/AstraZeneca, Pfizer/BioNTech",Belgium,https://epistat.wiv-isp.be/covid/
2021-07-29,14386221,8015501,6695774,"Johnson&Johnson, Moderna, Oxford/AstraZeneca, Pfizer/BioNTech",Belgium,https://epistat.wiv-isp.be/covid/
2021-07-30,14528377,8041449,6813481,"Johnson&Johnson, Moderna, Oxford/AstraZeneca, Pfizer/BioNTech",Belgium,https://epistat.wiv-isp.be/covid/
2021-07-31,14614167,8057703,6884127,"Johnson&Johnson, Moderna, Oxford/AstraZeneca, Pfizer/BioNTech",Belgium,https://epistat.wiv-isp.be/covid/
2021-08-01,14626293,8059848,6894174,"Johnson&Johnson, Moderna, Oxford/AstraZeneca, Pfizer/BioNTech",Belgium,https://epistat.wiv-isp.be/covid/
2021-08-02,14732371,8079742,6981298,"Johnson&Johnson, Moderna, Oxford/AstraZeneca, Pfizer/BioNTech",Belgium,https://epistat.wiv-isp.be/covid/
2021-08-03,14825255,8102635,7053141,"Johnson&Johnson, Moderna, Oxford/AstraZeneca, Pfizer/BioNTech",Belgium,https://epistat.wiv-isp.be/covid/
2021-08-04,14942392,8134385,7139964,"Johnson&Johnson, Moderna, Oxford/AstraZeneca, Pfizer/BioNTech",Belgium,https://epistat.wiv-isp.be/covid/
2021-08-05,15057635,8159954,7231223,"Johnson&Johnson, Moderna, Oxford/AstraZeneca, Pfizer/BioNTech",Belgium,https://epistat.wiv-isp.be/covid/
2021-08-06,15169315,8185730,7318811,"Johnson&Johnson, Moderna, Oxford/AstraZeneca, Pfizer/BioNTech",Belgium,https://epistat.wiv-isp.be/covid/
2021-08-07,15228208,8207540,7357207,"Johnson&Johnson, Moderna, Oxford/AstraZeneca, Pfizer/BioNTech",Belgium,https://epistat.wiv-isp.be/covid/
2021-08-08,15234648,8208981,7362364,"Johnson&Johnson, Moderna, Oxford/AstraZeneca, Pfizer/BioNTech",Belgium,https://epistat.wiv-isp.be/covid/
2021-08-09,15304627,8227963,7414742,"Johnson&Johnson, Moderna, Oxford/AstraZeneca, Pfizer/BioNTech",Belgium,https://epistat.wiv-isp.be/covid/
2021-08-10,15384225,8243828,7480246,"Johnson&Johnson, Moderna, Oxford/AstraZeneca, Pfizer/BioNTech",Belgium,https://epistat.wiv-isp.be/covid/
2021-08-11,15460609,8260096,7541643,"Johnson&Johnson, Moderna, Oxford/AstraZeneca, Pfizer/BioNTech",Belgium,https://epistat.wiv-isp.be/covid/
2021-08-12,15535628,8276856,7601095,"Johnson&Johnson, Moderna, Oxford/AstraZeneca, Pfizer/BioNTech",Belgium,https://epistat.wiv-isp.be/covid/
2021-08-13,15595738,8290826,7647976,"Johnson&Johnson, Moderna, Oxford/AstraZeneca, Pfizer/BioNTech",Belgium,https://epistat.wiv-isp.be/covid/
2021-08-14,15622132,8297376,7668451,"Johnson&Johnson, Moderna, Oxford/AstraZeneca, Pfizer/BioNTech",Belgium,https://epistat.wiv-isp.be/covid/
2021-08-15,15623931,8297540,7670089,"Johnson&Johnson, Moderna, Oxford/AstraZeneca, Pfizer/BioNTech",Belgium,https://epistat.wiv-isp.be/covid/
2021-08-16,15662494,8305400,7701730,"Johnson&Johnson, Moderna, Oxford/AstraZeneca, Pfizer/BioNTech",Belgium,https://epistat.wiv-isp.be/covid/
2021-08-17,15707490,8317031,7736341,"Johnson&Johnson, Moderna, Oxford/AstraZeneca, Pfizer/BioNTech",Belgium,https://epistat.wiv-isp.be/covid/
2021-08-18,15752365,8326722,7772232,"Johnson&Johnson, Moderna, Oxford/AstraZeneca, Pfizer/BioNTech",Belgium,https://epistat.wiv-isp.be/covid/
2021-08-19,15782561,8333088,7796625,"Johnson&Johnson, Moderna, Oxford/AstraZeneca, Pfizer/BioNTech",Belgium,https://epistat.wiv-isp.be/covid/
