date,vaccine,people_vaccinated,people_fully_vaccinated,total_vaccinations,location,source_url
2020-12-27,Pfizer/BioNTech,1266,0,1266,Czechia,https://onemocneni-aktualne.mzcr.cz/covid-19
2020-12-28,Pfizer/BioNTech,3565,0,3565,Czechia,https://onemocneni-aktualne.mzcr.cz/covid-19
2020-12-29,Pfizer/BioNTech,7021,0,7021,Czechia,https://onemocneni-aktualne.mzcr.cz/covid-19
2020-12-30,Pfizer/BioNTech,10514,0,10514,Czechia,https://onemocneni-aktualne.mzcr.cz/covid-19
2020-12-31,Pfizer/BioNTech,11819,0,11819,Czechia,https://onemocneni-aktualne.mzcr.cz/covid-19
2021-01-01,"Moderna, Pfizer/BioNTech",12082,0,12082,Czechia,https://onemocneni-aktualne.mzcr.cz/covid-19
2021-01-02,Pfizer/BioNTech,13354,0,13354,Czechia,https://onemocneni-aktualne.mzcr.cz/covid-19
2021-01-03,Pfizer/BioNTech,14272,0,14272,Czechia,https://onemocneni-aktualne.mzcr.cz/covid-19
2021-01-04,"Moderna, Pfizer/BioNTech",17866,0,17866,Czechia,https://onemocneni-aktualne.mzcr.cz/covid-19
2021-01-05,"Moderna, Pfizer/BioNTech",22366,0,22366,Czechia,https://onemocneni-aktualne.mzcr.cz/covid-19
2021-01-06,Pfizer/BioNTech,28202,0,28202,Czechia,https://onemocneni-aktualne.mzcr.cz/covid-19
2021-01-07,Pfizer/BioNTech,36164,0,36164,Czechia,https://onemocneni-aktualne.mzcr.cz/covid-19
2021-01-08,Pfizer/BioNTech,46132,0,46132,Czechia,https://onemocneni-aktualne.mzcr.cz/covid-19
2021-01-09,Pfizer/BioNTech,48150,0,48150,Czechia,https://onemocneni-aktualne.mzcr.cz/covid-19
2021-01-10,Pfizer/BioNTech,49908,1,49909,Czechia,https://onemocneni-aktualne.mzcr.cz/covid-19
2021-01-11,Pfizer/BioNTech,59724,1,59725,Czechia,https://onemocneni-aktualne.mzcr.cz/covid-19
2021-01-12,Pfizer/BioNTech,73124,3,73127,Czechia,https://onemocneni-aktualne.mzcr.cz/covid-19
2021-01-13,Pfizer/BioNTech,86618,3,86621,Czechia,https://onemocneni-aktualne.mzcr.cz/covid-19
2021-01-14,"Moderna, Pfizer/BioNTech",101808,3,101811,Czechia,https://onemocneni-aktualne.mzcr.cz/covid-19
2021-01-15,"Moderna, Pfizer/BioNTech",115766,3,115769,Czechia,https://onemocneni-aktualne.mzcr.cz/covid-19
2021-01-16,"Moderna, Pfizer/BioNTech",119142,5,119147,Czechia,https://onemocneni-aktualne.mzcr.cz/covid-19
2021-01-17,"Moderna, Pfizer/BioNTech",121744,643,122387,Czechia,https://onemocneni-aktualne.mzcr.cz/covid-19
2021-01-18,"Moderna, Pfizer/BioNTech",134210,2463,136673,Czechia,https://onemocneni-aktualne.mzcr.cz/covid-19
2021-01-19,"Moderna, Pfizer/BioNTech",146759,5175,151934,Czechia,https://onemocneni-aktualne.mzcr.cz/covid-19
2021-01-20,"Moderna, Pfizer/BioNTech",160386,7817,168203,Czechia,https://onemocneni-aktualne.mzcr.cz/covid-19
2021-01-21,"Moderna, Pfizer/BioNTech",175982,9547,185529,Czechia,https://onemocneni-aktualne.mzcr.cz/covid-19
2021-01-22,"Moderna, Pfizer/BioNTech",190793,10589,201382,Czechia,https://onemocneni-aktualne.mzcr.cz/covid-19
2021-01-23,"Moderna, Pfizer/BioNTech",194086,11460,205546,Czechia,https://onemocneni-aktualne.mzcr.cz/covid-19
2021-01-24,"Moderna, Pfizer/BioNTech",196330,12327,208657,Czechia,https://onemocneni-aktualne.mzcr.cz/covid-19
2021-01-25,"Moderna, Pfizer/BioNTech",205944,15296,221240,Czechia,https://onemocneni-aktualne.mzcr.cz/covid-19
2021-01-26,"Moderna, Pfizer/BioNTech",216453,19265,235718,Czechia,https://onemocneni-aktualne.mzcr.cz/covid-19
2021-01-27,"Moderna, Pfizer/BioNTech",225456,23775,249231,Czechia,https://onemocneni-aktualne.mzcr.cz/covid-19
2021-01-28,"Moderna, Pfizer/BioNTech",232516,29880,262396,Czechia,https://onemocneni-aktualne.mzcr.cz/covid-19
2021-01-29,"Moderna, Pfizer/BioNTech",238709,37747,276456,Czechia,https://onemocneni-aktualne.mzcr.cz/covid-19
2021-01-30,"Moderna, Pfizer/BioNTech",239437,38834,278271,Czechia,https://onemocneni-aktualne.mzcr.cz/covid-19
2021-01-31,"Moderna, Pfizer/BioNTech",240141,40012,280153,Czechia,https://onemocneni-aktualne.mzcr.cz/covid-19
2021-02-01,"Moderna, Pfizer/BioNTech",244099,47931,292030,Czechia,https://onemocneni-aktualne.mzcr.cz/covid-19
2021-02-02,"Moderna, Pfizer/BioNTech",248223,58140,306363,Czechia,https://onemocneni-aktualne.mzcr.cz/covid-19
2021-02-03,"Moderna, Pfizer/BioNTech",252620,69115,321735,Czechia,https://onemocneni-aktualne.mzcr.cz/covid-19
2021-02-04,"Moderna, Pfizer/BioNTech",257506,82065,339571,Czechia,https://onemocneni-aktualne.mzcr.cz/covid-19
2021-02-05,"Moderna, Pfizer/BioNTech",262948,92705,355653,Czechia,https://onemocneni-aktualne.mzcr.cz/covid-19
2021-02-06,"Moderna, Pfizer/BioNTech",263787,95051,358838,Czechia,https://onemocneni-aktualne.mzcr.cz/covid-19
2021-02-07,"Moderna, Pfizer/BioNTech",264635,97536,362171,Czechia,https://onemocneni-aktualne.mzcr.cz/covid-19
2021-02-08,"Moderna, Oxford/AstraZeneca, Pfizer/BioNTech",268679,108909,377588,Czechia,https://onemocneni-aktualne.mzcr.cz/covid-19
2021-02-09,"Moderna, Oxford/AstraZeneca, Pfizer/BioNTech",273751,120817,394568,Czechia,https://onemocneni-aktualne.mzcr.cz/covid-19
2021-02-10,"Moderna, Pfizer/BioNTech",279229,134011,413240,Czechia,https://onemocneni-aktualne.mzcr.cz/covid-19
2021-02-11,"Moderna, Oxford/AstraZeneca, Pfizer/BioNTech",285521,150172,435693,Czechia,https://onemocneni-aktualne.mzcr.cz/covid-19
2021-02-12,"Moderna, Oxford/AstraZeneca, Pfizer/BioNTech",292246,164842,457088,Czechia,https://onemocneni-aktualne.mzcr.cz/covid-19
2021-02-13,"Moderna, Oxford/AstraZeneca, Pfizer/BioNTech",293832,167818,461650,Czechia,https://onemocneni-aktualne.mzcr.cz/covid-19
2021-02-14,"Moderna, Oxford/AstraZeneca, Pfizer/BioNTech",294823,169192,464015,Czechia,https://onemocneni-aktualne.mzcr.cz/covid-19
2021-02-15,"Moderna, Oxford/AstraZeneca, Pfizer/BioNTech",301207,178517,479724,Czechia,https://onemocneni-aktualne.mzcr.cz/covid-19
2021-02-16,"Moderna, Oxford/AstraZeneca, Pfizer/BioNTech",309904,187557,497461,Czechia,https://onemocneni-aktualne.mzcr.cz/covid-19
2021-02-17,"Moderna, Oxford/AstraZeneca, Pfizer/BioNTech",319579,195825,515404,Czechia,https://onemocneni-aktualne.mzcr.cz/covid-19
2021-02-18,"Moderna, Oxford/AstraZeneca, Pfizer/BioNTech",331864,203856,535720,Czechia,https://onemocneni-aktualne.mzcr.cz/covid-19
2021-02-19,"Moderna, Oxford/AstraZeneca, Pfizer/BioNTech",343697,211161,554858,Czechia,https://onemocneni-aktualne.mzcr.cz/covid-19
2021-02-20,"Moderna, Oxford/AstraZeneca, Pfizer/BioNTech",345669,212330,557999,Czechia,https://onemocneni-aktualne.mzcr.cz/covid-19
2021-02-21,"Moderna, Oxford/AstraZeneca, Pfizer/BioNTech",346775,213341,560116,Czechia,https://onemocneni-aktualne.mzcr.cz/covid-19
2021-02-22,"Moderna, Oxford/AstraZeneca, Pfizer/BioNTech",356873,219339,576212,Czechia,https://onemocneni-aktualne.mzcr.cz/covid-19
2021-02-23,"Moderna, Oxford/AstraZeneca, Pfizer/BioNTech",369769,226284,596053,Czechia,https://onemocneni-aktualne.mzcr.cz/covid-19
2021-02-24,"Moderna, Oxford/AstraZeneca, Pfizer/BioNTech",383607,232286,615893,Czechia,https://onemocneni-aktualne.mzcr.cz/covid-19
2021-02-25,"Moderna, Oxford/AstraZeneca, Pfizer/BioNTech",401549,237812,639361,Czechia,https://onemocneni-aktualne.mzcr.cz/covid-19
2021-02-26,"Moderna, Oxford/AstraZeneca, Pfizer/BioNTech",417682,243132,660814,Czechia,https://onemocneni-aktualne.mzcr.cz/covid-19
2021-02-27,"Moderna, Oxford/AstraZeneca, Pfizer/BioNTech",420682,243681,664363,Czechia,https://onemocneni-aktualne.mzcr.cz/covid-19
2021-02-28,"Moderna, Oxford/AstraZeneca, Pfizer/BioNTech",423024,244225,667249,Czechia,https://onemocneni-aktualne.mzcr.cz/covid-19
2021-03-01,"Moderna, Oxford/AstraZeneca, Pfizer/BioNTech",442524,247637,690161,Czechia,https://onemocneni-aktualne.mzcr.cz/covid-19
2021-03-02,"Moderna, Oxford/AstraZeneca, Pfizer/BioNTech",469689,251166,720855,Czechia,https://onemocneni-aktualne.mzcr.cz/covid-19
2021-03-03,"Moderna, Oxford/AstraZeneca, Pfizer/BioNTech",500457,255646,756103,Czechia,https://onemocneni-aktualne.mzcr.cz/covid-19
2021-03-04,"Moderna, Oxford/AstraZeneca, Pfizer/BioNTech",533603,260304,793907,Czechia,https://onemocneni-aktualne.mzcr.cz/covid-19
2021-03-05,"Johnson&Johnson, Moderna, Oxford/AstraZeneca, Pfizer/BioNTech",562324,265686,828009,Czechia,https://onemocneni-aktualne.mzcr.cz/covid-19
2021-03-06,"Johnson&Johnson, Moderna, Oxford/AstraZeneca, Pfizer/BioNTech",574423,266527,840947,Czechia,https://onemocneni-aktualne.mzcr.cz/covid-19
2021-03-07,"Johnson&Johnson, Moderna, Oxford/AstraZeneca, Pfizer/BioNTech",585817,267359,853171,Czechia,https://onemocneni-aktualne.mzcr.cz/covid-19
2021-03-08,"Johnson&Johnson, Moderna, Oxford/AstraZeneca, Pfizer/BioNTech",615423,272175,887592,Czechia,https://onemocneni-aktualne.mzcr.cz/covid-19
2021-03-09,"Johnson&Johnson, Moderna, Oxford/AstraZeneca, Pfizer/BioNTech",651599,278527,930119,Czechia,https://onemocneni-aktualne.mzcr.cz/covid-19
2021-03-10,"Moderna, Oxford/AstraZeneca, Pfizer/BioNTech",692739,285459,978191,Czechia,https://onemocneni-aktualne.mzcr.cz/covid-19
2021-03-11,"Moderna, Oxford/AstraZeneca, Pfizer/BioNTech",737409,293799,1031201,Czechia,https://onemocneni-aktualne.mzcr.cz/covid-19
2021-03-12,"Moderna, Oxford/AstraZeneca, Pfizer/BioNTech",776044,302238,1078275,Czechia,https://onemocneni-aktualne.mzcr.cz/covid-19
2021-03-13,"Moderna, Oxford/AstraZeneca, Pfizer/BioNTech",793075,303523,1096591,Czechia,https://onemocneni-aktualne.mzcr.cz/covid-19
2021-03-14,"Moderna, Oxford/AstraZeneca, Pfizer/BioNTech",805145,304657,1109795,Czechia,https://onemocneni-aktualne.mzcr.cz/covid-19
2021-03-15,"Moderna, Oxford/AstraZeneca, Pfizer/BioNTech",833427,313417,1146837,Czechia,https://onemocneni-aktualne.mzcr.cz/covid-19
2021-03-16,"Johnson&Johnson, Moderna, Oxford/AstraZeneca, Pfizer/BioNTech",872229,323917,1196137,Czechia,https://onemocneni-aktualne.mzcr.cz/covid-19
2021-03-17,"Moderna, Oxford/AstraZeneca, Pfizer/BioNTech",909628,334385,1244004,Czechia,https://onemocneni-aktualne.mzcr.cz/covid-19
2021-03-18,"Johnson&Johnson, Moderna, Oxford/AstraZeneca, Pfizer/BioNTech",947471,346765,1294224,Czechia,https://onemocneni-aktualne.mzcr.cz/covid-19
2021-03-19,"Moderna, Oxford/AstraZeneca, Pfizer/BioNTech",981802,360343,1342133,Czechia,https://onemocneni-aktualne.mzcr.cz/covid-19
2021-03-20,"Johnson&Johnson, Moderna, Oxford/AstraZeneca, Pfizer/BioNTech",996891,362355,1359233,Czechia,https://onemocneni-aktualne.mzcr.cz/covid-19
2021-03-21,"Johnson&Johnson, Moderna, Oxford/AstraZeneca, Pfizer/BioNTech",1004274,363895,1368155,Czechia,https://onemocneni-aktualne.mzcr.cz/covid-19
2021-03-22,"Johnson&Johnson, Moderna, Oxford/AstraZeneca, Pfizer/BioNTech",1028671,376342,1404998,Czechia,https://onemocneni-aktualne.mzcr.cz/covid-19
2021-03-23,"Johnson&Johnson, Moderna, Oxford/AstraZeneca, Pfizer/BioNTech",1055181,389656,1444821,Czechia,https://onemocneni-aktualne.mzcr.cz/covid-19
2021-03-24,"Moderna, Oxford/AstraZeneca, Pfizer/BioNTech",1081966,405343,1487293,Czechia,https://onemocneni-aktualne.mzcr.cz/covid-19
2021-03-25,"Moderna, Oxford/AstraZeneca, Pfizer/BioNTech",1108223,423156,1531363,Czechia,https://onemocneni-aktualne.mzcr.cz/covid-19
2021-03-26,"Moderna, Oxford/AstraZeneca, Pfizer/BioNTech",1132949,440608,1573541,Czechia,https://onemocneni-aktualne.mzcr.cz/covid-19
2021-03-27,"Johnson&Johnson, Moderna, Oxford/AstraZeneca, Pfizer/BioNTech",1141352,445436,1586770,Czechia,https://onemocneni-aktualne.mzcr.cz/covid-19
2021-03-28,"Moderna, Oxford/AstraZeneca, Pfizer/BioNTech",1146884,449564,1596430,Czechia,https://onemocneni-aktualne.mzcr.cz/covid-19
2021-03-29,"Johnson&Johnson, Moderna, Oxford/AstraZeneca, Pfizer/BioNTech",1165898,470204,1636083,Czechia,https://onemocneni-aktualne.mzcr.cz/covid-19
2021-03-30,"Moderna, Oxford/AstraZeneca, Pfizer/BioNTech",1190499,492310,1682790,Czechia,https://onemocneni-aktualne.mzcr.cz/covid-19
2021-03-31,"Johnson&Johnson, Moderna, Oxford/AstraZeneca, Pfizer/BioNTech",1213501,519312,1732791,Czechia,https://onemocneni-aktualne.mzcr.cz/covid-19
2021-04-01,"Johnson&Johnson, Moderna, Oxford/AstraZeneca, Pfizer/BioNTech",1239021,551237,1790232,Czechia,https://onemocneni-aktualne.mzcr.cz/covid-19
2021-04-02,"Johnson&Johnson, Moderna, Oxford/AstraZeneca, Pfizer/BioNTech",1245872,563998,1809834,Czechia,https://onemocneni-aktualne.mzcr.cz/covid-19
2021-04-03,"Johnson&Johnson, Moderna, Oxford/AstraZeneca, Pfizer/BioNTech",1249447,574894,1824304,Czechia,https://onemocneni-aktualne.mzcr.cz/covid-19
2021-04-04,"Moderna, Oxford/AstraZeneca, Pfizer/BioNTech",1251915,583680,1835558,Czechia,https://onemocneni-aktualne.mzcr.cz/covid-19
2021-04-05,"Johnson&Johnson, Moderna, Oxford/AstraZeneca, Pfizer/BioNTech",1254259,590837,1845057,Czechia,https://onemocneni-aktualne.mzcr.cz/covid-19
2021-04-06,"Johnson&Johnson, Moderna, Oxford/AstraZeneca, Pfizer/BioNTech",1270308,620015,1890279,Czechia,https://onemocneni-aktualne.mzcr.cz/covid-19
2021-04-07,"Johnson&Johnson, Moderna, Oxford/AstraZeneca, Pfizer/BioNTech",1293625,642124,1935701,Czechia,https://onemocneni-aktualne.mzcr.cz/covid-19
2021-04-08,"Johnson&Johnson, Moderna, Oxford/AstraZeneca, Pfizer/BioNTech",1332091,672973,2005010,Czechia,https://onemocneni-aktualne.mzcr.cz/covid-19
2021-04-09,"Johnson&Johnson, Moderna, Oxford/AstraZeneca, Pfizer/BioNTech",1371312,702970,2074225,Czechia,https://onemocneni-aktualne.mzcr.cz/covid-19
2021-04-10,"Johnson&Johnson, Moderna, Oxford/AstraZeneca, Pfizer/BioNTech",1386668,718232,2104838,Czechia,https://onemocneni-aktualne.mzcr.cz/covid-19
2021-04-11,"Johnson&Johnson, Moderna, Oxford/AstraZeneca, Pfizer/BioNTech",1396384,728238,2124557,Czechia,https://onemocneni-aktualne.mzcr.cz/covid-19
2021-04-12,"Johnson&Johnson, Moderna, Oxford/AstraZeneca, Pfizer/BioNTech",1434425,753202,2187559,Czechia,https://onemocneni-aktualne.mzcr.cz/covid-19
2021-04-13,"Moderna, Oxford/AstraZeneca, Pfizer/BioNTech",1470496,779108,2249536,Czechia,https://onemocneni-aktualne.mzcr.cz/covid-19
2021-04-14,"Moderna, Oxford/AstraZeneca, Pfizer/BioNTech",1509181,806407,2315520,Czechia,https://onemocneni-aktualne.mzcr.cz/covid-19
2021-04-15,"Moderna, Oxford/AstraZeneca, Pfizer/BioNTech",1556849,832073,2388854,Czechia,https://onemocneni-aktualne.mzcr.cz/covid-19
2021-04-16,"Moderna, Oxford/AstraZeneca, Pfizer/BioNTech",1601343,857645,2458920,Czechia,https://onemocneni-aktualne.mzcr.cz/covid-19
2021-04-17,"Moderna, Oxford/AstraZeneca, Pfizer/BioNTech",1617931,866644,2484507,Czechia,https://onemocneni-aktualne.mzcr.cz/covid-19
2021-04-18,"Moderna, Oxford/AstraZeneca, Pfizer/BioNTech",1630855,871608,2502395,Czechia,https://onemocneni-aktualne.mzcr.cz/covid-19
2021-04-19,"Moderna, Oxford/AstraZeneca, Pfizer/BioNTech",1674721,886983,2561636,Czechia,https://onemocneni-aktualne.mzcr.cz/covid-19
2021-04-20,"Moderna, Oxford/AstraZeneca, Pfizer/BioNTech",1716803,902780,2619515,Czechia,https://onemocneni-aktualne.mzcr.cz/covid-19
2021-04-21,"Moderna, Oxford/AstraZeneca, Pfizer/BioNTech",1764463,917025,2681420,Czechia,https://onemocneni-aktualne.mzcr.cz/covid-19
2021-04-22,"Johnson&Johnson, Moderna, Oxford/AstraZeneca, Pfizer/BioNTech",1818883,934349,2753136,Czechia,https://onemocneni-aktualne.mzcr.cz/covid-19
2021-04-23,"Johnson&Johnson, Moderna, Oxford/AstraZeneca, Pfizer/BioNTech",1868783,946317,2814784,Czechia,https://onemocneni-aktualne.mzcr.cz/covid-19
2021-04-24,"Johnson&Johnson, Moderna, Oxford/AstraZeneca, Pfizer/BioNTech",1886570,951530,2837772,Czechia,https://onemocneni-aktualne.mzcr.cz/covid-19
2021-04-25,"Johnson&Johnson, Moderna, Oxford/AstraZeneca, Pfizer/BioNTech",1901223,955518,2856397,Czechia,https://onemocneni-aktualne.mzcr.cz/covid-19
2021-04-26,"Johnson&Johnson, Moderna, Oxford/AstraZeneca, Pfizer/BioNTech",1950761,963034,2912909,Czechia,https://onemocneni-aktualne.mzcr.cz/covid-19
2021-04-27,"Johnson&Johnson, Moderna, Oxford/AstraZeneca, Pfizer/BioNTech",1999678,975186,2973042,Czechia,https://onemocneni-aktualne.mzcr.cz/covid-19
2021-04-28,"Johnson&Johnson, Moderna, Oxford/AstraZeneca, Pfizer/BioNTech",2058379,989120,3044225,Czechia,https://onemocneni-aktualne.mzcr.cz/covid-19
2021-04-29,"Johnson&Johnson, Moderna, Oxford/AstraZeneca, Pfizer/BioNTech",2123867,1004919,3123903,Czechia,https://onemocneni-aktualne.mzcr.cz/covid-19
2021-04-30,"Johnson&Johnson, Moderna, Oxford/AstraZeneca, Pfizer/BioNTech",2186015,1014807,3194476,Czechia,https://onemocneni-aktualne.mzcr.cz/covid-19
2021-05-01,"Johnson&Johnson, Moderna, Oxford/AstraZeneca, Pfizer/BioNTech",2205290,1018209,3217049,Czechia,https://onemocneni-aktualne.mzcr.cz/covid-19
2021-05-02,"Johnson&Johnson, Moderna, Oxford/AstraZeneca, Pfizer/BioNTech",2224167,1020448,3238136,Czechia,https://onemocneni-aktualne.mzcr.cz/covid-19
2021-05-03,"Johnson&Johnson, Moderna, Oxford/AstraZeneca, Pfizer/BioNTech",2291362,1025472,3309228,Czechia,https://onemocneni-aktualne.mzcr.cz/covid-19
2021-05-04,"Johnson&Johnson, Moderna, Oxford/AstraZeneca, Pfizer/BioNTech",2357766,1033729,3382318,Czechia,https://onemocneni-aktualne.mzcr.cz/covid-19
2021-05-05,"Johnson&Johnson, Moderna, Oxford/AstraZeneca, Pfizer/BioNTech",2430852,1043059,3462763,Czechia,https://onemocneni-aktualne.mzcr.cz/covid-19
2021-05-06,"Johnson&Johnson, Moderna, Oxford/AstraZeneca, Pfizer/BioNTech",2511179,1053658,3551719,Czechia,https://onemocneni-aktualne.mzcr.cz/covid-19
2021-05-07,"Johnson&Johnson, Moderna, Oxford/AstraZeneca, Pfizer/BioNTech",2588394,1063639,3636985,Czechia,https://onemocneni-aktualne.mzcr.cz/covid-19
2021-05-08,"Johnson&Johnson, Moderna, Oxford/AstraZeneca, Pfizer/BioNTech",2617782,1065351,3667936,Czechia,https://onemocneni-aktualne.mzcr.cz/covid-19
2021-05-09,"Johnson&Johnson, Moderna, Oxford/AstraZeneca, Pfizer/BioNTech",2641935,1066532,3693261,Czechia,https://onemocneni-aktualne.mzcr.cz/covid-19
2021-05-10,"Johnson&Johnson, Moderna, Oxford/AstraZeneca, Pfizer/BioNTech",2714613,1073657,3771384,Czechia,https://onemocneni-aktualne.mzcr.cz/covid-19
2021-05-11,"Johnson&Johnson, Moderna, Oxford/AstraZeneca, Pfizer/BioNTech",2790654,1082400,3854350,Czechia,https://onemocneni-aktualne.mzcr.cz/covid-19
2021-05-12,"Johnson&Johnson, Moderna, Oxford/AstraZeneca, Pfizer/BioNTech",2870435,1091401,3941550,Czechia,https://onemocneni-aktualne.mzcr.cz/covid-19
2021-05-13,"Johnson&Johnson, Moderna, Oxford/AstraZeneca, Pfizer/BioNTech",2954393,1100496,4033098,Czechia,https://onemocneni-aktualne.mzcr.cz/covid-19
2021-05-14,"Johnson&Johnson, Moderna, Oxford/AstraZeneca, Pfizer/BioNTech",3033737,1108208,4119058,Czechia,https://onemocneni-aktualne.mzcr.cz/covid-19
2021-05-15,"Johnson&Johnson, Moderna, Oxford/AstraZeneca, Pfizer/BioNTech",3065552,1110374,4152976,Czechia,https://onemocneni-aktualne.mzcr.cz/covid-19
2021-05-16,"Johnson&Johnson, Moderna, Oxford/AstraZeneca, Pfizer/BioNTech",3091289,1111561,4179890,Czechia,https://onemocneni-aktualne.mzcr.cz/covid-19
2021-05-17,"Johnson&Johnson, Moderna, Oxford/AstraZeneca, Pfizer/BioNTech",3163746,1118218,4258126,Czechia,https://onemocneni-aktualne.mzcr.cz/covid-19
2021-05-18,"Johnson&Johnson, Moderna, Oxford/AstraZeneca, Pfizer/BioNTech",3235633,1131169,4341967,Czechia,https://onemocneni-aktualne.mzcr.cz/covid-19
2021-05-19,"Johnson&Johnson, Moderna, Oxford/AstraZeneca, Pfizer/BioNTech",3313026,1146211,4433174,Czechia,https://onemocneni-aktualne.mzcr.cz/covid-19
2021-05-20,"Johnson&Johnson, Moderna, Oxford/AstraZeneca, Pfizer/BioNTech",3388405,1173109,4533827,Czechia,https://onemocneni-aktualne.mzcr.cz/covid-19
2021-05-21,"Johnson&Johnson, Moderna, Oxford/AstraZeneca, Pfizer/BioNTech",3457136,1200726,4628749,Czechia,https://onemocneni-aktualne.mzcr.cz/covid-19
2021-05-22,"Johnson&Johnson, Moderna, Oxford/AstraZeneca, Pfizer/BioNTech",3489445,1211789,4671950,Czechia,https://onemocneni-aktualne.mzcr.cz/covid-19
2021-05-23,"Johnson&Johnson, Moderna, Oxford/AstraZeneca, Pfizer/BioNTech",3511729,1220749,4703187,Czechia,https://onemocneni-aktualne.mzcr.cz/covid-19
2021-05-24,"Johnson&Johnson, Moderna, Oxford/AstraZeneca, Pfizer/BioNTech",3558772,1254228,4782433,Czechia,https://onemocneni-aktualne.mzcr.cz/covid-19
2021-05-25,"Johnson&Johnson, Moderna, Oxford/AstraZeneca, Pfizer/BioNTech",3610558,1289865,4868072,Czechia,https://onemocneni-aktualne.mzcr.cz/covid-19
2021-05-26,"Johnson&Johnson, Moderna, Oxford/AstraZeneca, Pfizer/BioNTech",3678234,1327256,4971229,Czechia,https://onemocneni-aktualne.mzcr.cz/covid-19
2021-05-27,"Johnson&Johnson, Moderna, Oxford/AstraZeneca, Pfizer/BioNTech",3739551,1374475,5077649,Czechia,https://onemocneni-aktualne.mzcr.cz/covid-19
2021-05-28,"Johnson&Johnson, Moderna, Oxford/AstraZeneca, Pfizer/BioNTech",3801188,1420870,5183584,Czechia,https://onemocneni-aktualne.mzcr.cz/covid-19
2021-05-29,"Johnson&Johnson, Moderna, Oxford/AstraZeneca, Pfizer/BioNTech",3830314,1437904,5229607,Czechia,https://onemocneni-aktualne.mzcr.cz/covid-19
2021-05-30,"Johnson&Johnson, Moderna, Oxford/AstraZeneca, Pfizer/BioNTech",3852636,1452280,5266299,Czechia,https://onemocneni-aktualne.mzcr.cz/covid-19
2021-05-31,"Johnson&Johnson, Moderna, Oxford/AstraZeneca, Pfizer/BioNTech",3908313,1499638,5367487,Czechia,https://onemocneni-aktualne.mzcr.cz/covid-19
2021-06-01,"Johnson&Johnson, Moderna, Oxford/AstraZeneca, Pfizer/BioNTech",3967277,1547938,5472477,Czechia,https://onemocneni-aktualne.mzcr.cz/covid-19
2021-06-02,"Johnson&Johnson, Moderna, Oxford/AstraZeneca, Pfizer/BioNTech",4030096,1601806,5586700,Czechia,https://onemocneni-aktualne.mzcr.cz/covid-19
2021-06-03,"Johnson&Johnson, Moderna, Oxford/AstraZeneca, Pfizer/BioNTech",4088272,1661892,5702155,Czechia,https://onemocneni-aktualne.mzcr.cz/covid-19
2021-06-04,"Johnson&Johnson, Moderna, Oxford/AstraZeneca, Pfizer/BioNTech",4151320,1719167,5819230,Czechia,https://onemocneni-aktualne.mzcr.cz/covid-19
2021-06-05,"Johnson&Johnson, Moderna, Oxford/AstraZeneca, Pfizer/BioNTech",4185433,1737914,5871968,Czechia,https://onemocneni-aktualne.mzcr.cz/covid-19
2021-06-06,"Johnson&Johnson, Moderna, Oxford/AstraZeneca, Pfizer/BioNTech",4212322,1752972,5913848,Czechia,https://onemocneni-aktualne.mzcr.cz/covid-19
2021-06-07,"Johnson&Johnson, Moderna, Oxford/AstraZeneca, Pfizer/BioNTech",4275950,1808496,6029875,Czechia,https://onemocneni-aktualne.mzcr.cz/covid-19
2021-06-08,"Johnson&Johnson, Moderna, Oxford/AstraZeneca, Pfizer/BioNTech",4339879,1863365,6145617,Czechia,https://onemocneni-aktualne.mzcr.cz/covid-19
2021-06-09,"Johnson&Johnson, Moderna, Oxford/AstraZeneca, Pfizer/BioNTech",4398972,1927640,6265369,Czechia,https://onemocneni-aktualne.mzcr.cz/covid-19
2021-06-10,"Johnson&Johnson, Moderna, Oxford/AstraZeneca, Pfizer/BioNTech",4452660,1998583,6386895,Czechia,https://onemocneni-aktualne.mzcr.cz/covid-19
2021-06-11,"Johnson&Johnson, Moderna, Oxford/AstraZeneca, Pfizer/BioNTech",4504703,2068142,6505365,Czechia,https://onemocneni-aktualne.mzcr.cz/covid-19
2021-06-12,"Johnson&Johnson, Moderna, Oxford/AstraZeneca, Pfizer/BioNTech",4536649,2088847,6557921,Czechia,https://onemocneni-aktualne.mzcr.cz/covid-19
2021-06-13,"Johnson&Johnson, Moderna, Oxford/AstraZeneca, Pfizer/BioNTech",4560637,2107179,6600188,Czechia,https://onemocneni-aktualne.mzcr.cz/covid-19
2021-06-14,"Johnson&Johnson, Moderna, Oxford/AstraZeneca, Pfizer/BioNTech",4603575,2181408,6714980,Czechia,https://onemocneni-aktualne.mzcr.cz/covid-19
2021-06-15,"Johnson&Johnson, Moderna, Oxford/AstraZeneca, Pfizer/BioNTech",4648187,2253587,6829608,Czechia,https://onemocneni-aktualne.mzcr.cz/covid-19
2021-06-16,"Johnson&Johnson, Moderna, Oxford/AstraZeneca, Pfizer/BioNTech",4690873,2331629,6947816,Czechia,https://onemocneni-aktualne.mzcr.cz/covid-19
2021-06-17,"Johnson&Johnson, Moderna, Oxford/AstraZeneca, Pfizer/BioNTech",4730204,2414538,7067874,Czechia,https://onemocneni-aktualne.mzcr.cz/covid-19
2021-06-18,"Johnson&Johnson, Moderna, Oxford/AstraZeneca, Pfizer/BioNTech",4772529,2494857,7188479,Czechia,https://onemocneni-aktualne.mzcr.cz/covid-19
2021-06-19,"Johnson&Johnson, Moderna, Oxford/AstraZeneca, Pfizer/BioNTech",4794233,2524049,7239353,Czechia,https://onemocneni-aktualne.mzcr.cz/covid-19
2021-06-20,"Johnson&Johnson, Moderna, Oxford/AstraZeneca, Pfizer/BioNTech",4811580,2547783,7280396,Czechia,https://onemocneni-aktualne.mzcr.cz/covid-19
2021-06-21,"Johnson&Johnson, Moderna, Oxford/AstraZeneca, Pfizer/BioNTech",4844061,2626178,7389838,Czechia,https://onemocneni-aktualne.mzcr.cz/covid-19
2021-06-22,"Johnson&Johnson, Moderna, Oxford/AstraZeneca, Pfizer/BioNTech",4876975,2708263,7503223,Czechia,https://onemocneni-aktualne.mzcr.cz/covid-19
2021-06-23,"Johnson&Johnson, Moderna, Oxford/AstraZeneca, Pfizer/BioNTech",4908591,2793334,7618107,Czechia,https://onemocneni-aktualne.mzcr.cz/covid-19
2021-06-24,"Johnson&Johnson, Moderna, Oxford/AstraZeneca, Pfizer/BioNTech",4938366,2883230,7735950,Czechia,https://onemocneni-aktualne.mzcr.cz/covid-19
2021-06-25,"Johnson&Johnson, Moderna, Oxford/AstraZeneca, Pfizer/BioNTech",4969355,2969183,7851185,Czechia,https://onemocneni-aktualne.mzcr.cz/covid-19
2021-06-26,"Johnson&Johnson, Moderna, Oxford/AstraZeneca, Pfizer/BioNTech",4985173,3003879,7901670,Czechia,https://onemocneni-aktualne.mzcr.cz/covid-19
2021-06-27,"Johnson&Johnson, Moderna, Oxford/AstraZeneca, Pfizer/BioNTech",4999089,3030439,7942139,Czechia,https://onemocneni-aktualne.mzcr.cz/covid-19
2021-06-28,"Johnson&Johnson, Moderna, Oxford/AstraZeneca, Pfizer/BioNTech",5027459,3115465,8054281,Czechia,https://onemocneni-aktualne.mzcr.cz/covid-19
2021-06-29,"Johnson&Johnson, Moderna, Oxford/AstraZeneca, Pfizer/BioNTech",5056667,3201804,8168380,Czechia,https://onemocneni-aktualne.mzcr.cz/covid-19
2021-06-30,"Johnson&Johnson, Moderna, Oxford/AstraZeneca, Pfizer/BioNTech",5084121,3292573,8285250,Czechia,https://onemocneni-aktualne.mzcr.cz/covid-19
2021-07-01,"Johnson&Johnson, Moderna, Oxford/AstraZeneca, Pfizer/BioNTech",5108003,3382408,8397206,Czechia,https://onemocneni-aktualne.mzcr.cz/covid-19
2021-07-02,"Johnson&Johnson, Moderna, Oxford/AstraZeneca, Pfizer/BioNTech",5134651,3468034,8507785,Czechia,https://onemocneni-aktualne.mzcr.cz/covid-19
2021-07-03,"Johnson&Johnson, Moderna, Oxford/AstraZeneca, Pfizer/BioNTech",5141708,3499455,8546248,Czechia,https://onemocneni-aktualne.mzcr.cz/covid-19
2021-07-04,"Johnson&Johnson, Moderna, Oxford/AstraZeneca, Pfizer/BioNTech",5149223,3521185,8575485,Czechia,https://onemocneni-aktualne.mzcr.cz/covid-19
2021-07-05,"Johnson&Johnson, Moderna, Oxford/AstraZeneca, Pfizer/BioNTech",5156540,3546455,8608059,Czechia,https://onemocneni-aktualne.mzcr.cz/covid-19
2021-07-06,"Johnson&Johnson, Moderna, Oxford/AstraZeneca, Pfizer/BioNTech",5161901,3573987,8640935,Czechia,https://onemocneni-aktualne.mzcr.cz/covid-19
2021-07-07,"Johnson&Johnson, Moderna, Oxford/AstraZeneca, Pfizer/BioNTech",5187638,3652794,8744502,Czechia,https://onemocneni-aktualne.mzcr.cz/covid-19
2021-07-08,"Johnson&Johnson, Moderna, Oxford/AstraZeneca, Pfizer/BioNTech",5214158,3722969,8839888,Czechia,https://onemocneni-aktualne.mzcr.cz/covid-19
2021-07-09,"Johnson&Johnson, Moderna, Oxford/AstraZeneca, Pfizer/BioNTech",5241924,3792088,8935352,Czechia,https://onemocneni-aktualne.mzcr.cz/covid-19
2021-07-10,"Johnson&Johnson, Moderna, Oxford/AstraZeneca, Pfizer/BioNTech",5251201,3820620,8973143,Czechia,https://onemocneni-aktualne.mzcr.cz/covid-19
2021-07-11,"Johnson&Johnson, Moderna, Oxford/AstraZeneca, Pfizer/BioNTech",5259672,3843439,9004404,Czechia,https://onemocneni-aktualne.mzcr.cz/covid-19
2021-07-12,"Johnson&Johnson, Moderna, Oxford/AstraZeneca, Pfizer/BioNTech",5287080,3912400,9099461,Czechia,https://onemocneni-aktualne.mzcr.cz/covid-19
2021-07-13,"Johnson&Johnson, Moderna, Oxford/AstraZeneca, Pfizer/BioNTech",5313148,3982128,9193417,Czechia,https://onemocneni-aktualne.mzcr.cz/covid-19
2021-07-14,"Johnson&Johnson, Moderna, Oxford/AstraZeneca, Pfizer/BioNTech",5338886,4054000,9289040,Czechia,https://onemocneni-aktualne.mzcr.cz/covid-19
2021-07-15,"Johnson&Johnson, Moderna, Oxford/AstraZeneca, Pfizer/BioNTech",5367984,4119859,9381651,Czechia,https://onemocneni-aktualne.mzcr.cz/covid-19
2021-07-16,"Johnson&Johnson, Moderna, Oxford/AstraZeneca, Pfizer/BioNTech",5395646,4192400,9479391,Czechia,https://onemocneni-aktualne.mzcr.cz/covid-19
2021-07-17,"Johnson&Johnson, Moderna, Oxford/AstraZeneca, Pfizer/BioNTech",5404360,4223756,9518971,Czechia,https://onemocneni-aktualne.mzcr.cz/covid-19
2021-07-18,"Johnson&Johnson, Moderna, Oxford/AstraZeneca, Pfizer/BioNTech",5412755,4249691,9552757,Czechia,https://onemocneni-aktualne.mzcr.cz/covid-19
2021-07-19,"Johnson&Johnson, Moderna, Oxford/AstraZeneca, Pfizer/BioNTech",5436018,4316581,9641444,Czechia,https://onemocneni-aktualne.mzcr.cz/covid-19
2021-07-20,"Johnson&Johnson, Moderna, Oxford/AstraZeneca, Pfizer/BioNTech",5457289,4383493,9727718,Czechia,https://onemocneni-aktualne.mzcr.cz/covid-19
2021-07-21,"Johnson&Johnson, Moderna, Oxford/AstraZeneca, Pfizer/BioNTech",5480564,4446782,9811456,Czechia,https://onemocneni-aktualne.mzcr.cz/covid-19
2021-07-22,"Johnson&Johnson, Moderna, Oxford/AstraZeneca, Pfizer/BioNTech",5502742,4505125,9888948,Czechia,https://onemocneni-aktualne.mzcr.cz/covid-19
2021-07-23,"Johnson&Johnson, Moderna, Oxford/AstraZeneca, Pfizer/BioNTech",5525751,4559681,9963442,Czechia,https://onemocneni-aktualne.mzcr.cz/covid-19
2021-07-24,"Johnson&Johnson, Moderna, Oxford/AstraZeneca, Pfizer/BioNTech",5533018,4587226,9997089,Czechia,https://onemocneni-aktualne.mzcr.cz/covid-19
2021-07-25,"Johnson&Johnson, Moderna, Oxford/AstraZeneca, Pfizer/BioNTech",5539578,4609182,10024487,Czechia,https://onemocneni-aktualne.mzcr.cz/covid-19
2021-07-26,"Johnson&Johnson, Moderna, Oxford/AstraZeneca, Pfizer/BioNTech",5562970,4657594,10093667,Czechia,https://onemocneni-aktualne.mzcr.cz/covid-19
2021-07-27,"Johnson&Johnson, Moderna, Oxford/AstraZeneca, Pfizer/BioNTech",5585498,4704038,10159374,Czechia,https://onemocneni-aktualne.mzcr.cz/covid-19
2021-07-28,"Johnson&Johnson, Moderna, Oxford/AstraZeneca, Pfizer/BioNTech",5606549,4749839,10222492,Czechia,https://onemocneni-aktualne.mzcr.cz/covid-19
2021-07-29,"Johnson&Johnson, Moderna, Oxford/AstraZeneca, Pfizer/BioNTech",5627670,4791605,10282078,Czechia,https://onemocneni-aktualne.mzcr.cz/covid-19
2021-07-30,"Johnson&Johnson, Moderna, Oxford/AstraZeneca, Pfizer/BioNTech",5650669,4833798,10343968,Czechia,https://onemocneni-aktualne.mzcr.cz/covid-19
2021-07-31,"Johnson&Johnson, Moderna, Oxford/AstraZeneca, Pfizer/BioNTech",5659496,4853242,10370689,Czechia,https://onemocneni-aktualne.mzcr.cz/covid-19
2021-08-01,"Johnson&Johnson, Moderna, Oxford/AstraZeneca, Pfizer/BioNTech",5666107,4869340,10392074,Czechia,https://onemocneni-aktualne.mzcr.cz/covid-19
2021-08-02,"Johnson&Johnson, Moderna, Oxford/AstraZeneca, Pfizer/BioNTech",5684401,4906633,10445325,Czechia,https://onemocneni-aktualne.mzcr.cz/covid-19
2021-08-03,"Johnson&Johnson, Moderna, Oxford/AstraZeneca, Pfizer/BioNTech",5701774,4944568,10497444,Czechia,https://onemocneni-aktualne.mzcr.cz/covid-19
2021-08-04,"Johnson&Johnson, Moderna, Oxford/AstraZeneca, Pfizer/BioNTech",5717764,4981134,10547038,Czechia,https://onemocneni-aktualne.mzcr.cz/covid-19
2021-08-05,"Johnson&Johnson, Moderna, Oxford/AstraZeneca, Pfizer/BioNTech",5733529,5021226,10599886,Czechia,https://onemocneni-aktualne.mzcr.cz/covid-19
2021-08-06,"Johnson&Johnson, Moderna, Oxford/AstraZeneca, Pfizer/BioNTech",5750104,5064063,10656306,Czechia,https://onemocneni-aktualne.mzcr.cz/covid-19
2021-08-07,"Johnson&Johnson, Moderna, Oxford/AstraZeneca, Pfizer/BioNTech",5755568,5082082,10678409,Czechia,https://onemocneni-aktualne.mzcr.cz/covid-19
2021-08-08,"Johnson&Johnson, Moderna, Oxford/AstraZeneca, Pfizer/BioNTech",5759701,5097673,10697110,Czechia,https://onemocneni-aktualne.mzcr.cz/covid-19
2021-08-09,"Johnson&Johnson, Moderna, Oxford/AstraZeneca, Pfizer/BioNTech",5772245,5142546,10752327,Czechia,https://onemocneni-aktualne.mzcr.cz/covid-19
2021-08-10,"Johnson&Johnson, Moderna, Oxford/AstraZeneca, Pfizer/BioNTech",5783922,5181936,10801218,Czechia,https://onemocneni-aktualne.mzcr.cz/covid-19
2021-08-11,"Johnson&Johnson, Moderna, Oxford/AstraZeneca, Pfizer/BioNTech",5795171,5224875,10853212,Czechia,https://onemocneni-aktualne.mzcr.cz/covid-19
2021-08-12,"Johnson&Johnson, Moderna, Oxford/AstraZeneca, Pfizer/BioNTech",5806396,5261738,10898862,Czechia,https://onemocneni-aktualne.mzcr.cz/covid-19
2021-08-13,"Johnson&Johnson, Moderna, Oxford/AstraZeneca, Pfizer/BioNTech",5816890,5301697,10947267,Czechia,https://onemocneni-aktualne.mzcr.cz/covid-19
2021-08-14,"Johnson&Johnson, Moderna, Oxford/AstraZeneca, Pfizer/BioNTech",5820159,5312297,10960102,Czechia,https://onemocneni-aktualne.mzcr.cz/covid-19
2021-08-15,"Johnson&Johnson, Moderna, Oxford/AstraZeneca, Pfizer/BioNTech",5822706,5322611,10972346,Czechia,https://onemocneni-aktualne.mzcr.cz/covid-19
2021-08-16,"Johnson&Johnson, Moderna, Oxford/AstraZeneca, Pfizer/BioNTech",5832359,5356454,11013984,Czechia,https://onemocneni-aktualne.mzcr.cz/covid-19
2021-08-17,"Johnson&Johnson, Moderna, Oxford/AstraZeneca, Pfizer/BioNTech",5841737,5383302,11048333,Czechia,https://onemocneni-aktualne.mzcr.cz/covid-19
2021-08-18,"Johnson&Johnson, Moderna, Oxford/AstraZeneca, Pfizer/BioNTech",5850940,5421846,11094040,Czechia,https://onemocneni-aktualne.mzcr.cz/covid-19
2021-08-19,"Johnson&Johnson, Moderna, Oxford/AstraZeneca, Pfizer/BioNTech",5860432,5459921,11139201,Czechia,https://onemocneni-aktualne.mzcr.cz/covid-19
2021-08-20,"Johnson&Johnson, Moderna, Oxford/AstraZeneca, Pfizer/BioNTech",5870729,5498886,11186371,Czechia,https://onemocneni-aktualne.mzcr.cz/covid-19
