date,location,vaccine,source_url,total_vaccinations,people_vaccinated,people_fully_vaccinated
2020-12-27,Germany,"Moderna, Pfizer/BioNTech",https://impfdashboard.de/,24089,24076,13
2020-12-28,Germany,"Moderna, Pfizer/BioNTech",https://impfdashboard.de/,42080,41906,174
2020-12-29,Germany,"Moderna, Oxford/AstraZeneca, Pfizer/BioNTech",https://impfdashboard.de/,92087,91179,908
2020-12-30,Germany,"Moderna, Oxford/AstraZeneca, Pfizer/BioNTech",https://impfdashboard.de/,155582,154536,1046
2020-12-31,Germany,"Moderna, Oxford/AstraZeneca, Pfizer/BioNTech",https://impfdashboard.de/,205273,204138,1135
2021-01-01,Germany,"Moderna, Oxford/AstraZeneca, Pfizer/BioNTech",https://impfdashboard.de/,230623,229479,1144
2021-01-02,Germany,"Moderna, Oxford/AstraZeneca, Pfizer/BioNTech",https://impfdashboard.de/,278567,277137,1430
2021-01-03,Germany,"Moderna, Oxford/AstraZeneca, Pfizer/BioNTech",https://impfdashboard.de/,300980,299545,1435
2021-01-04,Germany,"Moderna, Oxford/AstraZeneca, Pfizer/BioNTech",https://impfdashboard.de/,346823,345292,1531
2021-01-05,Germany,"Moderna, Oxford/AstraZeneca, Pfizer/BioNTech",https://impfdashboard.de/,399055,397186,1869
2021-01-06,Germany,"Moderna, Oxford/AstraZeneca, Pfizer/BioNTech",https://impfdashboard.de/,461563,459601,1962
2021-01-07,Germany,"Johnson&Johnson, Moderna, Oxford/AstraZeneca, Pfizer/BioNTech",https://impfdashboard.de/,516145,514162,1984
2021-01-08,Germany,"Johnson&Johnson, Moderna, Oxford/AstraZeneca, Pfizer/BioNTech",https://impfdashboard.de/,578361,576270,2092
2021-01-09,Germany,"Johnson&Johnson, Moderna, Oxford/AstraZeneca, Pfizer/BioNTech",https://impfdashboard.de/,638365,636126,2240
2021-01-10,Germany,"Johnson&Johnson, Moderna, Oxford/AstraZeneca, Pfizer/BioNTech",https://impfdashboard.de/,674095,671707,2389
2021-01-11,Germany,"Johnson&Johnson, Moderna, Oxford/AstraZeneca, Pfizer/BioNTech",https://impfdashboard.de/,741908,739418,2491
2021-01-12,Germany,"Johnson&Johnson, Moderna, Oxford/AstraZeneca, Pfizer/BioNTech",https://impfdashboard.de/,820456,817901,2556
2021-01-13,Germany,"Johnson&Johnson, Moderna, Oxford/AstraZeneca, Pfizer/BioNTech",https://impfdashboard.de/,931676,928920,2757
2021-01-14,Germany,"Johnson&Johnson, Moderna, Oxford/AstraZeneca, Pfizer/BioNTech",https://impfdashboard.de/,1015249,1012271,2979
2021-01-15,Germany,"Johnson&Johnson, Moderna, Oxford/AstraZeneca, Pfizer/BioNTech",https://impfdashboard.de/,1106230,1102406,3825
2021-01-16,Germany,"Johnson&Johnson, Moderna, Oxford/AstraZeneca, Pfizer/BioNTech",https://impfdashboard.de/,1163703,1158874,4830
2021-01-17,Germany,"Johnson&Johnson, Moderna, Oxford/AstraZeneca, Pfizer/BioNTech",https://impfdashboard.de/,1211044,1189302,21744
2021-01-18,Germany,"Johnson&Johnson, Moderna, Oxford/AstraZeneca, Pfizer/BioNTech",https://impfdashboard.de/,1293255,1255927,37330
2021-01-19,Germany,"Johnson&Johnson, Moderna, Oxford/AstraZeneca, Pfizer/BioNTech",https://impfdashboard.de/,1412258,1338931,73329
2021-01-20,Germany,"Johnson&Johnson, Moderna, Oxford/AstraZeneca, Pfizer/BioNTech",https://impfdashboard.de/,1543701,1416987,126716
2021-01-21,Germany,"Johnson&Johnson, Moderna, Oxford/AstraZeneca, Pfizer/BioNTech",https://impfdashboard.de/,1648537,1481084,167455
2021-01-22,Germany,"Johnson&Johnson, Moderna, Oxford/AstraZeneca, Pfizer/BioNTech",https://impfdashboard.de/,1749925,1549304,200623
2021-01-23,Germany,"Johnson&Johnson, Moderna, Oxford/AstraZeneca, Pfizer/BioNTech",https://impfdashboard.de/,1836261,1589780,246483
2021-01-24,Germany,"Johnson&Johnson, Moderna, Oxford/AstraZeneca, Pfizer/BioNTech",https://impfdashboard.de/,1883385,1615313,268074
2021-01-25,Germany,"Johnson&Johnson, Moderna, Oxford/AstraZeneca, Pfizer/BioNTech",https://impfdashboard.de/,1974144,1667777,306369
2021-01-26,Germany,"Johnson&Johnson, Moderna, Oxford/AstraZeneca, Pfizer/BioNTech",https://impfdashboard.de/,2071582,1718494,353090
2021-01-27,Germany,"Johnson&Johnson, Moderna, Oxford/AstraZeneca, Pfizer/BioNTech",https://impfdashboard.de/,2180600,1769363,411240
2021-01-28,Germany,"Johnson&Johnson, Moderna, Oxford/AstraZeneca, Pfizer/BioNTech",https://impfdashboard.de/,2273069,1815956,457116
2021-01-29,Germany,"Johnson&Johnson, Moderna, Oxford/AstraZeneca, Pfizer/BioNTech",https://impfdashboard.de/,2380800,1865949,514854
2021-01-30,Germany,"Johnson&Johnson, Moderna, Oxford/AstraZeneca, Pfizer/BioNTech",https://impfdashboard.de/,2468795,1900340,568458
2021-01-31,Germany,"Johnson&Johnson, Moderna, Oxford/AstraZeneca, Pfizer/BioNTech",https://impfdashboard.de/,2525598,1926112,599489
2021-02-01,Germany,"Johnson&Johnson, Moderna, Oxford/AstraZeneca, Pfizer/BioNTech",https://impfdashboard.de/,2645015,1984086,660932
2021-02-02,Germany,"Johnson&Johnson, Moderna, Oxford/AstraZeneca, Pfizer/BioNTech",https://impfdashboard.de/,2777230,2049146,728087
2021-02-03,Germany,"Johnson&Johnson, Moderna, Oxford/AstraZeneca, Pfizer/BioNTech",https://impfdashboard.de/,2939164,2113384,825783
2021-02-04,Germany,"Johnson&Johnson, Moderna, Oxford/AstraZeneca, Pfizer/BioNTech",https://impfdashboard.de/,3073052,2175182,897873
2021-02-05,Germany,"Johnson&Johnson, Moderna, Oxford/AstraZeneca, Pfizer/BioNTech",https://impfdashboard.de/,3219808,2244143,975668
2021-02-06,Germany,"Johnson&Johnson, Moderna, Oxford/AstraZeneca, Pfizer/BioNTech",https://impfdashboard.de/,3313477,2289583,1023897
2021-02-07,Germany,"Johnson&Johnson, Moderna, Oxford/AstraZeneca, Pfizer/BioNTech",https://impfdashboard.de/,3366784,2317843,1048945
2021-02-08,Germany,"Johnson&Johnson, Moderna, Oxford/AstraZeneca, Pfizer/BioNTech",https://impfdashboard.de/,3475646,2370671,1104980
2021-02-09,Germany,"Johnson&Johnson, Moderna, Oxford/AstraZeneca, Pfizer/BioNTech",https://impfdashboard.de/,3609633,2430882,1178756
2021-02-10,Germany,"Johnson&Johnson, Moderna, Oxford/AstraZeneca, Pfizer/BioNTech",https://impfdashboard.de/,3764041,2508171,1255875
2021-02-11,Germany,"Johnson&Johnson, Moderna, Oxford/AstraZeneca, Pfizer/BioNTech",https://impfdashboard.de/,3907778,2583417,1324368
2021-02-12,Germany,"Johnson&Johnson, Moderna, Oxford/AstraZeneca, Pfizer/BioNTech",https://impfdashboard.de/,4062895,2662970,1399935
2021-02-13,Germany,"Johnson&Johnson, Moderna, Oxford/AstraZeneca, Pfizer/BioNTech",https://impfdashboard.de/,4170212,2724901,1445322
2021-02-14,Germany,"Johnson&Johnson, Moderna, Oxford/AstraZeneca, Pfizer/BioNTech",https://impfdashboard.de/,4235381,2764394,1470999
2021-02-15,Germany,"Johnson&Johnson, Moderna, Oxford/AstraZeneca, Pfizer/BioNTech",https://impfdashboard.de/,4360626,2833981,1526658
2021-02-16,Germany,"Johnson&Johnson, Moderna, Oxford/AstraZeneca, Pfizer/BioNTech",https://impfdashboard.de/,4494598,2911748,1582864
2021-02-17,Germany,"Johnson&Johnson, Moderna, Oxford/AstraZeneca, Pfizer/BioNTech",https://impfdashboard.de/,4645295,3006158,1639152
2021-02-18,Germany,"Johnson&Johnson, Moderna, Oxford/AstraZeneca, Pfizer/BioNTech",https://impfdashboard.de/,4789499,3097376,1692139
2021-02-19,Germany,"Johnson&Johnson, Moderna, Oxford/AstraZeneca, Pfizer/BioNTech",https://impfdashboard.de/,4947807,3200117,1747707
2021-02-20,Germany,"Johnson&Johnson, Moderna, Oxford/AstraZeneca, Pfizer/BioNTech",https://impfdashboard.de/,5059857,3275911,1783964
2021-02-21,Germany,"Johnson&Johnson, Moderna, Oxford/AstraZeneca, Pfizer/BioNTech",https://impfdashboard.de/,5145620,3333296,1812343
2021-02-22,Germany,"Johnson&Johnson, Moderna, Oxford/AstraZeneca, Pfizer/BioNTech",https://impfdashboard.de/,5300842,3430837,1870025
2021-02-23,Germany,"Johnson&Johnson, Moderna, Oxford/AstraZeneca, Pfizer/BioNTech",https://impfdashboard.de/,5470680,3540219,1930482
2021-02-24,Germany,"Johnson&Johnson, Moderna, Oxford/AstraZeneca, Pfizer/BioNTech",https://impfdashboard.de/,5646364,3656761,1989625
2021-02-25,Germany,"Johnson&Johnson, Moderna, Oxford/AstraZeneca, Pfizer/BioNTech",https://impfdashboard.de/,5835288,3786758,2048552
2021-02-26,Germany,"Johnson&Johnson, Moderna, Oxford/AstraZeneca, Pfizer/BioNTech",https://impfdashboard.de/,6047707,3932323,2115406
2021-02-27,Germany,"Johnson&Johnson, Moderna, Oxford/AstraZeneca, Pfizer/BioNTech",https://impfdashboard.de/,6195417,4040149,2155290
2021-02-28,Germany,"Johnson&Johnson, Moderna, Oxford/AstraZeneca, Pfizer/BioNTech",https://impfdashboard.de/,6298249,4118924,2179348
2021-03-01,Germany,"Johnson&Johnson, Moderna, Oxford/AstraZeneca, Pfizer/BioNTech",https://impfdashboard.de/,6496438,4267259,2229202
2021-03-02,Germany,"Johnson&Johnson, Moderna, Oxford/AstraZeneca, Pfizer/BioNTech",https://impfdashboard.de/,6715395,4434123,2281295
2021-03-03,Germany,"Johnson&Johnson, Moderna, Oxford/AstraZeneca, Pfizer/BioNTech",https://impfdashboard.de/,6962427,4610659,2351791
2021-03-04,Germany,"Johnson&Johnson, Moderna, Oxford/AstraZeneca, Pfizer/BioNTech",https://impfdashboard.de/,7207215,4792633,2414605
2021-03-05,Germany,"Johnson&Johnson, Moderna, Oxford/AstraZeneca, Pfizer/BioNTech",https://impfdashboard.de/,7481454,4999905,2481573
2021-03-06,Germany,"Johnson&Johnson, Moderna, Oxford/AstraZeneca, Pfizer/BioNTech",https://impfdashboard.de/,7683125,5152918,2530231
2021-03-07,Germany,"Johnson&Johnson, Moderna, Oxford/AstraZeneca, Pfizer/BioNTech",https://impfdashboard.de/,7830660,5266971,2563713
2021-03-08,Germany,"Johnson&Johnson, Moderna, Oxford/AstraZeneca, Pfizer/BioNTech",https://impfdashboard.de/,8068084,5452817,2615291
2021-03-09,Germany,"Johnson&Johnson, Moderna, Oxford/AstraZeneca, Pfizer/BioNTech",https://impfdashboard.de/,8320286,5650224,2670086
2021-03-10,Germany,"Johnson&Johnson, Moderna, Oxford/AstraZeneca, Pfizer/BioNTech",https://impfdashboard.de/,8608673,5871582,2737116
2021-03-11,Germany,"Johnson&Johnson, Moderna, Oxford/AstraZeneca, Pfizer/BioNTech",https://impfdashboard.de/,8892855,6094875,2798005
2021-03-12,Germany,"Johnson&Johnson, Moderna, Oxford/AstraZeneca, Pfizer/BioNTech",https://impfdashboard.de/,9219046,6350221,2868850
2021-03-13,Germany,"Johnson&Johnson, Moderna, Oxford/AstraZeneca, Pfizer/BioNTech",https://impfdashboard.de/,9459601,6540511,2919115
2021-03-14,Germany,"Johnson&Johnson, Moderna, Oxford/AstraZeneca, Pfizer/BioNTech",https://impfdashboard.de/,9629580,6674812,2954793
2021-03-15,Germany,"Johnson&Johnson, Moderna, Oxford/AstraZeneca, Pfizer/BioNTech",https://impfdashboard.de/,9877217,6863241,3014001
2021-03-16,Germany,"Johnson&Johnson, Moderna, Oxford/AstraZeneca, Pfizer/BioNTech",https://impfdashboard.de/,10056102,6973931,3082196
2021-03-17,Germany,"Johnson&Johnson, Moderna, Oxford/AstraZeneca, Pfizer/BioNTech",https://impfdashboard.de/,10261126,7098007,3163144
2021-03-18,Germany,"Johnson&Johnson, Moderna, Oxford/AstraZeneca, Pfizer/BioNTech",https://impfdashboard.de/,10454659,7215978,3238706
2021-03-19,Germany,"Johnson&Johnson, Moderna, Oxford/AstraZeneca, Pfizer/BioNTech",https://impfdashboard.de/,10699605,7376690,3322940
2021-03-20,Germany,"Johnson&Johnson, Moderna, Oxford/AstraZeneca, Pfizer/BioNTech",https://impfdashboard.de/,10919775,7543592,3376208
2021-03-21,Germany,"Johnson&Johnson, Moderna, Oxford/AstraZeneca, Pfizer/BioNTech",https://impfdashboard.de/,11084260,7669891,3414394
2021-03-22,Germany,"Johnson&Johnson, Moderna, Oxford/AstraZeneca, Pfizer/BioNTech",https://impfdashboard.de/,11353463,7862687,3490801
2021-03-23,Germany,"Johnson&Johnson, Moderna, Oxford/AstraZeneca, Pfizer/BioNTech",https://impfdashboard.de/,11654417,8079608,3574834
2021-03-24,Germany,"Johnson&Johnson, Moderna, Oxford/AstraZeneca, Pfizer/BioNTech",https://impfdashboard.de/,11993618,8329235,3664408
2021-03-25,Germany,"Johnson&Johnson, Moderna, Oxford/AstraZeneca, Pfizer/BioNTech",https://impfdashboard.de/,12326259,8580730,3745554
2021-03-26,Germany,"Johnson&Johnson, Moderna, Oxford/AstraZeneca, Pfizer/BioNTech",https://impfdashboard.de/,12700297,8866232,3834091
2021-03-27,Germany,"Johnson&Johnson, Moderna, Oxford/AstraZeneca, Pfizer/BioNTech",https://impfdashboard.de/,12981562,9085168,3896421
2021-03-28,Germany,"Johnson&Johnson, Moderna, Oxford/AstraZeneca, Pfizer/BioNTech",https://impfdashboard.de/,13177951,9228339,3949639
2021-03-29,Germany,"Johnson&Johnson, Moderna, Oxford/AstraZeneca, Pfizer/BioNTech",https://impfdashboard.de/,13483602,9445397,4038232
2021-03-30,Germany,"Johnson&Johnson, Moderna, Oxford/AstraZeneca, Pfizer/BioNTech",https://impfdashboard.de/,13812496,9681801,4130722
2021-03-31,Germany,"Johnson&Johnson, Moderna, Oxford/AstraZeneca, Pfizer/BioNTech",https://impfdashboard.de/,14148726,9916571,4232182
2021-04-01,Germany,"Johnson&Johnson, Moderna, Oxford/AstraZeneca, Pfizer/BioNTech",https://impfdashboard.de/,14475425,10152518,4322934
2021-04-02,Germany,"Johnson&Johnson, Moderna, Oxford/AstraZeneca, Pfizer/BioNTech",https://impfdashboard.de/,14701140,10310250,4390917
2021-04-03,Germany,"Johnson&Johnson, Moderna, Oxford/AstraZeneca, Pfizer/BioNTech",https://impfdashboard.de/,14933080,10477775,4455332
2021-04-04,Germany,"Johnson&Johnson, Moderna, Oxford/AstraZeneca, Pfizer/BioNTech",https://impfdashboard.de/,15126031,10620371,4505687
2021-04-05,Germany,"Johnson&Johnson, Moderna, Oxford/AstraZeneca, Pfizer/BioNTech",https://impfdashboard.de/,15373903,10798023,4575907
2021-04-06,Germany,"Johnson&Johnson, Moderna, Oxford/AstraZeneca, Pfizer/BioNTech",https://impfdashboard.de/,15747620,11077057,4670592
2021-04-07,Germany,"Johnson&Johnson, Moderna, Oxford/AstraZeneca, Pfizer/BioNTech",https://impfdashboard.de/,16415578,11648680,4766927
2021-04-08,Germany,"Johnson&Johnson, Moderna, Oxford/AstraZeneca, Pfizer/BioNTech",https://impfdashboard.de/,17114423,12259822,4854630
2021-04-09,Germany,"Johnson&Johnson, Moderna, Oxford/AstraZeneca, Pfizer/BioNTech",https://impfdashboard.de/,17746573,12803024,4943578
2021-04-10,Germany,"Johnson&Johnson, Moderna, Oxford/AstraZeneca, Pfizer/BioNTech",https://impfdashboard.de/,18119099,13110531,5008597
2021-04-11,Germany,"Johnson&Johnson, Moderna, Oxford/AstraZeneca, Pfizer/BioNTech",https://impfdashboard.de/,18383011,13324126,5058914
2021-04-12,Germany,"Johnson&Johnson, Moderna, Oxford/AstraZeneca, Pfizer/BioNTech",https://impfdashboard.de/,18801588,13666336,5135282
2021-04-13,Germany,"Johnson&Johnson, Moderna, Oxford/AstraZeneca, Pfizer/BioNTech",https://impfdashboard.de/,19378415,14169473,5208972
2021-04-14,Germany,"Johnson&Johnson, Moderna, Oxford/AstraZeneca, Pfizer/BioNTech",https://impfdashboard.de/,20153239,14861091,5292178
2021-04-15,Germany,"Johnson&Johnson, Moderna, Oxford/AstraZeneca, Pfizer/BioNTech",https://impfdashboard.de/,20833418,15470964,5362485
2021-04-16,Germany,"Johnson&Johnson, Moderna, Oxford/AstraZeneca, Pfizer/BioNTech",https://impfdashboard.de/,21429923,15993278,5436676
2021-04-17,Germany,"Johnson&Johnson, Moderna, Oxford/AstraZeneca, Pfizer/BioNTech",https://impfdashboard.de/,21795952,16302694,5493289
2021-04-18,Germany,"Johnson&Johnson, Moderna, Oxford/AstraZeneca, Pfizer/BioNTech",https://impfdashboard.de/,22065491,16533229,5532293
2021-04-19,Germany,"Johnson&Johnson, Moderna, Oxford/AstraZeneca, Pfizer/BioNTech",https://impfdashboard.de/,22467719,16874040,5593711
2021-04-20,Germany,"Johnson&Johnson, Moderna, Oxford/AstraZeneca, Pfizer/BioNTech",https://impfdashboard.de/,23028467,17372019,5656481
2021-04-21,Germany,"Johnson&Johnson, Moderna, Oxford/AstraZeneca, Pfizer/BioNTech",https://impfdashboard.de/,23749566,18019961,5729638
2021-04-22,Germany,"Johnson&Johnson, Moderna, Oxford/AstraZeneca, Pfizer/BioNTech",https://impfdashboard.de/,24388195,18591375,5796853
2021-04-23,Germany,"Johnson&Johnson, Moderna, Oxford/AstraZeneca, Pfizer/BioNTech",https://impfdashboard.de/,24944602,19078854,5865781
2021-04-24,Germany,"Johnson&Johnson, Moderna, Oxford/AstraZeneca, Pfizer/BioNTech",https://impfdashboard.de/,25310194,19385504,5924723
2021-04-25,Germany,"Johnson&Johnson, Moderna, Oxford/AstraZeneca, Pfizer/BioNTech",https://impfdashboard.de/,25593172,19619439,5973766
2021-04-26,Germany,"Johnson&Johnson, Moderna, Oxford/AstraZeneca, Pfizer/BioNTech",https://impfdashboard.de/,26026157,19978504,6047756
2021-04-27,Germany,"Johnson&Johnson, Moderna, Oxford/AstraZeneca, Pfizer/BioNTech",https://impfdashboard.de/,26811517,20672416,6139757
2021-04-28,Germany,"Johnson&Johnson, Moderna, Oxford/AstraZeneca, Pfizer/BioNTech",https://impfdashboard.de/,27934678,21669353,6266813
2021-04-29,Germany,"Johnson&Johnson, Moderna, Oxford/AstraZeneca, Pfizer/BioNTech",https://impfdashboard.de/,28880969,22483082,6400284
2021-04-30,Germany,"Johnson&Johnson, Moderna, Oxford/AstraZeneca, Pfizer/BioNTech",https://impfdashboard.de/,29684721,23150641,6537352
2021-05-01,Germany,"Johnson&Johnson, Moderna, Oxford/AstraZeneca, Pfizer/BioNTech",https://impfdashboard.de/,30021010,23413271,6613585
2021-05-02,Germany,"Johnson&Johnson, Moderna, Oxford/AstraZeneca, Pfizer/BioNTech",https://impfdashboard.de/,30286003,23612702,6680954
2021-05-03,Germany,"Johnson&Johnson, Moderna, Oxford/AstraZeneca, Pfizer/BioNTech",https://impfdashboard.de/,30737667,23949562,6797344
2021-05-04,Germany,"Johnson&Johnson, Moderna, Oxford/AstraZeneca, Pfizer/BioNTech",https://impfdashboard.de/,31580588,24633743,6959044
2021-05-05,Germany,"Johnson&Johnson, Moderna, Oxford/AstraZeneca, Pfizer/BioNTech",https://impfdashboard.de/,32727772,25553067,7191375
2021-05-06,Germany,"Johnson&Johnson, Moderna, Oxford/AstraZeneca, Pfizer/BioNTech",https://impfdashboard.de/,33718777,26324900,7415097
2021-05-07,Germany,"Johnson&Johnson, Moderna, Oxford/AstraZeneca, Pfizer/BioNTech",https://impfdashboard.de/,34609870,26981743,7653549
2021-05-08,Germany,"Johnson&Johnson, Moderna, Oxford/AstraZeneca, Pfizer/BioNTech",https://impfdashboard.de/,35035669,27255193,7807615
2021-05-09,Germany,"Johnson&Johnson, Moderna, Oxford/AstraZeneca, Pfizer/BioNTech",https://impfdashboard.de/,35321848,27439905,7910148
2021-05-10,Germany,"Johnson&Johnson, Moderna, Oxford/AstraZeneca, Pfizer/BioNTech",https://impfdashboard.de/,35911082,27839374,8103640
2021-05-11,Germany,"Johnson&Johnson, Moderna, Oxford/AstraZeneca, Pfizer/BioNTech",https://impfdashboard.de/,36996857,28640956,8391474
2021-05-12,Germany,"Johnson&Johnson, Moderna, Oxford/AstraZeneca, Pfizer/BioNTech",https://impfdashboard.de/,38412791,29695970,8758146
2021-05-13,Germany,"Johnson&Johnson, Moderna, Oxford/AstraZeneca, Pfizer/BioNTech",https://impfdashboard.de/,38841955,29966943,8918987
2021-05-14,Germany,"Johnson&Johnson, Moderna, Oxford/AstraZeneca, Pfizer/BioNTech",https://impfdashboard.de/,39598372,30500814,9149325
2021-05-15,Germany,"Johnson&Johnson, Moderna, Oxford/AstraZeneca, Pfizer/BioNTech",https://impfdashboard.de/,39998665,30739780,9314932
2021-05-16,Germany,"Johnson&Johnson, Moderna, Oxford/AstraZeneca, Pfizer/BioNTech",https://impfdashboard.de/,40280797,30905043,9436524
2021-05-17,Germany,"Johnson&Johnson, Moderna, Oxford/AstraZeneca, Pfizer/BioNTech",https://impfdashboard.de/,40835922,31264064,9642385
2021-05-18,Germany,"Johnson&Johnson, Moderna, Oxford/AstraZeneca, Pfizer/BioNTech",https://impfdashboard.de/,41707669,31789183,9996785
2021-05-19,Germany,"Johnson&Johnson, Moderna, Oxford/AstraZeneca, Pfizer/BioNTech",https://impfdashboard.de/,42805493,32365067,10530880
2021-05-20,Germany,"Johnson&Johnson, Moderna, Oxford/AstraZeneca, Pfizer/BioNTech",https://impfdashboard.de/,43752917,32831478,11022730
2021-05-21,Germany,"Johnson&Johnson, Moderna, Oxford/AstraZeneca, Pfizer/BioNTech",https://impfdashboard.de/,44603934,33249347,11467757
2021-05-22,Germany,"Johnson&Johnson, Moderna, Oxford/AstraZeneca, Pfizer/BioNTech",https://impfdashboard.de/,45077717,33478624,11726541
2021-05-23,Germany,"Johnson&Johnson, Moderna, Oxford/AstraZeneca, Pfizer/BioNTech",https://impfdashboard.de/,45362781,33612247,11886846
2021-05-24,Germany,"Johnson&Johnson, Moderna, Oxford/AstraZeneca, Pfizer/BioNTech",https://impfdashboard.de/,45688641,33761396,12071595
2021-05-25,Germany,"Johnson&Johnson, Moderna, Oxford/AstraZeneca, Pfizer/BioNTech",https://impfdashboard.de/,46344115,34058642,12454980
2021-05-26,Germany,"Johnson&Johnson, Moderna, Oxford/AstraZeneca, Pfizer/BioNTech",https://impfdashboard.de/,47523869,34606437,13165211
2021-05-27,Germany,"Johnson&Johnson, Moderna, Oxford/AstraZeneca, Pfizer/BioNTech",https://impfdashboard.de/,48564676,35091742,13801833
2021-05-28,Germany,"Johnson&Johnson, Moderna, Oxford/AstraZeneca, Pfizer/BioNTech",https://impfdashboard.de/,49468619,35531867,14349406
2021-05-29,Germany,"Johnson&Johnson, Moderna, Oxford/AstraZeneca, Pfizer/BioNTech",https://impfdashboard.de/,49878793,35711392,14607847
2021-05-30,Germany,"Johnson&Johnson, Moderna, Oxford/AstraZeneca, Pfizer/BioNTech",https://impfdashboard.de/,50162331,35820152,14793657
2021-05-31,Germany,"Johnson&Johnson, Moderna, Oxford/AstraZeneca, Pfizer/BioNTech",https://impfdashboard.de/,50709085,36041010,15162028
2021-06-01,Germany,"Johnson&Johnson, Moderna, Oxford/AstraZeneca, Pfizer/BioNTech",https://impfdashboard.de/,51697469,36525642,15750335
2021-06-02,Germany,"Johnson&Johnson, Moderna, Oxford/AstraZeneca, Pfizer/BioNTech",https://impfdashboard.de/,52946147,37147337,16482168
2021-06-03,Germany,"Johnson&Johnson, Moderna, Oxford/AstraZeneca, Pfizer/BioNTech",https://impfdashboard.de/,53588930,37430945,16894545
2021-06-04,Germany,"Johnson&Johnson, Moderna, Oxford/AstraZeneca, Pfizer/BioNTech",https://impfdashboard.de/,54400018,37799442,17414352
2021-06-05,Germany,"Johnson&Johnson, Moderna, Oxford/AstraZeneca, Pfizer/BioNTech",https://impfdashboard.de/,54812880,37926397,17730870
2021-06-06,Germany,"Johnson&Johnson, Moderna, Oxford/AstraZeneca, Pfizer/BioNTech",https://impfdashboard.de/,55105086,38004109,17963605
2021-06-07,Germany,"Johnson&Johnson, Moderna, Oxford/AstraZeneca, Pfizer/BioNTech",https://impfdashboard.de/,55719350,38251740,18384720
2021-06-08,Germany,"Johnson&Johnson, Moderna, Oxford/AstraZeneca, Pfizer/BioNTech",https://impfdashboard.de/,56773152,38661905,19096705
2021-06-09,Germany,"Johnson&Johnson, Moderna, Oxford/AstraZeneca, Pfizer/BioNTech",https://impfdashboard.de/,58197179,39207011,20071404
2021-06-10,Germany,"Johnson&Johnson, Moderna, Oxford/AstraZeneca, Pfizer/BioNTech",https://impfdashboard.de/,59389156,39700797,20858040
2021-06-11,Germany,"Johnson&Johnson, Moderna, Oxford/AstraZeneca, Pfizer/BioNTech",https://impfdashboard.de/,60452176,40162324,21556308
2021-06-12,Germany,"Johnson&Johnson, Moderna, Oxford/AstraZeneca, Pfizer/BioNTech",https://impfdashboard.de/,60887757,40321603,21867848
2021-06-13,Germany,"Johnson&Johnson, Moderna, Oxford/AstraZeneca, Pfizer/BioNTech",https://impfdashboard.de/,61170721,40400140,22086063
2021-06-14,Germany,"Johnson&Johnson, Moderna, Oxford/AstraZeneca, Pfizer/BioNTech",https://impfdashboard.de/,61826109,40669748,22527080
2021-06-15,Germany,"Johnson&Johnson, Moderna, Oxford/AstraZeneca, Pfizer/BioNTech",https://impfdashboard.de/,62873006,41075867,23226942
2021-06-16,Germany,"Johnson&Johnson, Moderna, Oxford/AstraZeneca, Pfizer/BioNTech",https://impfdashboard.de/,64255080,41618301,24142869
2021-06-17,Germany,"Johnson&Johnson, Moderna, Oxford/AstraZeneca, Pfizer/BioNTech",https://impfdashboard.de/,65402655,42085971,24891045
2021-06-18,Germany,"Johnson&Johnson, Moderna, Oxford/AstraZeneca, Pfizer/BioNTech",https://impfdashboard.de/,66395143,42500240,25538108
2021-06-19,Germany,"Johnson&Johnson, Moderna, Oxford/AstraZeneca, Pfizer/BioNTech",https://impfdashboard.de/,66822151,42641010,25845488
2021-06-20,Germany,"Johnson&Johnson, Moderna, Oxford/AstraZeneca, Pfizer/BioNTech",https://impfdashboard.de/,67117208,42721689,26072679
2021-06-21,Germany,"Johnson&Johnson, Moderna, Oxford/AstraZeneca, Pfizer/BioNTech",https://impfdashboard.de/,67748022,42967555,26493976
2021-06-22,Germany,"Johnson&Johnson, Moderna, Oxford/AstraZeneca, Pfizer/BioNTech",https://impfdashboard.de/,68824148,43376711,27195095
2021-06-23,Germany,"Johnson&Johnson, Moderna, Oxford/AstraZeneca, Pfizer/BioNTech",https://impfdashboard.de/,70158414,43899253,28041350
2021-06-24,Germany,"Johnson&Johnson, Moderna, Oxford/AstraZeneca, Pfizer/BioNTech",https://impfdashboard.de/,71193132,44428218,28587401
2021-06-25,Germany,"Johnson&Johnson, Moderna, Oxford/AstraZeneca, Pfizer/BioNTech",https://impfdashboard.de/,72113217,44848438,29127416
2021-06-26,Germany,"Johnson&Johnson, Moderna, Oxford/AstraZeneca, Pfizer/BioNTech",https://impfdashboard.de/,72522833,44998309,29400422
2021-06-27,Germany,"Johnson&Johnson, Moderna, Oxford/AstraZeneca, Pfizer/BioNTech",https://impfdashboard.de/,72814705,45092406,29602318
2021-06-28,Germany,"Johnson&Johnson, Moderna, Oxford/AstraZeneca, Pfizer/BioNTech",https://impfdashboard.de/,73443607,45360736,29987277
2021-06-29,Germany,"Johnson&Johnson, Moderna, Oxford/AstraZeneca, Pfizer/BioNTech",https://impfdashboard.de/,74375974,45772095,30530723
2021-06-30,Germany,"Johnson&Johnson, Moderna, Oxford/AstraZeneca, Pfizer/BioNTech",https://impfdashboard.de/,75398370,46246175,31101749
2021-07-01,Germany,"Johnson&Johnson, Moderna, Oxford/AstraZeneca, Pfizer/BioNTech",https://impfdashboard.de/,76380665,46721617,31631235
2021-07-02,Germany,"Johnson&Johnson, Moderna, Oxford/AstraZeneca, Pfizer/BioNTech",https://impfdashboard.de/,77227460,47124008,32097814
2021-07-03,Germany,"Johnson&Johnson, Moderna, Oxford/AstraZeneca, Pfizer/BioNTech",https://impfdashboard.de/,77604952,47288588,32325936
2021-07-04,Germany,"Johnson&Johnson, Moderna, Oxford/AstraZeneca, Pfizer/BioNTech",https://impfdashboard.de/,77878280,47390652,32506117
2021-07-05,Germany,"Johnson&Johnson, Moderna, Oxford/AstraZeneca, Pfizer/BioNTech",https://impfdashboard.de/,78414837,47602385,32845793
2021-07-06,Germany,"Johnson&Johnson, Moderna, Oxford/AstraZeneca, Pfizer/BioNTech",https://impfdashboard.de/,79193159,47888864,33353340
2021-07-07,Germany,"Johnson&Johnson, Moderna, Oxford/AstraZeneca, Pfizer/BioNTech",https://impfdashboard.de/,80189303,48232220,34025172
2021-07-08,Germany,"Johnson&Johnson, Moderna, Oxford/AstraZeneca, Pfizer/BioNTech",https://impfdashboard.de/,81037322,48515118,34609695
2021-07-09,Germany,"Johnson&Johnson, Moderna, Oxford/AstraZeneca, Pfizer/BioNTech",https://impfdashboard.de/,81795134,48755548,35147728
2021-07-10,Germany,"Johnson&Johnson, Moderna, Oxford/AstraZeneca, Pfizer/BioNTech",https://impfdashboard.de/,82138589,48861167,35395344
2021-07-11,Germany,"Johnson&Johnson, Moderna, Oxford/AstraZeneca, Pfizer/BioNTech",https://impfdashboard.de/,82366505,48930576,35562144
2021-07-12,Germany,"Johnson&Johnson, Moderna, Oxford/AstraZeneca, Pfizer/BioNTech",https://impfdashboard.de/,82834516,49095930,35878904
2021-07-13,Germany,"Johnson&Johnson, Moderna, Oxford/AstraZeneca, Pfizer/BioNTech",https://impfdashboard.de/,83595817,49296083,36459975
2021-07-14,Germany,"Johnson&Johnson, Moderna, Oxford/AstraZeneca, Pfizer/BioNTech",https://impfdashboard.de/,84570724,49522331,37231558
2021-07-15,Germany,"Johnson&Johnson, Moderna, Oxford/AstraZeneca, Pfizer/BioNTech",https://impfdashboard.de/,85337408,49715950,37827199
2021-07-16,Germany,"Johnson&Johnson, Moderna, Oxford/AstraZeneca, Pfizer/BioNTech",https://impfdashboard.de/,85997263,49889891,38335321
2021-07-17,Germany,"Johnson&Johnson, Moderna, Oxford/AstraZeneca, Pfizer/BioNTech",https://impfdashboard.de/,86268921,49979546,38535900
2021-07-18,Germany,"Johnson&Johnson, Moderna, Oxford/AstraZeneca, Pfizer/BioNTech",https://impfdashboard.de/,86468874,50050522,38676124
2021-07-19,Germany,"Johnson&Johnson, Moderna, Oxford/AstraZeneca, Pfizer/BioNTech",https://impfdashboard.de/,86849672,50156490,38965194
2021-07-20,Germany,"Johnson&Johnson, Moderna, Oxford/AstraZeneca, Pfizer/BioNTech",https://impfdashboard.de/,87455308,50297326,39444309
2021-07-21,Germany,"Johnson&Johnson, Moderna, Oxford/AstraZeneca, Pfizer/BioNTech",https://impfdashboard.de/,88209257,50466382,40043083
2021-07-22,Germany,"Johnson&Johnson, Moderna, Oxford/AstraZeneca, Pfizer/BioNTech",https://impfdashboard.de/,88829480,50601475,40541791
2021-07-23,Germany,"Johnson&Johnson, Moderna, Oxford/AstraZeneca, Pfizer/BioNTech",https://impfdashboard.de/,89397839,50733260,40996547
2021-07-24,Germany,"Johnson&Johnson, Moderna, Oxford/AstraZeneca, Pfizer/BioNTech",https://impfdashboard.de/,89608346,50797717,41154439
2021-07-25,Germany,"Johnson&Johnson, Moderna, Oxford/AstraZeneca, Pfizer/BioNTech",https://impfdashboard.de/,89732617,50835468,41246709
2021-07-26,Germany,"Johnson&Johnson, Moderna, Oxford/AstraZeneca, Pfizer/BioNTech",https://impfdashboard.de/,90069349,50918119,41511865
2021-07-27,Germany,"Johnson&Johnson, Moderna, Oxford/AstraZeneca, Pfizer/BioNTech",https://impfdashboard.de/,90618044,51028947,41962601
2021-07-28,Germany,"Johnson&Johnson, Moderna, Oxford/AstraZeneca, Pfizer/BioNTech",https://impfdashboard.de/,91303126,51164330,42526026
2021-07-29,Germany,"Johnson&Johnson, Moderna, Oxford/AstraZeneca, Pfizer/BioNTech",https://impfdashboard.de/,91877819,51284025,42995720
2021-07-30,Germany,"Johnson&Johnson, Moderna, Oxford/AstraZeneca, Pfizer/BioNTech",https://impfdashboard.de/,92372532,51394167,43396385
2021-07-31,Germany,"Johnson&Johnson, Moderna, Oxford/AstraZeneca, Pfizer/BioNTech",https://impfdashboard.de/,92567045,51453728,43543821
2021-08-01,Germany,"Johnson&Johnson, Moderna, Oxford/AstraZeneca, Pfizer/BioNTech",https://impfdashboard.de/,92683642,51489991,43630028
2021-08-02,Germany,"Johnson&Johnson, Moderna, Oxford/AstraZeneca, Pfizer/BioNTech",https://impfdashboard.de/,92974982,51559618,43862992
2021-08-03,Germany,"Johnson&Johnson, Moderna, Oxford/AstraZeneca, Pfizer/BioNTech",https://impfdashboard.de/,93433481,51649320,44244966
2021-08-04,Germany,"Johnson&Johnson, Moderna, Oxford/AstraZeneca, Pfizer/BioNTech",https://impfdashboard.de/,94000891,51758457,44716021
2021-08-05,Germany,"Johnson&Johnson, Moderna, Oxford/AstraZeneca, Pfizer/BioNTech",https://impfdashboard.de/,94514526,51858061,45144398
2021-08-06,Germany,"Johnson&Johnson, Moderna, Oxford/AstraZeneca, Pfizer/BioNTech",https://impfdashboard.de/,94952054,51953948,45501172
2021-08-07,Germany,"Johnson&Johnson, Moderna, Oxford/AstraZeneca, Pfizer/BioNTech",https://impfdashboard.de/,95135786,52007560,45644166
2021-08-08,Germany,"Johnson&Johnson, Moderna, Oxford/AstraZeneca, Pfizer/BioNTech",https://impfdashboard.de/,95251588,52034902,45736616
2021-08-09,Germany,"Johnson&Johnson, Moderna, Oxford/AstraZeneca, Pfizer/BioNTech",https://impfdashboard.de/,95543535,52094910,45977513
2021-08-10,Germany,"Johnson&Johnson, Moderna, Oxford/AstraZeneca, Pfizer/BioNTech",https://impfdashboard.de/,95969395,52180116,46329410
2021-08-11,Germany,"Johnson&Johnson, Moderna, Oxford/AstraZeneca, Pfizer/BioNTech",https://impfdashboard.de/,96506842,52299320,46763329
2021-08-12,Germany,"Johnson&Johnson, Moderna, Oxford/AstraZeneca, Pfizer/BioNTech",https://impfdashboard.de/,96973704,52416818,47131268
2021-08-13,Germany,"Johnson&Johnson, Moderna, Oxford/AstraZeneca, Pfizer/BioNTech",https://impfdashboard.de/,97392635,52530275,47456051
2021-08-14,Germany,"Johnson&Johnson, Moderna, Oxford/AstraZeneca, Pfizer/BioNTech",https://impfdashboard.de/,97585278,52595751,47598364
2021-08-15,Germany,"Johnson&Johnson, Moderna, Oxford/AstraZeneca, Pfizer/BioNTech",https://impfdashboard.de/,97702836,52633589,47685490
2021-08-16,Germany,"Johnson&Johnson, Moderna, Oxford/AstraZeneca, Pfizer/BioNTech",https://impfdashboard.de/,97964824,52715052,47879519
2021-08-17,Germany,"Johnson&Johnson, Moderna, Oxford/AstraZeneca, Pfizer/BioNTech",https://impfdashboard.de/,98319788,52826336,48137994
2021-08-18,Germany,"Johnson&Johnson, Moderna, Oxford/AstraZeneca, Pfizer/BioNTech",https://impfdashboard.de/,98732825,52958309,48436064
2021-08-19,Germany,"Johnson&Johnson, Moderna, Oxford/AstraZeneca, Pfizer/BioNTech",https://impfdashboard.de/,99042466,53066487,48652173
