date,people_fully_vaccinated,people_vaccinated,total_vaccinations,vaccine,location,source_url
2020-12-27,,2454.0,2454.0,Pfizer/BioNTech,Lithuania,https://experience.arcgis.com/experience/cab84dcfe0464c2a8050a78f817924ca/page/page_3/
2020-12-28,,5211.0,5211.0,Pfizer/BioNTech,Lithuania,https://experience.arcgis.com/experience/cab84dcfe0464c2a8050a78f817924ca/page/page_3/
2020-12-29,,8185.0,8185.0,Pfizer/BioNTech,Lithuania,https://experience.arcgis.com/experience/cab84dcfe0464c2a8050a78f817924ca/page/page_3/
2020-12-30,,9717.0,9717.0,Pfizer/BioNTech,Lithuania,https://experience.arcgis.com/experience/cab84dcfe0464c2a8050a78f817924ca/page/page_3/
2020-12-31,,9742.0,9742.0,Pfizer/BioNTech,Lithuania,https://experience.arcgis.com/experience/cab84dcfe0464c2a8050a78f817924ca/page/page_3/
2021-01-01,,9742.0,9742.0,Pfizer/BioNTech,Lithuania,https://experience.arcgis.com/experience/cab84dcfe0464c2a8050a78f817924ca/page/page_3/
2021-01-02,,9742.0,9742.0,Pfizer/BioNTech,Lithuania,https://experience.arcgis.com/experience/cab84dcfe0464c2a8050a78f817924ca/page/page_3/
2021-01-03,,9742.0,9742.0,Pfizer/BioNTech,Lithuania,https://experience.arcgis.com/experience/cab84dcfe0464c2a8050a78f817924ca/page/page_3/
2021-01-04,,9744.0,9744.0,Pfizer/BioNTech,Lithuania,https://experience.arcgis.com/experience/cab84dcfe0464c2a8050a78f817924ca/page/page_3/
2021-01-05,,10368.0,10368.0,Pfizer/BioNTech,Lithuania,https://experience.arcgis.com/experience/cab84dcfe0464c2a8050a78f817924ca/page/page_3/
2021-01-06,,13873.0,13873.0,Pfizer/BioNTech,Lithuania,https://experience.arcgis.com/experience/cab84dcfe0464c2a8050a78f817924ca/page/page_3/
2021-01-07,,18057.0,18057.0,Pfizer/BioNTech,Lithuania,https://experience.arcgis.com/experience/cab84dcfe0464c2a8050a78f817924ca/page/page_3/
2021-01-08,,23249.0,23249.0,Pfizer/BioNTech,Lithuania,https://experience.arcgis.com/experience/cab84dcfe0464c2a8050a78f817924ca/page/page_3/
2021-01-09,,23553.0,23553.0,Pfizer/BioNTech,Lithuania,https://experience.arcgis.com/experience/cab84dcfe0464c2a8050a78f817924ca/page/page_3/
2021-01-10,,23556.0,23556.0,Pfizer/BioNTech,Lithuania,https://experience.arcgis.com/experience/cab84dcfe0464c2a8050a78f817924ca/page/page_3/
2021-01-11,,25762.0,25762.0,Pfizer/BioNTech,Lithuania,https://experience.arcgis.com/experience/cab84dcfe0464c2a8050a78f817924ca/page/page_3/
2021-01-12,,27855.0,27855.0,Pfizer/BioNTech,Lithuania,https://experience.arcgis.com/experience/cab84dcfe0464c2a8050a78f817924ca/page/page_3/
2021-01-13,,34123.0,34123.0,"Moderna, Pfizer/BioNTech",Lithuania,https://experience.arcgis.com/experience/cab84dcfe0464c2a8050a78f817924ca/page/page_3/
2021-01-14,,42809.0,42809.0,"Moderna, Pfizer/BioNTech",Lithuania,https://experience.arcgis.com/experience/cab84dcfe0464c2a8050a78f817924ca/page/page_3/
2021-01-15,,50144.0,50144.0,"Moderna, Pfizer/BioNTech",Lithuania,https://experience.arcgis.com/experience/cab84dcfe0464c2a8050a78f817924ca/page/page_3/
2021-01-16,,51249.0,51249.0,"Moderna, Pfizer/BioNTech",Lithuania,https://experience.arcgis.com/experience/cab84dcfe0464c2a8050a78f817924ca/page/page_3/
2021-01-17,1090.0,51291.0,52381.0,"Moderna, Pfizer/BioNTech",Lithuania,https://experience.arcgis.com/experience/cab84dcfe0464c2a8050a78f817924ca/page/page_3/
2021-01-18,2771.0,54147.0,56918.0,"Moderna, Pfizer/BioNTech",Lithuania,https://experience.arcgis.com/experience/cab84dcfe0464c2a8050a78f817924ca/page/page_3/
2021-01-19,6687.0,56526.0,63213.0,"Moderna, Pfizer/BioNTech",Lithuania,https://experience.arcgis.com/experience/cab84dcfe0464c2a8050a78f817924ca/page/page_3/
2021-01-20,8522.0,58169.0,66691.0,"Moderna, Pfizer/BioNTech",Lithuania,https://experience.arcgis.com/experience/cab84dcfe0464c2a8050a78f817924ca/page/page_3/
2021-01-21,9160.0,59080.0,68240.0,"Moderna, Pfizer/BioNTech",Lithuania,https://experience.arcgis.com/experience/cab84dcfe0464c2a8050a78f817924ca/page/page_3/
2021-01-22,9230.0,59404.0,68634.0,"Moderna, Pfizer/BioNTech",Lithuania,https://experience.arcgis.com/experience/cab84dcfe0464c2a8050a78f817924ca/page/page_3/
2021-01-23,9230.0,59412.0,68642.0,"Moderna, Pfizer/BioNTech",Lithuania,https://experience.arcgis.com/experience/cab84dcfe0464c2a8050a78f817924ca/page/page_3/
2021-01-24,9230.0,59412.0,68642.0,"Moderna, Pfizer/BioNTech",Lithuania,https://experience.arcgis.com/experience/cab84dcfe0464c2a8050a78f817924ca/page/page_3/
2021-01-25,9233.0,59514.0,68747.0,"Moderna, Pfizer/BioNTech",Lithuania,https://experience.arcgis.com/experience/cab84dcfe0464c2a8050a78f817924ca/page/page_3/
2021-01-26,9894.0,62007.0,71901.0,"Moderna, Pfizer/BioNTech",Lithuania,https://experience.arcgis.com/experience/cab84dcfe0464c2a8050a78f817924ca/page/page_3/
2021-01-27,12959.0,65852.0,78811.0,"Moderna, Pfizer/BioNTech",Lithuania,https://experience.arcgis.com/experience/cab84dcfe0464c2a8050a78f817924ca/page/page_3/
2021-01-28,16669.0,69239.0,85908.0,"Moderna, Pfizer/BioNTech",Lithuania,https://experience.arcgis.com/experience/cab84dcfe0464c2a8050a78f817924ca/page/page_3/
2021-01-29,21747.0,72229.0,93976.0,"Moderna, Pfizer/BioNTech",Lithuania,https://experience.arcgis.com/experience/cab84dcfe0464c2a8050a78f817924ca/page/page_3/
2021-01-30,22194.0,72425.0,94619.0,"Moderna, Pfizer/BioNTech",Lithuania,https://experience.arcgis.com/experience/cab84dcfe0464c2a8050a78f817924ca/page/page_3/
2021-01-31,22194.0,72433.0,94627.0,"Moderna, Pfizer/BioNTech",Lithuania,https://experience.arcgis.com/experience/cab84dcfe0464c2a8050a78f817924ca/page/page_3/
2021-02-01,23960.0,73485.0,97445.0,"Moderna, Pfizer/BioNTech",Lithuania,https://experience.arcgis.com/experience/cab84dcfe0464c2a8050a78f817924ca/page/page_3/
2021-02-02,26140.0,75141.0,101281.0,"Moderna, Oxford/AstraZeneca, Pfizer/BioNTech",Lithuania,https://experience.arcgis.com/experience/cab84dcfe0464c2a8050a78f817924ca/page/page_3/
2021-02-03,31267.0,76760.0,108027.0,"Moderna, Oxford/AstraZeneca, Pfizer/BioNTech",Lithuania,https://experience.arcgis.com/experience/cab84dcfe0464c2a8050a78f817924ca/page/page_3/
2021-02-04,39574.0,78246.0,117820.0,"Moderna, Oxford/AstraZeneca, Pfizer/BioNTech",Lithuania,https://experience.arcgis.com/experience/cab84dcfe0464c2a8050a78f817924ca/page/page_3/
2021-02-05,45891.0,79186.0,125077.0,"Moderna, Oxford/AstraZeneca, Pfizer/BioNTech",Lithuania,https://experience.arcgis.com/experience/cab84dcfe0464c2a8050a78f817924ca/page/page_3/
2021-02-06,46546.0,79255.0,125801.0,"Moderna, Oxford/AstraZeneca, Pfizer/BioNTech",Lithuania,https://experience.arcgis.com/experience/cab84dcfe0464c2a8050a78f817924ca/page/page_3/
2021-02-07,46641.0,79257.0,125898.0,"Moderna, Oxford/AstraZeneca, Pfizer/BioNTech",Lithuania,https://experience.arcgis.com/experience/cab84dcfe0464c2a8050a78f817924ca/page/page_3/
2021-02-08,49077.0,79473.0,128550.0,"Moderna, Oxford/AstraZeneca, Pfizer/BioNTech",Lithuania,https://experience.arcgis.com/experience/cab84dcfe0464c2a8050a78f817924ca/page/page_3/
2021-02-09,50873.0,80549.0,131422.0,"Moderna, Oxford/AstraZeneca, Pfizer/BioNTech",Lithuania,https://experience.arcgis.com/experience/cab84dcfe0464c2a8050a78f817924ca/page/page_3/
2021-02-10,52490.0,85073.0,137563.0,"Moderna, Oxford/AstraZeneca, Pfizer/BioNTech",Lithuania,https://experience.arcgis.com/experience/cab84dcfe0464c2a8050a78f817924ca/page/page_3/
2021-02-11,53788.0,92852.0,146640.0,"Moderna, Oxford/AstraZeneca, Pfizer/BioNTech",Lithuania,https://experience.arcgis.com/experience/cab84dcfe0464c2a8050a78f817924ca/page/page_3/
2021-02-12,54766.0,99180.0,153946.0,"Moderna, Oxford/AstraZeneca, Pfizer/BioNTech",Lithuania,https://experience.arcgis.com/experience/cab84dcfe0464c2a8050a78f817924ca/page/page_3/
2021-02-13,54766.0,99628.0,154394.0,"Moderna, Oxford/AstraZeneca, Pfizer/BioNTech",Lithuania,https://experience.arcgis.com/experience/cab84dcfe0464c2a8050a78f817924ca/page/page_3/
2021-02-14,54767.0,99628.0,154395.0,"Moderna, Oxford/AstraZeneca, Pfizer/BioNTech",Lithuania,https://experience.arcgis.com/experience/cab84dcfe0464c2a8050a78f817924ca/page/page_3/
2021-02-15,55456.0,103585.0,159041.0,"Moderna, Oxford/AstraZeneca, Pfizer/BioNTech",Lithuania,https://experience.arcgis.com/experience/cab84dcfe0464c2a8050a78f817924ca/page/page_3/
2021-02-16,55671.0,103896.0,159567.0,"Moderna, Oxford/AstraZeneca, Pfizer/BioNTech",Lithuania,https://experience.arcgis.com/experience/cab84dcfe0464c2a8050a78f817924ca/page/page_3/
2021-02-17,59605.0,108248.0,167853.0,"Moderna, Oxford/AstraZeneca, Pfizer/BioNTech",Lithuania,https://experience.arcgis.com/experience/cab84dcfe0464c2a8050a78f817924ca/page/page_3/
2021-02-18,64450.0,114756.0,179206.0,"Moderna, Oxford/AstraZeneca, Pfizer/BioNTech",Lithuania,https://experience.arcgis.com/experience/cab84dcfe0464c2a8050a78f817924ca/page/page_3/
2021-02-19,67778.0,121927.0,189705.0,"Moderna, Oxford/AstraZeneca, Pfizer/BioNTech",Lithuania,https://experience.arcgis.com/experience/cab84dcfe0464c2a8050a78f817924ca/page/page_3/
2021-02-20,67839.0,122871.0,190710.0,"Moderna, Oxford/AstraZeneca, Pfizer/BioNTech",Lithuania,https://experience.arcgis.com/experience/cab84dcfe0464c2a8050a78f817924ca/page/page_3/
2021-02-21,67839.0,122872.0,190711.0,"Moderna, Oxford/AstraZeneca, Pfizer/BioNTech",Lithuania,https://experience.arcgis.com/experience/cab84dcfe0464c2a8050a78f817924ca/page/page_3/
2021-02-22,69420.0,126768.0,196188.0,"Moderna, Oxford/AstraZeneca, Pfizer/BioNTech",Lithuania,https://experience.arcgis.com/experience/cab84dcfe0464c2a8050a78f817924ca/page/page_3/
2021-02-23,70526.0,134325.0,204851.0,"Moderna, Oxford/AstraZeneca, Pfizer/BioNTech",Lithuania,https://experience.arcgis.com/experience/cab84dcfe0464c2a8050a78f817924ca/page/page_3/
2021-02-24,71453.0,145138.0,216591.0,"Moderna, Oxford/AstraZeneca, Pfizer/BioNTech",Lithuania,https://experience.arcgis.com/experience/cab84dcfe0464c2a8050a78f817924ca/page/page_3/
2021-02-25,72403.0,156063.0,228466.0,"Moderna, Oxford/AstraZeneca, Pfizer/BioNTech",Lithuania,https://experience.arcgis.com/experience/cab84dcfe0464c2a8050a78f817924ca/page/page_3/
2021-02-26,73451.0,165063.0,238514.0,"Moderna, Oxford/AstraZeneca, Pfizer/BioNTech",Lithuania,https://experience.arcgis.com/experience/cab84dcfe0464c2a8050a78f817924ca/page/page_3/
2021-02-27,73482.0,165825.0,239307.0,"Moderna, Oxford/AstraZeneca, Pfizer/BioNTech",Lithuania,https://experience.arcgis.com/experience/cab84dcfe0464c2a8050a78f817924ca/page/page_3/
2021-02-28,73482.0,166275.0,239757.0,"Moderna, Oxford/AstraZeneca, Pfizer/BioNTech",Lithuania,https://experience.arcgis.com/experience/cab84dcfe0464c2a8050a78f817924ca/page/page_3/
2021-03-01,73630.0,173697.0,247327.0,"Moderna, Oxford/AstraZeneca, Pfizer/BioNTech",Lithuania,https://experience.arcgis.com/experience/cab84dcfe0464c2a8050a78f817924ca/page/page_3/
2021-03-02,74246.0,182435.0,256681.0,"Moderna, Oxford/AstraZeneca, Pfizer/BioNTech",Lithuania,https://experience.arcgis.com/experience/cab84dcfe0464c2a8050a78f817924ca/page/page_3/
2021-03-03,76508.0,192185.0,268693.0,"Moderna, Oxford/AstraZeneca, Pfizer/BioNTech",Lithuania,https://experience.arcgis.com/experience/cab84dcfe0464c2a8050a78f817924ca/page/page_3/
2021-03-04,81722.0,202456.0,284178.0,"Moderna, Oxford/AstraZeneca, Pfizer/BioNTech",Lithuania,https://experience.arcgis.com/experience/cab84dcfe0464c2a8050a78f817924ca/page/page_3/
2021-03-05,86413.0,211800.0,298213.0,"Moderna, Oxford/AstraZeneca, Pfizer/BioNTech",Lithuania,https://experience.arcgis.com/experience/cab84dcfe0464c2a8050a78f817924ca/page/page_3/
2021-03-06,86556.0,212283.0,298839.0,"Moderna, Oxford/AstraZeneca, Pfizer/BioNTech",Lithuania,https://experience.arcgis.com/experience/cab84dcfe0464c2a8050a78f817924ca/page/page_3/
2021-03-07,86557.0,212284.0,298841.0,"Moderna, Oxford/AstraZeneca, Pfizer/BioNTech",Lithuania,https://experience.arcgis.com/experience/cab84dcfe0464c2a8050a78f817924ca/page/page_3/
2021-03-08,87520.0,220249.0,307769.0,"Moderna, Oxford/AstraZeneca, Pfizer/BioNTech",Lithuania,https://experience.arcgis.com/experience/cab84dcfe0464c2a8050a78f817924ca/page/page_3/
2021-03-09,88893.0,230787.0,319680.0,"Moderna, Oxford/AstraZeneca, Pfizer/BioNTech",Lithuania,https://experience.arcgis.com/experience/cab84dcfe0464c2a8050a78f817924ca/page/page_3/
2021-03-10,91460.0,243875.0,335335.0,"Moderna, Oxford/AstraZeneca, Pfizer/BioNTech",Lithuania,https://experience.arcgis.com/experience/cab84dcfe0464c2a8050a78f817924ca/page/page_3/
2021-03-11,92140.0,244332.0,336472.0,"Moderna, Oxford/AstraZeneca, Pfizer/BioNTech",Lithuania,https://experience.arcgis.com/experience/cab84dcfe0464c2a8050a78f817924ca/page/page_3/
2021-03-12,99447.0,254975.0,354422.0,"Moderna, Oxford/AstraZeneca, Pfizer/BioNTech",Lithuania,https://experience.arcgis.com/experience/cab84dcfe0464c2a8050a78f817924ca/page/page_3/
2021-03-13,100160.0,256008.0,356168.0,"Moderna, Oxford/AstraZeneca, Pfizer/BioNTech",Lithuania,https://experience.arcgis.com/experience/cab84dcfe0464c2a8050a78f817924ca/page/page_3/
2021-03-14,100160.0,256034.0,356194.0,"Moderna, Oxford/AstraZeneca, Pfizer/BioNTech",Lithuania,https://experience.arcgis.com/experience/cab84dcfe0464c2a8050a78f817924ca/page/page_3/
2021-03-15,101285.0,262964.0,364249.0,"Moderna, Oxford/AstraZeneca, Pfizer/BioNTech",Lithuania,https://experience.arcgis.com/experience/cab84dcfe0464c2a8050a78f817924ca/page/page_3/
2021-03-16,105944.0,268522.0,374466.0,"Moderna, Oxford/AstraZeneca, Pfizer/BioNTech",Lithuania,https://experience.arcgis.com/experience/cab84dcfe0464c2a8050a78f817924ca/page/page_3/
2021-03-17,113843.0,271170.0,385013.0,"Moderna, Oxford/AstraZeneca, Pfizer/BioNTech",Lithuania,https://experience.arcgis.com/experience/cab84dcfe0464c2a8050a78f817924ca/page/page_3/
2021-03-18,119489.0,273942.0,393431.0,"Moderna, Oxford/AstraZeneca, Pfizer/BioNTech",Lithuania,https://experience.arcgis.com/experience/cab84dcfe0464c2a8050a78f817924ca/page/page_3/
2021-03-19,125621.0,277097.0,402718.0,"Moderna, Oxford/AstraZeneca, Pfizer/BioNTech",Lithuania,https://experience.arcgis.com/experience/cab84dcfe0464c2a8050a78f817924ca/page/page_3/
2021-03-20,125873.0,277578.0,403451.0,"Moderna, Oxford/AstraZeneca, Pfizer/BioNTech",Lithuania,https://experience.arcgis.com/experience/cab84dcfe0464c2a8050a78f817924ca/page/page_3/
2021-03-21,125893.0,277591.0,403484.0,"Moderna, Oxford/AstraZeneca, Pfizer/BioNTech",Lithuania,https://experience.arcgis.com/experience/cab84dcfe0464c2a8050a78f817924ca/page/page_3/
2021-03-22,127254.0,284480.0,411734.0,"Moderna, Oxford/AstraZeneca, Pfizer/BioNTech",Lithuania,https://experience.arcgis.com/experience/cab84dcfe0464c2a8050a78f817924ca/page/page_3/
2021-03-23,132933.0,291711.0,424644.0,"Moderna, Oxford/AstraZeneca, Pfizer/BioNTech",Lithuania,https://experience.arcgis.com/experience/cab84dcfe0464c2a8050a78f817924ca/page/page_3/
2021-03-24,138410.0,303868.0,442278.0,"Moderna, Oxford/AstraZeneca, Pfizer/BioNTech",Lithuania,https://experience.arcgis.com/experience/cab84dcfe0464c2a8050a78f817924ca/page/page_3/
2021-03-25,145281.0,313969.0,459250.0,"Moderna, Oxford/AstraZeneca, Pfizer/BioNTech",Lithuania,https://experience.arcgis.com/experience/cab84dcfe0464c2a8050a78f817924ca/page/page_3/
2021-03-26,151933.0,323765.0,475698.0,"Moderna, Oxford/AstraZeneca, Pfizer/BioNTech",Lithuania,https://experience.arcgis.com/experience/cab84dcfe0464c2a8050a78f817924ca/page/page_3/
2021-03-27,152045.0,326807.0,478852.0,"Moderna, Oxford/AstraZeneca, Pfizer/BioNTech",Lithuania,https://experience.arcgis.com/experience/cab84dcfe0464c2a8050a78f817924ca/page/page_3/
2021-03-28,152129.0,326908.0,479037.0,"Moderna, Oxford/AstraZeneca, Pfizer/BioNTech",Lithuania,https://experience.arcgis.com/experience/cab84dcfe0464c2a8050a78f817924ca/page/page_3/
2021-03-29,154174.0,332729.0,486903.0,"Moderna, Oxford/AstraZeneca, Pfizer/BioNTech",Lithuania,https://experience.arcgis.com/experience/cab84dcfe0464c2a8050a78f817924ca/page/page_3/
2021-03-30,160338.0,339459.0,499797.0,"Moderna, Oxford/AstraZeneca, Pfizer/BioNTech",Lithuania,https://experience.arcgis.com/experience/cab84dcfe0464c2a8050a78f817924ca/page/page_3/
2021-03-31,167678.0,352876.0,520554.0,"Moderna, Oxford/AstraZeneca, Pfizer/BioNTech",Lithuania,https://experience.arcgis.com/experience/cab84dcfe0464c2a8050a78f817924ca/page/page_3/
2021-04-01,170373.0,368512.0,538885.0,"Moderna, Oxford/AstraZeneca, Pfizer/BioNTech",Lithuania,https://experience.arcgis.com/experience/cab84dcfe0464c2a8050a78f817924ca/page/page_3/
2021-04-02,177299.0,381395.0,558694.0,"Moderna, Oxford/AstraZeneca, Pfizer/BioNTech",Lithuania,https://experience.arcgis.com/experience/cab84dcfe0464c2a8050a78f817924ca/page/page_3/
2021-04-03,177908.0,389454.0,567362.0,"Moderna, Oxford/AstraZeneca, Pfizer/BioNTech",Lithuania,https://experience.arcgis.com/experience/cab84dcfe0464c2a8050a78f817924ca/page/page_3/
2021-04-04,177910.0,391862.0,569772.0,"Moderna, Oxford/AstraZeneca, Pfizer/BioNTech",Lithuania,https://experience.arcgis.com/experience/cab84dcfe0464c2a8050a78f817924ca/page/page_3/
2021-04-05,177956.0,395531.0,573487.0,"Moderna, Oxford/AstraZeneca, Pfizer/BioNTech",Lithuania,https://experience.arcgis.com/experience/cab84dcfe0464c2a8050a78f817924ca/page/page_3/
2021-04-06,180933.0,407252.0,588185.0,"Moderna, Oxford/AstraZeneca, Pfizer/BioNTech",Lithuania,https://experience.arcgis.com/experience/cab84dcfe0464c2a8050a78f817924ca/page/page_3/
2021-04-07,182010.0,418929.0,600939.0,"Moderna, Oxford/AstraZeneca, Pfizer/BioNTech",Lithuania,https://experience.arcgis.com/experience/cab84dcfe0464c2a8050a78f817924ca/page/page_3/
2021-04-08,187078.0,440812.0,627890.0,"Moderna, Oxford/AstraZeneca, Pfizer/BioNTech",Lithuania,https://experience.arcgis.com/experience/cab84dcfe0464c2a8050a78f817924ca/page/page_3/
2021-04-09,190670.0,470712.0,661382.0,"Moderna, Oxford/AstraZeneca, Pfizer/BioNTech",Lithuania,https://experience.arcgis.com/experience/cab84dcfe0464c2a8050a78f817924ca/page/page_3/
2021-04-10,190850.0,486159.0,677009.0,"Moderna, Oxford/AstraZeneca, Pfizer/BioNTech",Lithuania,https://experience.arcgis.com/experience/cab84dcfe0464c2a8050a78f817924ca/page/page_3/
2021-04-11,190891.0,487844.0,678735.0,"Moderna, Oxford/AstraZeneca, Pfizer/BioNTech",Lithuania,https://experience.arcgis.com/experience/cab84dcfe0464c2a8050a78f817924ca/page/page_3/
2021-04-12,191373.0,496131.0,687504.0,"Moderna, Oxford/AstraZeneca, Pfizer/BioNTech",Lithuania,https://experience.arcgis.com/experience/cab84dcfe0464c2a8050a78f817924ca/page/page_3/
2021-04-13,194317.0,512027.0,706344.0,"Moderna, Oxford/AstraZeneca, Pfizer/BioNTech",Lithuania,https://experience.arcgis.com/experience/cab84dcfe0464c2a8050a78f817924ca/page/page_3/
2021-04-14,200938.0,532209.0,733147.0,"Moderna, Oxford/AstraZeneca, Pfizer/BioNTech",Lithuania,https://experience.arcgis.com/experience/cab84dcfe0464c2a8050a78f817924ca/page/page_3/
2021-04-15,206074.0,550271.0,756345.0,"Moderna, Oxford/AstraZeneca, Pfizer/BioNTech",Lithuania,https://experience.arcgis.com/experience/cab84dcfe0464c2a8050a78f817924ca/page/page_3/
2021-04-16,210897.0,565900.0,776797.0,"Moderna, Oxford/AstraZeneca, Pfizer/BioNTech",Lithuania,https://experience.arcgis.com/experience/cab84dcfe0464c2a8050a78f817924ca/page/page_3/
2021-04-17,211095.0,568210.0,779305.0,"Moderna, Oxford/AstraZeneca, Pfizer/BioNTech",Lithuania,https://experience.arcgis.com/experience/cab84dcfe0464c2a8050a78f817924ca/page/page_3/
2021-04-18,211096.0,568293.0,779389.0,"Moderna, Oxford/AstraZeneca, Pfizer/BioNTech",Lithuania,https://experience.arcgis.com/experience/cab84dcfe0464c2a8050a78f817924ca/page/page_3/
2021-04-19,212080.0,573157.0,785237.0,"Moderna, Oxford/AstraZeneca, Pfizer/BioNTech",Lithuania,https://experience.arcgis.com/experience/cab84dcfe0464c2a8050a78f817924ca/page/page_3/
2021-04-20,216637.0,583869.0,800506.0,"Moderna, Oxford/AstraZeneca, Pfizer/BioNTech",Lithuania,https://experience.arcgis.com/experience/cab84dcfe0464c2a8050a78f817924ca/page/page_3/
2021-04-21,229436.0,597749.0,827185.0,"Johnson&Johnson, Moderna, Oxford/AstraZeneca, Pfizer/BioNTech",Lithuania,https://experience.arcgis.com/experience/cab84dcfe0464c2a8050a78f817924ca/page/page_3/
2021-04-22,239854.0,613499.0,853353.0,"Johnson&Johnson, Moderna, Oxford/AstraZeneca, Pfizer/BioNTech",Lithuania,https://experience.arcgis.com/experience/cab84dcfe0464c2a8050a78f817924ca/page/page_3/
2021-04-23,247908.0,630107.0,878015.0,"Johnson&Johnson, Moderna, Oxford/AstraZeneca, Pfizer/BioNTech",Lithuania,https://experience.arcgis.com/experience/cab84dcfe0464c2a8050a78f817924ca/page/page_3/
2021-04-24,248493.0,634073.0,882566.0,"Johnson&Johnson, Moderna, Oxford/AstraZeneca, Pfizer/BioNTech",Lithuania,https://experience.arcgis.com/experience/cab84dcfe0464c2a8050a78f817924ca/page/page_3/
2021-04-25,248497.0,634338.0,882835.0,"Johnson&Johnson, Moderna, Oxford/AstraZeneca, Pfizer/BioNTech",Lithuania,https://experience.arcgis.com/experience/cab84dcfe0464c2a8050a78f817924ca/page/page_3/
2021-04-26,249752.0,639265.0,889017.0,"Johnson&Johnson, Moderna, Oxford/AstraZeneca, Pfizer/BioNTech",Lithuania,https://experience.arcgis.com/experience/cab84dcfe0464c2a8050a78f817924ca/page/page_3/
2021-04-27,250986.0,651121.0,902107.0,"Johnson&Johnson, Moderna, Oxford/AstraZeneca, Pfizer/BioNTech",Lithuania,https://experience.arcgis.com/experience/cab84dcfe0464c2a8050a78f817924ca/page/page_3/
2021-04-28,252513.0,664981.0,917494.0,"Johnson&Johnson, Moderna, Oxford/AstraZeneca, Pfizer/BioNTech",Lithuania,https://experience.arcgis.com/experience/cab84dcfe0464c2a8050a78f817924ca/page/page_3/
2021-04-29,272270.0,677954.0,950224.0,"Johnson&Johnson, Moderna, Oxford/AstraZeneca, Pfizer/BioNTech",Lithuania,https://experience.arcgis.com/experience/cab84dcfe0464c2a8050a78f817924ca/page/page_3/
2021-04-30,298661.0,689295.0,987956.0,"Johnson&Johnson, Moderna, Oxford/AstraZeneca, Pfizer/BioNTech",Lithuania,https://experience.arcgis.com/experience/cab84dcfe0464c2a8050a78f817924ca/page/page_3/
2021-05-01,307730.0,696018.0,1003748.0,"Johnson&Johnson, Moderna, Oxford/AstraZeneca, Pfizer/BioNTech",Lithuania,https://experience.arcgis.com/experience/cab84dcfe0464c2a8050a78f817924ca/page/page_3/
2021-05-02,308450.0,696046.0,1004496.0,"Johnson&Johnson, Moderna, Oxford/AstraZeneca, Pfizer/BioNTech",Lithuania,https://experience.arcgis.com/experience/cab84dcfe0464c2a8050a78f817924ca/page/page_3/
2021-05-03,312431.0,705472.0,1017903.0,"Johnson&Johnson, Moderna, Oxford/AstraZeneca, Pfizer/BioNTech",Lithuania,https://experience.arcgis.com/experience/cab84dcfe0464c2a8050a78f817924ca/page/page_3/
2021-05-04,329594.0,716628.0,1046222.0,"Johnson&Johnson, Moderna, Oxford/AstraZeneca, Pfizer/BioNTech",Lithuania,https://experience.arcgis.com/experience/cab84dcfe0464c2a8050a78f817924ca/page/page_3/
2021-05-05,351713.0,729265.0,1080978.0,"Johnson&Johnson, Moderna, Oxford/AstraZeneca, Pfizer/BioNTech",Lithuania,https://experience.arcgis.com/experience/cab84dcfe0464c2a8050a78f817924ca/page/page_3/
2021-05-06,372234.0,744340.0,1116574.0,"Johnson&Johnson, Moderna, Oxford/AstraZeneca, Pfizer/BioNTech",Lithuania,https://experience.arcgis.com/experience/cab84dcfe0464c2a8050a78f817924ca/page/page_3/
2021-05-07,387004.0,763505.0,1150509.0,"Johnson&Johnson, Moderna, Oxford/AstraZeneca, Pfizer/BioNTech",Lithuania,https://experience.arcgis.com/experience/cab84dcfe0464c2a8050a78f817924ca/page/page_3/
2021-05-08,388699.0,777628.0,1166327.0,"Johnson&Johnson, Moderna, Oxford/AstraZeneca, Pfizer/BioNTech",Lithuania,https://experience.arcgis.com/experience/cab84dcfe0464c2a8050a78f817924ca/page/page_3/
2021-05-09,388753.0,784709.0,1173462.0,"Johnson&Johnson, Moderna, Oxford/AstraZeneca, Pfizer/BioNTech",Lithuania,https://experience.arcgis.com/experience/cab84dcfe0464c2a8050a78f817924ca/page/page_3/
2021-05-10,393776.0,800350.0,1194126.0,"Johnson&Johnson, Moderna, Oxford/AstraZeneca, Pfizer/BioNTech",Lithuania,https://experience.arcgis.com/experience/cab84dcfe0464c2a8050a78f817924ca/page/page_3/
2021-05-11,404488.0,816149.0,1220637.0,"Johnson&Johnson, Moderna, Oxford/AstraZeneca, Pfizer/BioNTech",Lithuania,https://experience.arcgis.com/experience/cab84dcfe0464c2a8050a78f817924ca/page/page_3/
2021-05-12,417673.0,834696.0,1252369.0,"Johnson&Johnson, Moderna, Oxford/AstraZeneca, Pfizer/BioNTech",Lithuania,https://experience.arcgis.com/experience/cab84dcfe0464c2a8050a78f817924ca/page/page_3/
2021-05-13,431310.0,851302.0,1282612.0,"Johnson&Johnson, Moderna, Oxford/AstraZeneca, Pfizer/BioNTech",Lithuania,https://experience.arcgis.com/experience/cab84dcfe0464c2a8050a78f817924ca/page/page_3/
2021-05-14,446326.0,867891.0,1314217.0,"Johnson&Johnson, Moderna, Oxford/AstraZeneca, Pfizer/BioNTech",Lithuania,https://experience.arcgis.com/experience/cab84dcfe0464c2a8050a78f817924ca/page/page_3/
2021-05-15,449371.0,870994.0,1320365.0,"Johnson&Johnson, Moderna, Oxford/AstraZeneca, Pfizer/BioNTech",Lithuania,https://experience.arcgis.com/experience/cab84dcfe0464c2a8050a78f817924ca/page/page_3/
2021-05-16,449579.0,871288.0,1320867.0,"Johnson&Johnson, Moderna, Oxford/AstraZeneca, Pfizer/BioNTech",Lithuania,https://experience.arcgis.com/experience/cab84dcfe0464c2a8050a78f817924ca/page/page_3/
2021-05-17,454568.0,882098.0,1336666.0,"Johnson&Johnson, Moderna, Oxford/AstraZeneca, Pfizer/BioNTech",Lithuania,https://experience.arcgis.com/experience/cab84dcfe0464c2a8050a78f817924ca/page/page_3/
2021-05-18,468466.0,892854.0,1361320.0,"Johnson&Johnson, Moderna, Oxford/AstraZeneca, Pfizer/BioNTech",Lithuania,https://experience.arcgis.com/experience/cab84dcfe0464c2a8050a78f817924ca/page/page_3/
2021-05-19,485340.0,909239.0,1394579.0,"Johnson&Johnson, Moderna, Oxford/AstraZeneca, Pfizer/BioNTech",Lithuania,https://experience.arcgis.com/experience/cab84dcfe0464c2a8050a78f817924ca/page/page_3/
2021-05-20,502302.0,924995.0,1427297.0,"Johnson&Johnson, Moderna, Oxford/AstraZeneca, Pfizer/BioNTech",Lithuania,https://experience.arcgis.com/experience/cab84dcfe0464c2a8050a78f817924ca/page/page_3/
2021-05-21,517635.0,935603.0,1453238.0,"Johnson&Johnson, Moderna, Oxford/AstraZeneca, Pfizer/BioNTech",Lithuania,https://experience.arcgis.com/experience/cab84dcfe0464c2a8050a78f817924ca/page/page_3/
2021-05-22,524315.0,938019.0,1462334.0,"Johnson&Johnson, Moderna, Oxford/AstraZeneca, Pfizer/BioNTech",Lithuania,https://experience.arcgis.com/experience/cab84dcfe0464c2a8050a78f817924ca/page/page_3/
2021-05-23,524664.0,939505.0,1464169.0,"Johnson&Johnson, Moderna, Oxford/AstraZeneca, Pfizer/BioNTech",Lithuania,https://experience.arcgis.com/experience/cab84dcfe0464c2a8050a78f817924ca/page/page_3/
2021-05-24,533795.0,944947.0,1478742.0,"Johnson&Johnson, Moderna, Oxford/AstraZeneca, Pfizer/BioNTech",Lithuania,https://experience.arcgis.com/experience/cab84dcfe0464c2a8050a78f817924ca/page/page_3/
2021-05-25,544638.0,959898.0,1504536.0,"Johnson&Johnson, Moderna, Oxford/AstraZeneca, Pfizer/BioNTech",Lithuania,https://experience.arcgis.com/experience/cab84dcfe0464c2a8050a78f817924ca/page/page_3/
2021-05-26,557603.0,976247.0,1533850.0,"Johnson&Johnson, Moderna, Oxford/AstraZeneca, Pfizer/BioNTech",Lithuania,https://experience.arcgis.com/experience/cab84dcfe0464c2a8050a78f817924ca/page/page_3/
2021-05-27,572851.0,991476.0,1564327.0,"Johnson&Johnson, Moderna, Oxford/AstraZeneca, Pfizer/BioNTech",Lithuania,https://experience.arcgis.com/experience/cab84dcfe0464c2a8050a78f817924ca/page/page_3/
2021-05-28,588342.0,1008547.0,1596889.0,"Johnson&Johnson, Moderna, Oxford/AstraZeneca, Pfizer/BioNTech",Lithuania,https://experience.arcgis.com/experience/cab84dcfe0464c2a8050a78f817924ca/page/page_3/
2021-05-29,594410.0,1014030.0,1608440.0,"Johnson&Johnson, Moderna, Oxford/AstraZeneca, Pfizer/BioNTech",Lithuania,https://experience.arcgis.com/experience/cab84dcfe0464c2a8050a78f817924ca/page/page_3/
2021-05-30,594439.0,1014593.0,1609032.0,"Johnson&Johnson, Moderna, Oxford/AstraZeneca, Pfizer/BioNTech",Lithuania,https://experience.arcgis.com/experience/cab84dcfe0464c2a8050a78f817924ca/page/page_3/
2021-05-31,607763.0,1019781.0,1627544.0,"Johnson&Johnson, Moderna, Oxford/AstraZeneca, Pfizer/BioNTech",Lithuania,https://experience.arcgis.com/experience/cab84dcfe0464c2a8050a78f817924ca/page/page_3/
2021-06-01,622663.0,1037737.0,1660400.0,"Johnson&Johnson, Moderna, Oxford/AstraZeneca, Pfizer/BioNTech",Lithuania,https://experience.arcgis.com/experience/cab84dcfe0464c2a8050a78f817924ca/page/page_3/
2021-06-02,644295.0,1056857.0,1701152.0,"Johnson&Johnson, Moderna, Oxford/AstraZeneca, Pfizer/BioNTech",Lithuania,https://experience.arcgis.com/experience/cab84dcfe0464c2a8050a78f817924ca/page/page_3/
2021-06-03,661248.0,1077597.0,1738845.0,"Johnson&Johnson, Moderna, Oxford/AstraZeneca, Pfizer/BioNTech",Lithuania,https://experience.arcgis.com/experience/cab84dcfe0464c2a8050a78f817924ca/page/page_3/
2021-06-04,684009.0,1097466.0,1781475.0,"Johnson&Johnson, Moderna, Oxford/AstraZeneca, Pfizer/BioNTech",Lithuania,https://experience.arcgis.com/experience/cab84dcfe0464c2a8050a78f817924ca/page/page_3/
2021-06-05,689996.0,1109808.0,1799804.0,"Johnson&Johnson, Moderna, Oxford/AstraZeneca, Pfizer/BioNTech",Lithuania,https://experience.arcgis.com/experience/cab84dcfe0464c2a8050a78f817924ca/page/page_3/
2021-06-06,690195.0,1115229.0,1805424.0,"Johnson&Johnson, Moderna, Oxford/AstraZeneca, Pfizer/BioNTech",Lithuania,https://experience.arcgis.com/experience/cab84dcfe0464c2a8050a78f817924ca/page/page_3/
2021-06-07,706466.0,1122111.0,1828577.0,"Johnson&Johnson, Moderna, Oxford/AstraZeneca, Pfizer/BioNTech",Lithuania,https://experience.arcgis.com/experience/cab84dcfe0464c2a8050a78f817924ca/page/page_3/
2021-06-08,722388.0,1134092.0,1856480.0,"Johnson&Johnson, Moderna, Oxford/AstraZeneca, Pfizer/BioNTech",Lithuania,https://experience.arcgis.com/experience/cab84dcfe0464c2a8050a78f817924ca/page/page_3/
2021-06-09,740455.0,1145667.0,1886122.0,"Johnson&Johnson, Moderna, Oxford/AstraZeneca, Pfizer/BioNTech",Lithuania,https://experience.arcgis.com/experience/cab84dcfe0464c2a8050a78f817924ca/page/page_3/
2021-06-10,758380.0,1154652.0,1913032.0,"Johnson&Johnson, Moderna, Oxford/AstraZeneca, Pfizer/BioNTech",Lithuania,https://experience.arcgis.com/experience/cab84dcfe0464c2a8050a78f817924ca/page/page_3/
2021-06-11,772338.0,1165516.0,1937854.0,"Johnson&Johnson, Moderna, Oxford/AstraZeneca, Pfizer/BioNTech",Lithuania,https://experience.arcgis.com/experience/cab84dcfe0464c2a8050a78f817924ca/page/page_3/
2021-06-12,775187.0,1169561.0,1944748.0,"Johnson&Johnson, Moderna, Oxford/AstraZeneca, Pfizer/BioNTech",Lithuania,https://experience.arcgis.com/experience/cab84dcfe0464c2a8050a78f817924ca/page/page_3/
2021-06-13,779256.0,1172702.0,1951958.0,"Johnson&Johnson, Moderna, Oxford/AstraZeneca, Pfizer/BioNTech",Lithuania,https://experience.arcgis.com/experience/cab84dcfe0464c2a8050a78f817924ca/page/page_3/
2021-06-14,795448.0,1176813.0,1972261.0,"Johnson&Johnson, Moderna, Oxford/AstraZeneca, Pfizer/BioNTech",Lithuania,https://experience.arcgis.com/experience/cab84dcfe0464c2a8050a78f817924ca/page/page_3/
2021-06-15,813574.0,1184936.0,1998510.0,"Johnson&Johnson, Moderna, Oxford/AstraZeneca, Pfizer/BioNTech",Lithuania,https://experience.arcgis.com/experience/cab84dcfe0464c2a8050a78f817924ca/page/page_3/
2021-06-16,836626.0,1191870.0,2028496.0,"Johnson&Johnson, Moderna, Oxford/AstraZeneca, Pfizer/BioNTech",Lithuania,https://experience.arcgis.com/experience/cab84dcfe0464c2a8050a78f817924ca/page/page_3/
2021-06-17,856999.0,1201724.0,2058723.0,"Johnson&Johnson, Moderna, Oxford/AstraZeneca, Pfizer/BioNTech",Lithuania,https://experience.arcgis.com/experience/cab84dcfe0464c2a8050a78f817924ca/page/page_3/
2021-06-18,877121.0,1207697.0,2084818.0,"Johnson&Johnson, Moderna, Oxford/AstraZeneca, Pfizer/BioNTech",Lithuania,https://experience.arcgis.com/experience/cab84dcfe0464c2a8050a78f817924ca/page/page_3/
2021-06-19,882942.0,1208952.0,2091894.0,"Johnson&Johnson, Moderna, Oxford/AstraZeneca, Pfizer/BioNTech",Lithuania,https://experience.arcgis.com/experience/cab84dcfe0464c2a8050a78f817924ca/page/page_3/
2021-06-20,883904.0,1209308.0,2093212.0,"Johnson&Johnson, Moderna, Oxford/AstraZeneca, Pfizer/BioNTech",Lithuania,https://experience.arcgis.com/experience/cab84dcfe0464c2a8050a78f817924ca/page/page_3/
2021-06-21,896386.0,1213957.0,2110343.0,"Johnson&Johnson, Moderna, Oxford/AstraZeneca, Pfizer/BioNTech",Lithuania,https://experience.arcgis.com/experience/cab84dcfe0464c2a8050a78f817924ca/page/page_3/
2021-06-22,918160.0,1218019.0,2136179.0,"Johnson&Johnson, Moderna, Oxford/AstraZeneca, Pfizer/BioNTech",Lithuania,https://experience.arcgis.com/experience/cab84dcfe0464c2a8050a78f817924ca/page/page_3/
2021-06-23,942376.0,1221390.0,2163766.0,"Johnson&Johnson, Moderna, Oxford/AstraZeneca, Pfizer/BioNTech",Lithuania,https://experience.arcgis.com/experience/cab84dcfe0464c2a8050a78f817924ca/page/page_3/
2021-06-24,951141.0,1223004.0,2174145.0,"Johnson&Johnson, Moderna, Oxford/AstraZeneca, Pfizer/BioNTech",Lithuania,https://experience.arcgis.com/experience/cab84dcfe0464c2a8050a78f817924ca/page/page_3/
2021-06-25,976266.0,1227248.0,2203514.0,"Johnson&Johnson, Moderna, Oxford/AstraZeneca, Pfizer/BioNTech",Lithuania,https://experience.arcgis.com/experience/cab84dcfe0464c2a8050a78f817924ca/page/page_3/
2021-06-26,983774.0,1228184.0,2211958.0,"Johnson&Johnson, Moderna, Oxford/AstraZeneca, Pfizer/BioNTech",Lithuania,https://experience.arcgis.com/experience/cab84dcfe0464c2a8050a78f817924ca/page/page_3/
2021-06-27,989428.0,1228822.0,2218250.0,"Johnson&Johnson, Moderna, Oxford/AstraZeneca, Pfizer/BioNTech",Lithuania,https://experience.arcgis.com/experience/cab84dcfe0464c2a8050a78f817924ca/page/page_3/
2021-06-28,1006610.0,1231964.0,2238574.0,"Johnson&Johnson, Moderna, Oxford/AstraZeneca, Pfizer/BioNTech",Lithuania,https://experience.arcgis.com/experience/cab84dcfe0464c2a8050a78f817924ca/page/page_3/
2021-06-29,1028507.0,1236351.0,2264858.0,"Johnson&Johnson, Moderna, Oxford/AstraZeneca, Pfizer/BioNTech",Lithuania,https://experience.arcgis.com/experience/cab84dcfe0464c2a8050a78f817924ca/page/page_3/
2021-06-30,1048105.0,1241920.0,2290025.0,"Johnson&Johnson, Moderna, Oxford/AstraZeneca, Pfizer/BioNTech",Lithuania,https://experience.arcgis.com/experience/cab84dcfe0464c2a8050a78f817924ca/page/page_3/
2021-07-01,1061326.0,1247347.0,2308673.0,"Johnson&Johnson, Moderna, Oxford/AstraZeneca, Pfizer/BioNTech",Lithuania,https://experience.arcgis.com/experience/cab84dcfe0464c2a8050a78f817924ca/page/page_3/
2021-07-02,1077385.0,1252164.0,2329549.0,"Johnson&Johnson, Moderna, Oxford/AstraZeneca, Pfizer/BioNTech",Lithuania,https://experience.arcgis.com/experience/cab84dcfe0464c2a8050a78f817924ca/page/page_3/
2021-07-03,1081548.0,1254146.0,2335694.0,"Johnson&Johnson, Moderna, Oxford/AstraZeneca, Pfizer/BioNTech",Lithuania,https://experience.arcgis.com/experience/cab84dcfe0464c2a8050a78f817924ca/page/page_3/
2021-07-04,1081916.0,1254431.0,2336347.0,"Johnson&Johnson, Moderna, Oxford/AstraZeneca, Pfizer/BioNTech",Lithuania,https://experience.arcgis.com/experience/cab84dcfe0464c2a8050a78f817924ca/page/page_3/
2021-07-05,1092137.0,1258060.0,2350197.0,"Johnson&Johnson, Moderna, Oxford/AstraZeneca, Pfizer/BioNTech",Lithuania,https://experience.arcgis.com/experience/cab84dcfe0464c2a8050a78f817924ca/page/page_3/
2021-07-06,1095666.0,1259503.0,2355169.0,"Johnson&Johnson, Moderna, Oxford/AstraZeneca, Pfizer/BioNTech",Lithuania,https://experience.arcgis.com/experience/cab84dcfe0464c2a8050a78f817924ca/page/page_3/
2021-07-07,1108196.0,1264864.0,2373060.0,"Johnson&Johnson, Moderna, Oxford/AstraZeneca, Pfizer/BioNTech",Lithuania,https://experience.arcgis.com/experience/cab84dcfe0464c2a8050a78f817924ca/page/page_3/
2021-07-08,1121526.0,1270539.0,2392065.0,"Johnson&Johnson, Moderna, Oxford/AstraZeneca, Pfizer/BioNTech",Lithuania,https://experience.arcgis.com/experience/cab84dcfe0464c2a8050a78f817924ca/page/page_3/
2021-07-09,1132237.0,1275745.0,2407982.0,"Johnson&Johnson, Moderna, Oxford/AstraZeneca, Pfizer/BioNTech",Lithuania,https://experience.arcgis.com/experience/cab84dcfe0464c2a8050a78f817924ca/page/page_3/
2021-07-10,1135822.0,1277742.0,2413564.0,"Johnson&Johnson, Moderna, Oxford/AstraZeneca, Pfizer/BioNTech",Lithuania,https://experience.arcgis.com/experience/cab84dcfe0464c2a8050a78f817924ca/page/page_3/
2021-07-11,1136016.0,1277957.0,2413973.0,"Johnson&Johnson, Moderna, Oxford/AstraZeneca, Pfizer/BioNTech",Lithuania,https://experience.arcgis.com/experience/cab84dcfe0464c2a8050a78f817924ca/page/page_3/
2021-07-12,1145318.0,1281017.0,2426335.0,"Johnson&Johnson, Moderna, Oxford/AstraZeneca, Pfizer/BioNTech",Lithuania,https://experience.arcgis.com/experience/cab84dcfe0464c2a8050a78f817924ca/page/page_3/
2021-07-13,1152389.0,1285294.0,2437683.0,"Johnson&Johnson, Moderna, Oxford/AstraZeneca, Pfizer/BioNTech",Lithuania,https://experience.arcgis.com/experience/cab84dcfe0464c2a8050a78f817924ca/page/page_3/
2021-07-14,1158047.0,1289605.0,2447652.0,"Johnson&Johnson, Moderna, Oxford/AstraZeneca, Pfizer/BioNTech",Lithuania,https://experience.arcgis.com/experience/cab84dcfe0464c2a8050a78f817924ca/page/page_3/
2021-07-15,1165024.0,1296277.0,2461301.0,"Johnson&Johnson, Moderna, Oxford/AstraZeneca, Pfizer/BioNTech",Lithuania,https://experience.arcgis.com/experience/cab84dcfe0464c2a8050a78f817924ca/page/page_3/
2021-07-16,1173542.0,1302626.0,2476168.0,"Johnson&Johnson, Moderna, Oxford/AstraZeneca, Pfizer/BioNTech",Lithuania,https://experience.arcgis.com/experience/cab84dcfe0464c2a8050a78f817924ca/page/page_3/
2021-07-17,1175378.0,1304489.0,2479867.0,"Johnson&Johnson, Moderna, Oxford/AstraZeneca, Pfizer/BioNTech",Lithuania,https://experience.arcgis.com/experience/cab84dcfe0464c2a8050a78f817924ca/page/page_3/
2021-07-18,1176153.0,1305402.0,2481555.0,"Johnson&Johnson, Moderna, Oxford/AstraZeneca, Pfizer/BioNTech",Lithuania,https://experience.arcgis.com/experience/cab84dcfe0464c2a8050a78f817924ca/page/page_3/
2021-07-19,1183261.0,1309985.0,2493246.0,"Johnson&Johnson, Moderna, Oxford/AstraZeneca, Pfizer/BioNTech",Lithuania,https://experience.arcgis.com/experience/cab84dcfe0464c2a8050a78f817924ca/page/page_3/
2021-07-20,1189414.0,1317105.0,2506519.0,"Johnson&Johnson, Moderna, Oxford/AstraZeneca, Pfizer/BioNTech",Lithuania,https://experience.arcgis.com/experience/cab84dcfe0464c2a8050a78f817924ca/page/page_3/
2021-07-21,1195124.0,1325174.0,2520298.0,"Johnson&Johnson, Moderna, Oxford/AstraZeneca, Pfizer/BioNTech",Lithuania,https://experience.arcgis.com/experience/cab84dcfe0464c2a8050a78f817924ca/page/page_3/
2021-07-22,1201731.0,1337027.0,2538758.0,"Johnson&Johnson, Moderna, Oxford/AstraZeneca, Pfizer/BioNTech",Lithuania,https://experience.arcgis.com/experience/cab84dcfe0464c2a8050a78f817924ca/page/page_3/
2021-07-23,1207701.0,1348771.0,2556472.0,"Johnson&Johnson, Moderna, Oxford/AstraZeneca, Pfizer/BioNTech",Lithuania,https://experience.arcgis.com/experience/cab84dcfe0464c2a8050a78f817924ca/page/page_3/
2021-07-24,1209081.0,1351893.0,2560974.0,"Johnson&Johnson, Moderna, Oxford/AstraZeneca, Pfizer/BioNTech",Lithuania,https://experience.arcgis.com/experience/cab84dcfe0464c2a8050a78f817924ca/page/page_3/
2021-07-25,1209851.0,1353187.0,2563038.0,"Johnson&Johnson, Moderna, Oxford/AstraZeneca, Pfizer/BioNTech",Lithuania,https://experience.arcgis.com/experience/cab84dcfe0464c2a8050a78f817924ca/page/page_3/
2021-07-26,1217239.0,1363232.0,2580471.0,"Johnson&Johnson, Moderna, Oxford/AstraZeneca, Pfizer/BioNTech",Lithuania,https://experience.arcgis.com/experience/cab84dcfe0464c2a8050a78f817924ca/page/page_3/
2021-07-27,1222399.0,1374144.0,2596543.0,"Johnson&Johnson, Moderna, Oxford/AstraZeneca, Pfizer/BioNTech",Lithuania,https://experience.arcgis.com/experience/cab84dcfe0464c2a8050a78f817924ca/page/page_3/
2021-07-28,1227876.0,1385747.0,2613623.0,"Johnson&Johnson, Moderna, Oxford/AstraZeneca, Pfizer/BioNTech",Lithuania,https://experience.arcgis.com/experience/cab84dcfe0464c2a8050a78f817924ca/page/page_3/
2021-07-29,1233785.0,1401282.0,2635067.0,"Johnson&Johnson, Moderna, Oxford/AstraZeneca, Pfizer/BioNTech",Lithuania,https://experience.arcgis.com/experience/cab84dcfe0464c2a8050a78f817924ca/page/page_3/
2021-07-30,1240472.0,1411619.0,2652091.0,"Johnson&Johnson, Moderna, Oxford/AstraZeneca, Pfizer/BioNTech",Lithuania,https://experience.arcgis.com/experience/cab84dcfe0464c2a8050a78f817924ca/page/page_3/
2021-07-31,1244347.0,1414913.0,2659260.0,"Johnson&Johnson, Moderna, Oxford/AstraZeneca, Pfizer/BioNTech",Lithuania,https://experience.arcgis.com/experience/cab84dcfe0464c2a8050a78f817924ca/page/page_3/
2021-08-01,1246761.0,1415701.0,2662462.0,"Johnson&Johnson, Moderna, Oxford/AstraZeneca, Pfizer/BioNTech",Lithuania,https://experience.arcgis.com/experience/cab84dcfe0464c2a8050a78f817924ca/page/page_3/
2021-08-02,1256393.0,1423024.0,2679417.0,"Johnson&Johnson, Moderna, Oxford/AstraZeneca, Pfizer/BioNTech",Lithuania,https://experience.arcgis.com/experience/cab84dcfe0464c2a8050a78f817924ca/page/page_3/
2021-08-03,1261105.0,1431959.0,2693064.0,"Johnson&Johnson, Moderna, Oxford/AstraZeneca, Pfizer/BioNTech",Lithuania,https://experience.arcgis.com/experience/cab84dcfe0464c2a8050a78f817924ca/page/page_3/
2021-08-04,1268472.0,1443912.0,2712384.0,"Johnson&Johnson, Moderna, Oxford/AstraZeneca, Pfizer/BioNTech",Lithuania,https://experience.arcgis.com/experience/cab84dcfe0464c2a8050a78f817924ca/page/page_3/
2021-08-05,1283070.0,1465016.0,2748086.0,"Johnson&Johnson, Moderna, Oxford/AstraZeneca, Pfizer/BioNTech",Lithuania,https://experience.arcgis.com/experience/cab84dcfe0464c2a8050a78f817924ca/page/page_3/
2021-08-06,1296190.0,1483534.0,2779724.0,"Johnson&Johnson, Moderna, Oxford/AstraZeneca, Pfizer/BioNTech",Lithuania,https://experience.arcgis.com/experience/cab84dcfe0464c2a8050a78f817924ca/page/page_3/
2021-08-07,1301027.0,1489317.0,2790344.0,"Johnson&Johnson, Moderna, Oxford/AstraZeneca, Pfizer/BioNTech",Lithuania,https://experience.arcgis.com/experience/cab84dcfe0464c2a8050a78f817924ca/page/page_3/
2021-08-08,1301927.0,1490454.0,2792381.0,"Johnson&Johnson, Moderna, Oxford/AstraZeneca, Pfizer/BioNTech",Lithuania,https://experience.arcgis.com/experience/cab84dcfe0464c2a8050a78f817924ca/page/page_3/
2021-08-09,1312800.0,1503582.0,2816382.0,"Johnson&Johnson, Moderna, Oxford/AstraZeneca, Pfizer/BioNTech",Lithuania,https://experience.arcgis.com/experience/cab84dcfe0464c2a8050a78f817924ca/page/page_3/
2021-08-10,1323006.0,1515074.0,2838080.0,"Johnson&Johnson, Moderna, Oxford/AstraZeneca, Pfizer/BioNTech",Lithuania,https://experience.arcgis.com/experience/cab84dcfe0464c2a8050a78f817924ca/page/page_3/
2021-08-11,1334360.0,1526273.0,2860633.0,"Johnson&Johnson, Moderna, Oxford/AstraZeneca, Pfizer/BioNTech",Lithuania,https://experience.arcgis.com/experience/cab84dcfe0464c2a8050a78f817924ca/page/page_3/
2021-08-12,1348730.0,1540441.0,2889171.0,"Johnson&Johnson, Moderna, Oxford/AstraZeneca, Pfizer/BioNTech",Lithuania,https://experience.arcgis.com/experience/cab84dcfe0464c2a8050a78f817924ca/page/page_3/
2021-08-13,1361479.0,1551874.0,2913353.0,"Johnson&Johnson, Moderna, Oxford/AstraZeneca, Pfizer/BioNTech",Lithuania,https://experience.arcgis.com/experience/cab84dcfe0464c2a8050a78f817924ca/page/page_3/
2021-08-14,1363901.0,1554571.0,2918472.0,"Johnson&Johnson, Moderna, Oxford/AstraZeneca, Pfizer/BioNTech",Lithuania,https://experience.arcgis.com/experience/cab84dcfe0464c2a8050a78f817924ca/page/page_3/
2021-08-15,1364512.0,1555319.0,2919831.0,"Johnson&Johnson, Moderna, Oxford/AstraZeneca, Pfizer/BioNTech",Lithuania,https://experience.arcgis.com/experience/cab84dcfe0464c2a8050a78f817924ca/page/page_3/
2021-08-16,1378469.0,1565836.0,2944305.0,"Johnson&Johnson, Moderna, Oxford/AstraZeneca, Pfizer/BioNTech",Lithuania,https://experience.arcgis.com/experience/cab84dcfe0464c2a8050a78f817924ca/page/page_3/
2021-08-17,1389623.0,1574380.0,2964003.0,"Johnson&Johnson, Moderna, Oxford/AstraZeneca, Pfizer/BioNTech",Lithuania,https://experience.arcgis.com/experience/cab84dcfe0464c2a8050a78f817924ca/page/page_3/
2021-08-18,1404780.0,1586513.0,2991293.0,"Johnson&Johnson, Moderna, Oxford/AstraZeneca, Pfizer/BioNTech",Lithuania,https://experience.arcgis.com/experience/cab84dcfe0464c2a8050a78f817924ca/page/page_3/
2021-08-19,1421091.0,1597243.0,3018334.0,"Johnson&Johnson, Moderna, Oxford/AstraZeneca, Pfizer/BioNTech",Lithuania,https://experience.arcgis.com/experience/cab84dcfe0464c2a8050a78f817924ca/page/page_3/
2021-08-20,1433131.0,1606508.0,3039639.0,"Johnson&Johnson, Moderna, Oxford/AstraZeneca, Pfizer/BioNTech",Lithuania,https://experience.arcgis.com/experience/cab84dcfe0464c2a8050a78f817924ca/page/page_3/
