location,date,vaccine,source_url,total_vaccinations,people_vaccinated,people_fully_vaccinated
Switzerland,2020-12-22,Pfizer/BioNTech,https://opendata.swiss/en/dataset/covid-19-schweiz?detGeo=CH,2,2,0
Switzerland,2020-12-23,Pfizer/BioNTech,https://opendata.swiss/en/dataset/covid-19-schweiz?detGeo=CH,428,404,0
Switzerland,2020-12-24,Pfizer/BioNTech,https://opendata.swiss/en/dataset/covid-19-schweiz?detGeo=CH,691,664,0
Switzerland,2020-12-25,Pfizer/BioNTech,https://opendata.swiss/en/dataset/covid-19-schweiz?detGeo=CH,691,664,0
Switzerland,2020-12-26,Pfizer/BioNTech,https://opendata.swiss/en/dataset/covid-19-schweiz?detGeo=CH,1127,1100,0
Switzerland,2020-12-27,Pfizer/BioNTech,https://opendata.swiss/en/dataset/covid-19-schweiz?detGeo=CH,1127,1100,0
Switzerland,2020-12-28,Pfizer/BioNTech,https://opendata.swiss/en/dataset/covid-19-schweiz?detGeo=CH,2747,2574,1
Switzerland,2020-12-29,Pfizer/BioNTech,https://opendata.swiss/en/dataset/covid-19-schweiz?detGeo=CH,4439,4114,4
Switzerland,2020-12-30,Pfizer/BioNTech,https://opendata.swiss/en/dataset/covid-19-schweiz?detGeo=CH,6110,5646,5
Switzerland,2020-12-31,Pfizer/BioNTech,https://opendata.swiss/en/dataset/covid-19-schweiz?detGeo=CH,6363,5898,6
Switzerland,2021-01-01,Pfizer/BioNTech,https://opendata.swiss/en/dataset/covid-19-schweiz?detGeo=CH,6403,5937,7
Switzerland,2021-01-02,Pfizer/BioNTech,https://opendata.swiss/en/dataset/covid-19-schweiz?detGeo=CH,6407,5941,7
Switzerland,2021-01-03,Pfizer/BioNTech,https://opendata.swiss/en/dataset/covid-19-schweiz?detGeo=CH,6408,5942,7
Switzerland,2021-01-04,Pfizer/BioNTech,https://opendata.swiss/en/dataset/covid-19-schweiz?detGeo=CH,10063,9550,7
Switzerland,2021-01-05,Pfizer/BioNTech,https://opendata.swiss/en/dataset/covid-19-schweiz?detGeo=CH,17155,16098,9
Switzerland,2021-01-06,Pfizer/BioNTech,https://opendata.swiss/en/dataset/covid-19-schweiz?detGeo=CH,22998,21288,11
Switzerland,2021-01-07,Pfizer/BioNTech,https://opendata.swiss/en/dataset/covid-19-schweiz?detGeo=CH,30208,27476,14
Switzerland,2021-01-08,Pfizer/BioNTech,https://opendata.swiss/en/dataset/covid-19-schweiz?detGeo=CH,38248,33986,14
Switzerland,2021-01-09,Pfizer/BioNTech,https://opendata.swiss/en/dataset/covid-19-schweiz?detGeo=CH,40370,35907,15
Switzerland,2021-01-10,Pfizer/BioNTech,https://opendata.swiss/en/dataset/covid-19-schweiz?detGeo=CH,40402,35938,16
Switzerland,2021-01-11,Pfizer/BioNTech,https://opendata.swiss/en/dataset/covid-19-schweiz?detGeo=CH,47813,42724,17
Switzerland,2021-01-12,Pfizer/BioNTech,https://opendata.swiss/en/dataset/covid-19-schweiz?detGeo=CH,58206,52503,21
Switzerland,2021-01-13,Pfizer/BioNTech,https://opendata.swiss/en/dataset/covid-19-schweiz?detGeo=CH,69290,62477,144
Switzerland,2021-01-14,Pfizer/BioNTech,https://opendata.swiss/en/dataset/covid-19-schweiz?detGeo=CH,79916,72159,208
Switzerland,2021-01-15,Pfizer/BioNTech,https://opendata.swiss/en/dataset/covid-19-schweiz?detGeo=CH,90692,82068,257
Switzerland,2021-01-16,Pfizer/BioNTech,https://opendata.swiss/en/dataset/covid-19-schweiz?detGeo=CH,95051,86213,259
Switzerland,2021-01-17,Pfizer/BioNTech,https://opendata.swiss/en/dataset/covid-19-schweiz?detGeo=CH,95715,86874,260
Switzerland,2021-01-18,Pfizer/BioNTech,https://opendata.swiss/en/dataset/covid-19-schweiz?detGeo=CH,107946,97492,1005
Switzerland,2021-01-19,Pfizer/BioNTech,https://opendata.swiss/en/dataset/covid-19-schweiz?detGeo=CH,125245,113064,1683
Switzerland,2021-01-20,Pfizer/BioNTech,https://opendata.swiss/en/dataset/covid-19-schweiz?detGeo=CH,145736,131765,2578
Switzerland,2021-01-21,Pfizer/BioNTech,https://opendata.swiss/en/dataset/covid-19-schweiz?detGeo=CH,168979,153490,3029
Switzerland,2021-01-22,Pfizer/BioNTech,https://opendata.swiss/en/dataset/covid-19-schweiz?detGeo=CH,188818,171845,3446
Switzerland,2021-01-23,Pfizer/BioNTech,https://opendata.swiss/en/dataset/covid-19-schweiz?detGeo=CH,194627,177433,3539
Switzerland,2021-01-24,Pfizer/BioNTech,https://opendata.swiss/en/dataset/covid-19-schweiz?detGeo=CH,195807,178598,3550
Switzerland,2021-01-25,Pfizer/BioNTech,https://opendata.swiss/en/dataset/covid-19-schweiz?detGeo=CH,213104,194189,4915
Switzerland,2021-01-26,Pfizer/BioNTech,https://opendata.swiss/en/dataset/covid-19-schweiz?detGeo=CH,238179,216195,7369
Switzerland,2021-01-27,Pfizer/BioNTech,https://opendata.swiss/en/dataset/covid-19-schweiz?detGeo=CH,262543,238251,9125
Switzerland,2021-01-28,Pfizer/BioNTech,https://opendata.swiss/en/dataset/covid-19-schweiz?detGeo=CH,289355,261776,11422
Switzerland,2021-01-29,"Moderna, Pfizer/BioNTech",https://opendata.swiss/en/dataset/covid-19-schweiz?detGeo=CH,306996,276313,13123
Switzerland,2021-01-30,"Moderna, Pfizer/BioNTech",https://opendata.swiss/en/dataset/covid-19-schweiz?detGeo=CH,306996,276313,13123
Switzerland,2021-01-31,"Moderna, Pfizer/BioNTech",https://opendata.swiss/en/dataset/covid-19-schweiz?detGeo=CH,306996,276313,13123
Switzerland,2021-02-01,"Moderna, Pfizer/BioNTech",https://opendata.swiss/en/dataset/covid-19-schweiz?detGeo=CH,323155,288110,16968
Switzerland,2021-02-02,"Moderna, Pfizer/BioNTech",https://opendata.swiss/en/dataset/covid-19-schweiz?detGeo=CH,342781,301690,22189
Switzerland,2021-02-03,"Moderna, Pfizer/BioNTech",https://opendata.swiss/en/dataset/covid-19-schweiz?detGeo=CH,362100,315377,26984
Switzerland,2021-02-04,"Moderna, Pfizer/BioNTech",https://opendata.swiss/en/dataset/covid-19-schweiz?detGeo=CH,382723,328662,33545
Switzerland,2021-02-05,"Moderna, Pfizer/BioNTech",https://opendata.swiss/en/dataset/covid-19-schweiz?detGeo=CH,402139,340877,40068
Switzerland,2021-02-06,"Moderna, Pfizer/BioNTech",https://opendata.swiss/en/dataset/covid-19-schweiz?detGeo=CH,405473,342675,41490
Switzerland,2021-02-07,"Moderna, Pfizer/BioNTech",https://opendata.swiss/en/dataset/covid-19-schweiz?detGeo=CH,406668,343597,41762
Switzerland,2021-02-08,"Moderna, Pfizer/BioNTech",https://opendata.swiss/en/dataset/covid-19-schweiz?detGeo=CH,425208,353359,49772
Switzerland,2021-02-09,"Moderna, Pfizer/BioNTech",https://opendata.swiss/en/dataset/covid-19-schweiz?detGeo=CH,450710,367536,60390
Switzerland,2021-02-10,"Moderna, Pfizer/BioNTech",https://opendata.swiss/en/dataset/covid-19-schweiz?detGeo=CH,477635,383944,70110
Switzerland,2021-02-11,"Moderna, Pfizer/BioNTech",https://opendata.swiss/en/dataset/covid-19-schweiz?detGeo=CH,505211,399852,80850
Switzerland,2021-02-12,"Moderna, Pfizer/BioNTech",https://opendata.swiss/en/dataset/covid-19-schweiz?detGeo=CH,531707,415757,90468
Switzerland,2021-02-13,"Moderna, Pfizer/BioNTech",https://opendata.swiss/en/dataset/covid-19-schweiz?detGeo=CH,538649,419129,93867
Switzerland,2021-02-14,"Moderna, Pfizer/BioNTech",https://opendata.swiss/en/dataset/covid-19-schweiz?detGeo=CH,539993,419965,94371
Switzerland,2021-02-15,"Moderna, Pfizer/BioNTech",https://opendata.swiss/en/dataset/covid-19-schweiz?detGeo=CH,558898,429705,102708
Switzerland,2021-02-16,"Moderna, Pfizer/BioNTech",https://opendata.swiss/en/dataset/covid-19-schweiz?detGeo=CH,583906,442173,114330
Switzerland,2021-02-17,"Moderna, Pfizer/BioNTech",https://opendata.swiss/en/dataset/covid-19-schweiz?detGeo=CH,608133,452563,127207
Switzerland,2021-02-18,"Moderna, Pfizer/BioNTech",https://opendata.swiss/en/dataset/covid-19-schweiz?detGeo=CH,636752,463804,143085
Switzerland,2021-02-19,"Moderna, Pfizer/BioNTech",https://opendata.swiss/en/dataset/covid-19-schweiz?detGeo=CH,661247,472853,156848
Switzerland,2021-02-20,"Moderna, Pfizer/BioNTech",https://opendata.swiss/en/dataset/covid-19-schweiz?detGeo=CH,668484,475565,161209
Switzerland,2021-02-21,"Moderna, Pfizer/BioNTech",https://opendata.swiss/en/dataset/covid-19-schweiz?detGeo=CH,670103,476370,162016
Switzerland,2021-02-22,"Moderna, Pfizer/BioNTech",https://opendata.swiss/en/dataset/covid-19-schweiz?detGeo=CH,690034,483131,174485
Switzerland,2021-02-23,"Moderna, Pfizer/BioNTech",https://opendata.swiss/en/dataset/covid-19-schweiz?detGeo=CH,716685,492668,190968
Switzerland,2021-02-24,"Moderna, Pfizer/BioNTech",https://opendata.swiss/en/dataset/covid-19-schweiz?detGeo=CH,744941,502442,208939
Switzerland,2021-02-25,"Moderna, Pfizer/BioNTech",https://opendata.swiss/en/dataset/covid-19-schweiz?detGeo=CH,774444,511544,227792
Switzerland,2021-02-26,"Moderna, Pfizer/BioNTech",https://opendata.swiss/en/dataset/covid-19-schweiz?detGeo=CH,799155,519736,243802
Switzerland,2021-02-27,"Moderna, Pfizer/BioNTech",https://opendata.swiss/en/dataset/covid-19-schweiz?detGeo=CH,805642,521922,248089
Switzerland,2021-02-28,"Moderna, Pfizer/BioNTech",https://opendata.swiss/en/dataset/covid-19-schweiz?detGeo=CH,807629,522529,249460
Switzerland,2021-03-01,"Moderna, Pfizer/BioNTech",https://opendata.swiss/en/dataset/covid-19-schweiz?detGeo=CH,829899,532699,260937
Switzerland,2021-03-02,"Moderna, Pfizer/BioNTech",https://opendata.swiss/en/dataset/covid-19-schweiz?detGeo=CH,855866,543585,275014
Switzerland,2021-03-03,"Moderna, Pfizer/BioNTech",https://opendata.swiss/en/dataset/covid-19-schweiz?detGeo=CH,887753,558190,290888
Switzerland,2021-03-04,"Moderna, Pfizer/BioNTech",https://opendata.swiss/en/dataset/covid-19-schweiz?detGeo=CH,921280,574909,306616
Switzerland,2021-03-05,"Moderna, Pfizer/BioNTech",https://opendata.swiss/en/dataset/covid-19-schweiz?detGeo=CH,950431,589016,320745
Switzerland,2021-03-06,"Moderna, Pfizer/BioNTech",https://opendata.swiss/en/dataset/covid-19-schweiz?detGeo=CH,956731,592304,323551
Switzerland,2021-03-07,"Moderna, Pfizer/BioNTech",https://opendata.swiss/en/dataset/covid-19-schweiz?detGeo=CH,958687,593322,324478
Switzerland,2021-03-08,"Moderna, Pfizer/BioNTech",https://opendata.swiss/en/dataset/covid-19-schweiz?detGeo=CH,982132,606162,334746
Switzerland,2021-03-09,"Moderna, Pfizer/BioNTech",https://opendata.swiss/en/dataset/covid-19-schweiz?detGeo=CH,1012617,623234,347611
Switzerland,2021-03-10,"Moderna, Pfizer/BioNTech",https://opendata.swiss/en/dataset/covid-19-schweiz?detGeo=CH,1042839,641770,358698
Switzerland,2021-03-11,"Moderna, Pfizer/BioNTech",https://opendata.swiss/en/dataset/covid-19-schweiz?detGeo=CH,1075032,660422,371238
Switzerland,2021-03-12,"Moderna, Pfizer/BioNTech",https://opendata.swiss/en/dataset/covid-19-schweiz?detGeo=CH,1102499,676064,382439
Switzerland,2021-03-13,"Moderna, Pfizer/BioNTech",https://opendata.swiss/en/dataset/covid-19-schweiz?detGeo=CH,1108517,679829,384668
Switzerland,2021-03-14,"Moderna, Pfizer/BioNTech",https://opendata.swiss/en/dataset/covid-19-schweiz?detGeo=CH,1109965,680813,385128
Switzerland,2021-03-15,"Moderna, Pfizer/BioNTech",https://opendata.swiss/en/dataset/covid-19-schweiz?detGeo=CH,1131042,691500,395176
Switzerland,2021-03-16,"Moderna, Pfizer/BioNTech",https://opendata.swiss/en/dataset/covid-19-schweiz?detGeo=CH,1159935,706256,408702
Switzerland,2021-03-17,"Moderna, Pfizer/BioNTech",https://opendata.swiss/en/dataset/covid-19-schweiz?detGeo=CH,1191586,721640,424284
Switzerland,2021-03-18,"Moderna, Pfizer/BioNTech",https://opendata.swiss/en/dataset/covid-19-schweiz?detGeo=CH,1224923,738343,439847
Switzerland,2021-03-19,"Moderna, Pfizer/BioNTech",https://opendata.swiss/en/dataset/covid-19-schweiz?detGeo=CH,1252872,752885,452032
Switzerland,2021-03-20,"Moderna, Pfizer/BioNTech",https://opendata.swiss/en/dataset/covid-19-schweiz?detGeo=CH,1259035,756229,454839
Switzerland,2021-03-21,"Moderna, Pfizer/BioNTech",https://opendata.swiss/en/dataset/covid-19-schweiz?detGeo=CH,1260385,757188,455226
Switzerland,2021-03-22,"Moderna, Pfizer/BioNTech",https://opendata.swiss/en/dataset/covid-19-schweiz?detGeo=CH,1285233,770666,466047
Switzerland,2021-03-23,"Moderna, Pfizer/BioNTech",https://opendata.swiss/en/dataset/covid-19-schweiz?detGeo=CH,1317659,788859,479332
Switzerland,2021-03-24,"Moderna, Pfizer/BioNTech",https://opendata.swiss/en/dataset/covid-19-schweiz?detGeo=CH,1352835,809431,492287
Switzerland,2021-03-25,"Moderna, Pfizer/BioNTech",https://opendata.swiss/en/dataset/covid-19-schweiz?detGeo=CH,1391773,834218,505197
Switzerland,2021-03-26,"Moderna, Pfizer/BioNTech",https://opendata.swiss/en/dataset/covid-19-schweiz?detGeo=CH,1427879,857304,517134
Switzerland,2021-03-27,"Moderna, Pfizer/BioNTech",https://opendata.swiss/en/dataset/covid-19-schweiz?detGeo=CH,1437936,864831,519625
Switzerland,2021-03-28,"Moderna, Pfizer/BioNTech",https://opendata.swiss/en/dataset/covid-19-schweiz?detGeo=CH,1441527,867697,520326
Switzerland,2021-03-29,"Moderna, Pfizer/BioNTech",https://opendata.swiss/en/dataset/covid-19-schweiz?detGeo=CH,1474721,888320,532247
Switzerland,2021-03-30,"Moderna, Pfizer/BioNTech",https://opendata.swiss/en/dataset/covid-19-schweiz?detGeo=CH,1516195,915947,545047
Switzerland,2021-03-31,"Moderna, Pfizer/BioNTech",https://opendata.swiss/en/dataset/covid-19-schweiz?detGeo=CH,1554996,939405,559322
Switzerland,2021-04-01,"Moderna, Pfizer/BioNTech",https://opendata.swiss/en/dataset/covid-19-schweiz?detGeo=CH,1596609,962966,576063
Switzerland,2021-04-02,"Moderna, Pfizer/BioNTech",https://opendata.swiss/en/dataset/covid-19-schweiz?detGeo=CH,1607035,969036,580334
Switzerland,2021-04-03,"Moderna, Pfizer/BioNTech",https://opendata.swiss/en/dataset/covid-19-schweiz?detGeo=CH,1613494,972919,582822
Switzerland,2021-04-04,"Moderna, Pfizer/BioNTech",https://opendata.swiss/en/dataset/covid-19-schweiz?detGeo=CH,1615228,973988,583484
Switzerland,2021-04-05,"Moderna, Pfizer/BioNTech",https://opendata.swiss/en/dataset/covid-19-schweiz?detGeo=CH,1621119,977700,585635
Switzerland,2021-04-06,"Moderna, Pfizer/BioNTech",https://opendata.swiss/en/dataset/covid-19-schweiz?detGeo=CH,1659443,996267,604686
Switzerland,2021-04-07,"Moderna, Pfizer/BioNTech",https://opendata.swiss/en/dataset/covid-19-schweiz?detGeo=CH,1705987,1022417,624374
Switzerland,2021-04-08,"Moderna, Pfizer/BioNTech",https://opendata.swiss/en/dataset/covid-19-schweiz?detGeo=CH,1758234,1052734,645222
Switzerland,2021-04-09,"Moderna, Pfizer/BioNTech",https://opendata.swiss/en/dataset/covid-19-schweiz?detGeo=CH,1806026,1082500,662468
Switzerland,2021-04-10,"Moderna, Pfizer/BioNTech",https://opendata.swiss/en/dataset/covid-19-schweiz?detGeo=CH,1820631,1092884,666502
Switzerland,2021-04-11,"Moderna, Pfizer/BioNTech",https://opendata.swiss/en/dataset/covid-19-schweiz?detGeo=CH,1824755,1095735,667765
Switzerland,2021-04-12,"Moderna, Pfizer/BioNTech",https://opendata.swiss/en/dataset/covid-19-schweiz?detGeo=CH,1869272,1126849,680352
Switzerland,2021-04-13,"Moderna, Pfizer/BioNTech",https://opendata.swiss/en/dataset/covid-19-schweiz?detGeo=CH,1923533,1163798,696406
Switzerland,2021-04-14,"Moderna, Pfizer/BioNTech",https://opendata.swiss/en/dataset/covid-19-schweiz?detGeo=CH,1980683,1203730,712523
Switzerland,2021-04-15,"Moderna, Pfizer/BioNTech",https://opendata.swiss/en/dataset/covid-19-schweiz?detGeo=CH,2039100,1244598,728805
Switzerland,2021-04-16,"Moderna, Pfizer/BioNTech",https://opendata.swiss/en/dataset/covid-19-schweiz?detGeo=CH,2093878,1282980,744309
Switzerland,2021-04-17,"Moderna, Pfizer/BioNTech",https://opendata.swiss/en/dataset/covid-19-schweiz?detGeo=CH,2111919,1297450,747804
Switzerland,2021-04-18,"Moderna, Pfizer/BioNTech",https://opendata.swiss/en/dataset/covid-19-schweiz?detGeo=CH,2118313,1302950,748680
Switzerland,2021-04-19,"Moderna, Pfizer/BioNTech",https://opendata.swiss/en/dataset/covid-19-schweiz?detGeo=CH,2170109,1339043,763253
Switzerland,2021-04-20,"Moderna, Pfizer/BioNTech",https://opendata.swiss/en/dataset/covid-19-schweiz?detGeo=CH,2234255,1382993,782198
Switzerland,2021-04-21,"Moderna, Pfizer/BioNTech",https://opendata.swiss/en/dataset/covid-19-schweiz?detGeo=CH,2302055,1429867,801894
Switzerland,2021-04-22,"Moderna, Pfizer/BioNTech",https://opendata.swiss/en/dataset/covid-19-schweiz?detGeo=CH,2376831,1480569,824540
Switzerland,2021-04-23,"Moderna, Pfizer/BioNTech",https://opendata.swiss/en/dataset/covid-19-schweiz?detGeo=CH,2443466,1526638,843800
Switzerland,2021-04-24,"Moderna, Pfizer/BioNTech",https://opendata.swiss/en/dataset/covid-19-schweiz?detGeo=CH,2470778,1547705,849659
Switzerland,2021-04-25,"Moderna, Pfizer/BioNTech",https://opendata.swiss/en/dataset/covid-19-schweiz?detGeo=CH,2482837,1557091,852213
Switzerland,2021-04-26,"Moderna, Pfizer/BioNTech",https://opendata.swiss/en/dataset/covid-19-schweiz?detGeo=CH,2540014,1594961,870464
Switzerland,2021-04-27,"Moderna, Pfizer/BioNTech",https://opendata.swiss/en/dataset/covid-19-schweiz?detGeo=CH,2614678,1644795,893930
Switzerland,2021-04-28,"Moderna, Pfizer/BioNTech",https://opendata.swiss/en/dataset/covid-19-schweiz?detGeo=CH,2688517,1696972,914179
Switzerland,2021-04-29,"Moderna, Pfizer/BioNTech",https://opendata.swiss/en/dataset/covid-19-schweiz?detGeo=CH,2761816,1746873,935958
Switzerland,2021-04-30,"Moderna, Pfizer/BioNTech",https://opendata.swiss/en/dataset/covid-19-schweiz?detGeo=CH,2826376,1799438,946851
Switzerland,2021-05-01,"Moderna, Pfizer/BioNTech",https://opendata.swiss/en/dataset/covid-19-schweiz?detGeo=CH,2856520,1825821,950114
Switzerland,2021-05-02,"Moderna, Pfizer/BioNTech",https://opendata.swiss/en/dataset/covid-19-schweiz?detGeo=CH,2869145,1837632,950754
Switzerland,2021-05-03,"Moderna, Pfizer/BioNTech",https://opendata.swiss/en/dataset/covid-19-schweiz?detGeo=CH,2930109,1889239,959194
Switzerland,2021-05-04,"Moderna, Pfizer/BioNTech",https://opendata.swiss/en/dataset/covid-19-schweiz?detGeo=CH,3006423,1944538,978830
Switzerland,2021-05-05,"Moderna, Pfizer/BioNTech",https://opendata.swiss/en/dataset/covid-19-schweiz?detGeo=CH,3085444,1997354,1003409
Switzerland,2021-05-06,"Moderna, Pfizer/BioNTech",https://opendata.swiss/en/dataset/covid-19-schweiz?detGeo=CH,3176278,2056996,1032755
Switzerland,2021-05-07,"Moderna, Pfizer/BioNTech",https://opendata.swiss/en/dataset/covid-19-schweiz?detGeo=CH,3262412,2113117,1061332
Switzerland,2021-05-08,"Moderna, Pfizer/BioNTech",https://opendata.swiss/en/dataset/covid-19-schweiz?detGeo=CH,3302941,2143277,1071077
Switzerland,2021-05-09,"Moderna, Pfizer/BioNTech",https://opendata.swiss/en/dataset/covid-19-schweiz?detGeo=CH,3319042,2156267,1074021
Switzerland,2021-05-10,"Moderna, Pfizer/BioNTech",https://opendata.swiss/en/dataset/covid-19-schweiz?detGeo=CH,3400295,2203637,1106339
Switzerland,2021-05-11,"Moderna, Pfizer/BioNTech",https://opendata.swiss/en/dataset/covid-19-schweiz?detGeo=CH,3496742,2259719,1144929
Switzerland,2021-05-12,"Moderna, Pfizer/BioNTech",https://opendata.swiss/en/dataset/covid-19-schweiz?detGeo=CH,3595120,2315517,1185920
Switzerland,2021-05-13,"Moderna, Pfizer/BioNTech",https://opendata.swiss/en/dataset/covid-19-schweiz?detGeo=CH,3641128,2346276,1200707
Switzerland,2021-05-14,"Moderna, Pfizer/BioNTech",https://opendata.swiss/en/dataset/covid-19-schweiz?detGeo=CH,3723110,2392122,1235608
Switzerland,2021-05-15,"Moderna, Pfizer/BioNTech",https://opendata.swiss/en/dataset/covid-19-schweiz?detGeo=CH,3767304,2423739,1247784
Switzerland,2021-05-16,"Moderna, Pfizer/BioNTech",https://opendata.swiss/en/dataset/covid-19-schweiz?detGeo=CH,3786333,2438851,1251601
Switzerland,2021-05-17,"Moderna, Pfizer/BioNTech",https://opendata.swiss/en/dataset/covid-19-schweiz?detGeo=CH,3871100,2482220,1291314
Switzerland,2021-05-18,"Moderna, Pfizer/BioNTech",https://opendata.swiss/en/dataset/covid-19-schweiz?detGeo=CH,3971911,2535670,1337046
Switzerland,2021-05-19,"Moderna, Pfizer/BioNTech",https://opendata.swiss/en/dataset/covid-19-schweiz?detGeo=CH,4074792,2592751,1381203
Switzerland,2021-05-20,"Moderna, Pfizer/BioNTech",https://opendata.swiss/en/dataset/covid-19-schweiz?detGeo=CH,4184889,2651503,1430675
Switzerland,2021-05-21,"Moderna, Pfizer/BioNTech",https://opendata.swiss/en/dataset/covid-19-schweiz?detGeo=CH,4287271,2708455,1474441
Switzerland,2021-05-22,"Moderna, Pfizer/BioNTech",https://opendata.swiss/en/dataset/covid-19-schweiz?detGeo=CH,4334961,2739854,1490188
Switzerland,2021-05-23,"Moderna, Pfizer/BioNTech",https://opendata.swiss/en/dataset/covid-19-schweiz?detGeo=CH,4353687,2752936,1495738
Switzerland,2021-05-24,"Moderna, Pfizer/BioNTech",https://opendata.swiss/en/dataset/covid-19-schweiz?detGeo=CH,4404260,2784347,1514303
Switzerland,2021-05-25,"Moderna, Pfizer/BioNTech",https://opendata.swiss/en/dataset/covid-19-schweiz?detGeo=CH,4506331,2834742,1564477
Switzerland,2021-05-26,"Moderna, Pfizer/BioNTech",https://opendata.swiss/en/dataset/covid-19-schweiz?detGeo=CH,4613759,2889713,1615417
Switzerland,2021-05-27,"Moderna, Pfizer/BioNTech",https://opendata.swiss/en/dataset/covid-19-schweiz?detGeo=CH,4722420,2947088,1664900
Switzerland,2021-05-28,"Moderna, Pfizer/BioNTech",https://opendata.swiss/en/dataset/covid-19-schweiz?detGeo=CH,4828001,2999984,1716073
Switzerland,2021-05-29,"Moderna, Pfizer/BioNTech",https://opendata.swiss/en/dataset/covid-19-schweiz?detGeo=CH,4882575,3028783,1741106
Switzerland,2021-05-30,"Moderna, Pfizer/BioNTech",https://opendata.swiss/en/dataset/covid-19-schweiz?detGeo=CH,4907231,3042859,1751470
Switzerland,2021-05-31,"Moderna, Pfizer/BioNTech",https://opendata.swiss/en/dataset/covid-19-schweiz?detGeo=CH,5000703,3087906,1798583
Switzerland,2021-06-01,"Moderna, Pfizer/BioNTech",https://opendata.swiss/en/dataset/covid-19-schweiz?detGeo=CH,5109519,3143798,1850000
Switzerland,2021-06-02,"Moderna, Pfizer/BioNTech",https://opendata.swiss/en/dataset/covid-19-schweiz?detGeo=CH,5222265,3203297,1901548
Switzerland,2021-06-03,"Moderna, Pfizer/BioNTech",https://opendata.swiss/en/dataset/covid-19-schweiz?detGeo=CH,5325976,3259159,1947767
Switzerland,2021-06-04,"Moderna, Pfizer/BioNTech",https://opendata.swiss/en/dataset/covid-19-schweiz?detGeo=CH,5437472,3315919,2001090
Switzerland,2021-06-05,"Moderna, Pfizer/BioNTech",https://opendata.swiss/en/dataset/covid-19-schweiz?detGeo=CH,5511157,3360647,2029138
Switzerland,2021-06-06,"Moderna, Pfizer/BioNTech",https://opendata.swiss/en/dataset/covid-19-schweiz?detGeo=CH,5538863,3376648,2040629
Switzerland,2021-06-07,"Moderna, Pfizer/BioNTech",https://opendata.swiss/en/dataset/covid-19-schweiz?detGeo=CH,5641049,3430161,2087712
Switzerland,2021-06-08,"Moderna, Pfizer/BioNTech",https://opendata.swiss/en/dataset/covid-19-schweiz?detGeo=CH,5753487,3487186,2141605
Switzerland,2021-06-09,"Moderna, Pfizer/BioNTech",https://opendata.swiss/en/dataset/covid-19-schweiz?detGeo=CH,5866646,3547385,2193189
Switzerland,2021-06-10,"Moderna, Pfizer/BioNTech",https://opendata.swiss/en/dataset/covid-19-schweiz?detGeo=CH,5972691,3611026,2234311
Switzerland,2021-06-11,"Moderna, Pfizer/BioNTech",https://opendata.swiss/en/dataset/covid-19-schweiz?detGeo=CH,6081375,3672305,2280240
Switzerland,2021-06-12,"Moderna, Pfizer/BioNTech",https://opendata.swiss/en/dataset/covid-19-schweiz?detGeo=CH,6152634,3714912,2308208
Switzerland,2021-06-13,"Moderna, Pfizer/BioNTech",https://opendata.swiss/en/dataset/covid-19-schweiz?detGeo=CH,6179435,3726997,2322768
Switzerland,2021-06-14,"Moderna, Pfizer/BioNTech",https://opendata.swiss/en/dataset/covid-19-schweiz?detGeo=CH,6277672,3782280,2364443
Switzerland,2021-06-15,"Moderna, Pfizer/BioNTech",https://opendata.swiss/en/dataset/covid-19-schweiz?detGeo=CH,6382330,3836369,2413814
Switzerland,2021-06-16,"Moderna, Pfizer/BioNTech",https://opendata.swiss/en/dataset/covid-19-schweiz?detGeo=CH,6485982,3887716,2465110
Switzerland,2021-06-17,"Moderna, Pfizer/BioNTech",https://opendata.swiss/en/dataset/covid-19-schweiz?detGeo=CH,6592873,3939080,2519332
Switzerland,2021-06-18,"Moderna, Pfizer/BioNTech",https://opendata.swiss/en/dataset/covid-19-schweiz?detGeo=CH,6695804,3987295,2572834
Switzerland,2021-06-19,"Moderna, Pfizer/BioNTech",https://opendata.swiss/en/dataset/covid-19-schweiz?detGeo=CH,6759063,4022079,2600637
Switzerland,2021-06-20,"Moderna, Pfizer/BioNTech",https://opendata.swiss/en/dataset/covid-19-schweiz?detGeo=CH,6779886,4031901,2611542
Switzerland,2021-06-21,"Moderna, Pfizer/BioNTech",https://opendata.swiss/en/dataset/covid-19-schweiz?detGeo=CH,6868168,4078640,2651862
Switzerland,2021-06-22,"Moderna, Pfizer/BioNTech",https://opendata.swiss/en/dataset/covid-19-schweiz?detGeo=CH,6960677,4120548,2701383
Switzerland,2021-06-23,"Moderna, Pfizer/BioNTech",https://opendata.swiss/en/dataset/covid-19-schweiz?detGeo=CH,7050719,4159284,2751710
Switzerland,2021-06-24,"Moderna, Pfizer/BioNTech",https://opendata.swiss/en/dataset/covid-19-schweiz?detGeo=CH,7139312,4194607,2804121
Switzerland,2021-06-25,"Moderna, Pfizer/BioNTech",https://opendata.swiss/en/dataset/covid-19-schweiz?detGeo=CH,7226877,4230816,2854330
Switzerland,2021-06-26,"Moderna, Pfizer/BioNTech",https://opendata.swiss/en/dataset/covid-19-schweiz?detGeo=CH,7277686,4255503,2880050
Switzerland,2021-06-27,"Moderna, Pfizer/BioNTech",https://opendata.swiss/en/dataset/covid-19-schweiz?detGeo=CH,7295996,4260620,2893168
Switzerland,2021-06-28,"Moderna, Pfizer/BioNTech",https://opendata.swiss/en/dataset/covid-19-schweiz?detGeo=CH,7370861,4286295,2941375
Switzerland,2021-06-29,"Moderna, Pfizer/BioNTech",https://opendata.swiss/en/dataset/covid-19-schweiz?detGeo=CH,7450251,4310937,2995215
Switzerland,2021-06-30,"Moderna, Pfizer/BioNTech",https://opendata.swiss/en/dataset/covid-19-schweiz?detGeo=CH,7533309,4333790,3054409
Switzerland,2021-07-01,"Moderna, Pfizer/BioNTech",https://opendata.swiss/en/dataset/covid-19-schweiz?detGeo=CH,7606029,4353450,3106480
Switzerland,2021-07-02,"Moderna, Pfizer/BioNTech",https://opendata.swiss/en/dataset/covid-19-schweiz?detGeo=CH,7680074,4373318,3159707
Switzerland,2021-07-03,"Moderna, Pfizer/BioNTech",https://opendata.swiss/en/dataset/covid-19-schweiz?detGeo=CH,7727359,4383402,3196540
Switzerland,2021-07-04,"Moderna, Pfizer/BioNTech",https://opendata.swiss/en/dataset/covid-19-schweiz?detGeo=CH,7742305,4386083,3208721
Switzerland,2021-07-05,"Moderna, Pfizer/BioNTech",https://opendata.swiss/en/dataset/covid-19-schweiz?detGeo=CH,7813850,4401581,3263809
Switzerland,2021-07-06,"Moderna, Pfizer/BioNTech",https://opendata.swiss/en/dataset/covid-19-schweiz?detGeo=CH,7886962,4419778,3317855
Switzerland,2021-07-07,"Moderna, Pfizer/BioNTech",https://opendata.swiss/en/dataset/covid-19-schweiz?detGeo=CH,7957228,4435766,3371364
Switzerland,2021-07-08,"Moderna, Pfizer/BioNTech",https://opendata.swiss/en/dataset/covid-19-schweiz?detGeo=CH,8028663,4449228,3428413
Switzerland,2021-07-09,"Moderna, Pfizer/BioNTech",https://opendata.swiss/en/dataset/covid-19-schweiz?detGeo=CH,8099269,4463110,3484338
Switzerland,2021-07-10,"Moderna, Pfizer/BioNTech",https://opendata.swiss/en/dataset/covid-19-schweiz?detGeo=CH,8141341,4469392,3519752
Switzerland,2021-07-11,"Moderna, Pfizer/BioNTech",https://opendata.swiss/en/dataset/covid-19-schweiz?detGeo=CH,8153031,4470712,3530021
Switzerland,2021-07-12,"Moderna, Pfizer/BioNTech",https://opendata.swiss/en/dataset/covid-19-schweiz?detGeo=CH,8222506,4483214,3586166
Switzerland,2021-07-13,"Moderna, Pfizer/BioNTech",https://opendata.swiss/en/dataset/covid-19-schweiz?detGeo=CH,8291326,4496482,3640759
Switzerland,2021-07-14,"Moderna, Pfizer/BioNTech",https://opendata.swiss/en/dataset/covid-19-schweiz?detGeo=CH,8353264,4510257,3688227
Switzerland,2021-07-15,"Moderna, Pfizer/BioNTech",https://opendata.swiss/en/dataset/covid-19-schweiz?detGeo=CH,8414284,4523098,3735543
Switzerland,2021-07-16,"Moderna, Pfizer/BioNTech",https://opendata.swiss/en/dataset/covid-19-schweiz?detGeo=CH,8474831,4536747,3781505
Switzerland,2021-07-17,"Moderna, Pfizer/BioNTech",https://opendata.swiss/en/dataset/covid-19-schweiz?detGeo=CH,8508019,4542354,3808518
Switzerland,2021-07-18,"Moderna, Pfizer/BioNTech",https://opendata.swiss/en/dataset/covid-19-schweiz?detGeo=CH,8515881,4543107,3815569
Switzerland,2021-07-19,"Moderna, Pfizer/BioNTech",https://opendata.swiss/en/dataset/covid-19-schweiz?detGeo=CH,8579931,4554946,3866880
Switzerland,2021-07-20,"Moderna, Pfizer/BioNTech",https://opendata.swiss/en/dataset/covid-19-schweiz?detGeo=CH,8635374,4567492,3908941
Switzerland,2021-07-21,"Moderna, Pfizer/BioNTech",https://opendata.swiss/en/dataset/covid-19-schweiz?detGeo=CH,8684915,4580615,3944544
Switzerland,2021-07-22,"Moderna, Pfizer/BioNTech",https://opendata.swiss/en/dataset/covid-19-schweiz?detGeo=CH,8729844,4592019,3977415
Switzerland,2021-07-23,"Moderna, Pfizer/BioNTech",https://opendata.swiss/en/dataset/covid-19-schweiz?detGeo=CH,8778282,4605383,4011618
Switzerland,2021-07-24,"Moderna, Pfizer/BioNTech",https://opendata.swiss/en/dataset/covid-19-schweiz?detGeo=CH,8803895,4610818,4031410
Switzerland,2021-07-25,"Moderna, Pfizer/BioNTech",https://opendata.swiss/en/dataset/covid-19-schweiz?detGeo=CH,8808787,4611590,4035481
Switzerland,2021-07-26,"Moderna, Pfizer/BioNTech",https://opendata.swiss/en/dataset/covid-19-schweiz?detGeo=CH,8851731,4624977,4064451
Switzerland,2021-07-27,"Moderna, Pfizer/BioNTech",https://opendata.swiss/en/dataset/covid-19-schweiz?detGeo=CH,8887367,4636257,4088130
Switzerland,2021-07-28,"Moderna, Pfizer/BioNTech",https://opendata.swiss/en/dataset/covid-19-schweiz?detGeo=CH,8919266,4648034,4107640
Switzerland,2021-07-29,"Moderna, Pfizer/BioNTech",https://opendata.swiss/en/dataset/covid-19-schweiz?detGeo=CH,8950118,4659063,4126893
Switzerland,2021-07-30,"Moderna, Pfizer/BioNTech",https://opendata.swiss/en/dataset/covid-19-schweiz?detGeo=CH,8982057,4671468,4145828
Switzerland,2021-07-31,"Moderna, Pfizer/BioNTech",https://opendata.swiss/en/dataset/covid-19-schweiz?detGeo=CH,8993460,4675877,4152582
Switzerland,2021-08-01,"Moderna, Pfizer/BioNTech",https://opendata.swiss/en/dataset/covid-19-schweiz?detGeo=CH,8994933,4676202,4153720
Switzerland,2021-08-02,"Moderna, Pfizer/BioNTech",https://opendata.swiss/en/dataset/covid-19-schweiz?detGeo=CH,9016634,4683812,4167427
Switzerland,2021-08-03,"Moderna, Pfizer/BioNTech",https://opendata.swiss/en/dataset/covid-19-schweiz?detGeo=CH,9043238,4692669,4184631
Switzerland,2021-08-04,"Moderna, Pfizer/BioNTech",https://opendata.swiss/en/dataset/covid-19-schweiz?detGeo=CH,9067138,4702980,4197793
Switzerland,2021-08-05,"Moderna, Pfizer/BioNTech",https://opendata.swiss/en/dataset/covid-19-schweiz?detGeo=CH,9092159,4713061,4212307
Switzerland,2021-08-06,"Moderna, Pfizer/BioNTech",https://opendata.swiss/en/dataset/covid-19-schweiz?detGeo=CH,9120116,4724386,4228333
Switzerland,2021-08-07,"Moderna, Pfizer/BioNTech",https://opendata.swiss/en/dataset/covid-19-schweiz?detGeo=CH,9129316,4728511,4233235
Switzerland,2021-08-08,"Moderna, Pfizer/BioNTech",https://opendata.swiss/en/dataset/covid-19-schweiz?detGeo=CH,9130141,4728747,4233819
Switzerland,2021-08-09,"Moderna, Pfizer/BioNTech",https://opendata.swiss/en/dataset/covid-19-schweiz?detGeo=CH,9151793,4737815,4246048
Switzerland,2021-08-10,"Moderna, Pfizer/BioNTech",https://opendata.swiss/en/dataset/covid-19-schweiz?detGeo=CH,9174088,4747546,4258163
Switzerland,2021-08-11,"Moderna, Pfizer/BioNTech",https://opendata.swiss/en/dataset/covid-19-schweiz?detGeo=CH,9197735,4757970,4270694
Switzerland,2021-08-12,"Moderna, Pfizer/BioNTech",https://opendata.swiss/en/dataset/covid-19-schweiz?detGeo=CH,9223418,4770286,4283519
Switzerland,2021-08-13,"Moderna, Pfizer/BioNTech",https://opendata.swiss/en/dataset/covid-19-schweiz?detGeo=CH,9250870,4783182,4297449
Switzerland,2021-08-14,"Moderna, Pfizer/BioNTech",https://opendata.swiss/en/dataset/covid-19-schweiz?detGeo=CH,9261144,4788712,4301830
Switzerland,2021-08-15,"Moderna, Pfizer/BioNTech",https://opendata.swiss/en/dataset/covid-19-schweiz?detGeo=CH,9261714,4789012,4302095
Switzerland,2021-08-16,"Moderna, Pfizer/BioNTech",https://opendata.swiss/en/dataset/covid-19-schweiz?detGeo=CH,9283111,4798419,4313699
Switzerland,2021-08-17,"Moderna, Pfizer/BioNTech",https://opendata.swiss/en/dataset/covid-19-schweiz?detGeo=CH,9306216,4809194,4325504
Switzerland,2021-08-18,"Moderna, Pfizer/BioNTech",https://opendata.swiss/en/dataset/covid-19-schweiz?detGeo=CH,9332522,4821558,4338670
Switzerland,2021-08-19,"Moderna, Pfizer/BioNTech",https://opendata.swiss/en/dataset/covid-19-schweiz?detGeo=CH,9357531,4834835,4349871
